module,doctype,fieldname,label,fieldtype,pg_type,options,reqd,unique,index,read_only,default,fetch_from
Accounts,Account,account_name,Account Name,Data,varchar(140),,1,0,0,0,,
Accounts,Account,account_number,Account Number,Data,varchar(140),,0,0,0,0,,
Accounts,Account,is_group,Is Group,Check,smallint,,0,0,0,0,0,
Accounts,Account,company,Company,Link,varchar(140),Company,1,0,0,0,,parent_account.company
Accounts,Account,root_type,Root Type,Select,varchar(140),Asset|Liability|Income|Expense|Equity,0,0,0,1,,
Accounts,Account,report_type,Report Type,Select,varchar(140),Balance Sheet|Profit and Loss,0,0,0,1,,
Accounts,Account,account_currency,Currency,Link,varchar(140),Currency,0,0,0,0,,
Accounts,Account,parent_account,Parent Account,Link,varchar(140),Account,1,0,1,0,,
Accounts,Account,account_type,Account Type,Select,varchar(140),Accumulated Depreciation|Asset Received But Not Billed|Bank|Cash|Chargeable|Capital Work in Progress|Cost of Goods Sold|Current Asset|Current Liability|Depreciation|Direct Expense|Direct Income|Equity|Expense Account|Expenses Included In Asset Valuation|Expenses Included In Valuation|Fixed Asset|Income Account|Indirect Expense|Indirect Income|Liability|Payable|Receivable|Round Off|Round Off for Opening|Stock|Stock Adjustment|Stock Received But Not Billed|Stock Delivered But Not Billed|Service Received But Not Billed|Tax|Temporary,0,0,1,0,,
Accounts,Account,tax_rate,Tax Rate,Float,"numeric(21,9)",,0,0,0,0,,
Accounts,Account,freeze_account,Frozen,Select,varchar(140),No|Yes,0,0,0,0,,
Accounts,Account,balance_must_be,Balance must be,Select,varchar(140),Debit|Credit,0,0,0,0,,
Accounts,Account,lft,Lft,Int,integer,,0,0,1,1,,
Accounts,Account,rgt,Rgt,Int,integer,,0,0,1,1,,
Accounts,Account,old_parent,Old Parent,Data,varchar(140),,0,0,0,1,,
Accounts,Account,include_in_gross,Include in gross,Check,smallint,,0,0,0,0,0,
Accounts,Account,disabled,Disable,Check,smallint,,0,0,0,0,0,
Accounts,Account,account_category,Account Category,Link,varchar(140),Account Category,0,0,0,0,,
Accounts,Account Category,account_category_name,Account Category Name,Data,varchar(140),,1,1,0,0,,
Accounts,Account Category,description,Description,Small Text,text,,0,0,0,0,,
Accounts,Account Category,root_type,Root Type,Select,varchar(140),Asset|Liability|Income|Expense|Equity,0,0,0,0,,
Accounts,Account Closing Balance,closing_date,Closing Date,Date,date,,0,0,1,0,,
Accounts,Account Closing Balance,account,Account,Link,varchar(140),Account,0,0,1,0,,
Accounts,Account Closing Balance,cost_center,Cost Center,Link,varchar(140),Cost Center,0,0,0,0,,
Accounts,Account Closing Balance,debit,Debit Amount,Currency,"numeric(21,9)",Company:company:default_currency,0,0,0,0,,
Accounts,Account Closing Balance,credit,Credit Amount,Currency,"numeric(21,9)",Company:company:default_currency,0,0,0,0,,
Accounts,Account Closing Balance,account_currency,Account Currency,Link,varchar(140),Currency,0,0,0,0,,
Accounts,Account Closing Balance,debit_in_account_currency,Debit Amount in Account Currency,Currency,"numeric(21,9)",account_currency,0,0,0,0,,
Accounts,Account Closing Balance,credit_in_account_currency,Credit Amount in Account Currency,Currency,"numeric(21,9)",account_currency,0,0,0,0,,
Accounts,Account Closing Balance,project,Project,Link,varchar(140),Project,0,0,0,0,,
Accounts,Account Closing Balance,company,Company,Link,varchar(140),Company,0,0,1,0,,
Accounts,Account Closing Balance,finance_book,Finance Book,Link,varchar(140),Finance Book,0,0,0,0,,
Accounts,Account Closing Balance,period_closing_voucher,Period Closing Voucher,Link,varchar(140),Period Closing Voucher,0,0,1,0,,
Accounts,Account Closing Balance,is_period_closing_voucher_entry,Is Period Closing Voucher Entry,Check,smallint,,0,0,0,0,0,
Accounts,Account Closing Balance,debit_in_reporting_currency,Debit Amount in Reporting Currency,Currency,"numeric(21,9)",Company:company:reporting_currency,0,0,0,0,,
Accounts,Account Closing Balance,credit_in_reporting_currency,Credit Amount in Reporting Currency,Currency,"numeric(21,9)",Company:company:reporting_currency,0,0,0,0,,
Accounts,Account Closing Balance,reporting_currency_exchange_rate,Reporting Currency Exchange Rate,Float,"numeric(21,9)",,0,0,0,0,,
Accounts,Accounting Dimension,label,Dimension Name,Data,varchar(140),,0,1,0,0,,
Accounts,Accounting Dimension,fieldname,Fieldname,Data,varchar(140),,0,0,0,0,,
Accounts,Accounting Dimension,document_type,Reference Document Type,Link,varchar(140),DocType,1,0,1,0,,
Accounts,Accounting Dimension,disabled,Disable,Check,smallint,,0,0,0,1,0,
Accounts,Accounting Dimension Detail,company,Company,Link,varchar(140),Company,0,0,0,0,,
Accounts,Accounting Dimension Detail,reference_document,Reference Document,Link,varchar(140),DocType,0,0,0,1,,
Accounts,Accounting Dimension Detail,default_dimension,Default Dimension,Dynamic Link,varchar(140),reference_document,0,0,0,0,,
Accounts,Accounting Dimension Detail,mandatory_for_bs,Mandatory For Balance Sheet,Check,smallint,,0,0,0,0,0,
Accounts,Accounting Dimension Detail,mandatory_for_pl,Mandatory For Profit and Loss Account,Check,smallint,,0,0,0,0,0,
Accounts,Accounting Dimension Detail,automatically_post_balancing_accounting_entry,Automatically post balancing accounting entry,Check,smallint,,0,0,0,0,0,
Accounts,Accounting Dimension Detail,offsetting_account,Offsetting Account,Link,varchar(140),Account,0,0,0,0,,
Accounts,Accounting Dimension Filter,accounting_dimension,Accounting Dimension,Select,varchar(140),,1,0,0,0,,
Accounts,Accounting Dimension Filter,allow_or_restrict,Allow Or Restrict Dimension,Select,varchar(140),Allow|Restrict,1,0,0,0,,
Accounts,Accounting Dimension Filter,disabled,Disabled,Check,smallint,,0,0,0,0,0,
Accounts,Accounting Dimension Filter,company,Company,Link,varchar(140),Company,1,0,0,0,,
Accounts,Accounting Dimension Filter,apply_restriction_on_values,Apply restriction on dimension values,Check,smallint,,0,0,0,0,1,
Accounts,Accounting Dimension Filter,fieldname,Fieldname,Data,varchar(140),,0,0,0,0,,
Accounts,Accounting Period,period_name,Period Name,Data,varchar(140),,1,1,0,0,,
Accounts,Accounting Period,start_date,Start Date,Date,date,,1,0,0,0,,
Accounts,Accounting Period,end_date,End Date,Date,date,,1,0,0,0,,
Accounts,Accounting Period,company,Company,Link,varchar(140),Company,1,0,0,0,,
Accounts,Accounting Period,disabled,Disabled,Check,smallint,,0,0,0,0,0,
Accounts,Accounting Period,exempted_role,Exempted Role,Link,varchar(140),Role,0,0,0,0,,
Accounts,Accounts Settings,determine_address_tax_category_from,Determine Address Tax Category from,Select,varchar(140),Billing Address|Shipping Address,0,0,0,0,Billing Address,
Accounts,Accounts Settings,credit_controller,Role allowed to bypass credit limit,Link,varchar(140),Role,0,0,0,0,,
Accounts,Accounts Settings,check_supplier_invoice_uniqueness,Check Supplier invoice number uniqueness,Check,smallint,,0,0,0,0,0,
Accounts,Accounts Settings,make_payment_via_journal_entry,Make Payment via Journal Entry,Check,smallint,,0,0,0,0,0,
Accounts,Accounts Settings,unlink_payment_on_cancellation_of_invoice,Unlink Payment on cancellation of invoice,Check,smallint,,0,0,0,0,1,
Accounts,Accounts Settings,unlink_advance_payment_on_cancelation_of_order,Unlink Advance Payment on cancellation of order,Check,smallint,,0,0,0,0,1,
Accounts,Accounts Settings,book_asset_depreciation_entry_automatically,Book Asset Depreciation entry automatically,Check,smallint,,0,0,0,0,1,
Accounts,Accounts Settings,add_taxes_from_item_tax_template,Automatically add Taxes and Charges from Item Tax Template,Check,smallint,,0,0,0,0,1,
Accounts,Accounts Settings,show_inclusive_tax_in_print,Show inclusive tax in print,Check,smallint,,0,0,0,0,0,
Accounts,Accounts Settings,show_payment_schedule_in_print,Show Payment Schedule in print,Check,smallint,,0,0,0,0,0,
Accounts,Accounts Settings,allow_stale,Allow Stale Exchange Rates,Check,smallint,,0,0,0,0,1,
Accounts,Accounts Settings,stale_days,Stale Days,Int,integer,,0,0,0,0,1,
Accounts,Accounts Settings,automatically_fetch_payment_terms,Automatically fetch Payment Terms from Order/Quotation,Check,smallint,,0,0,0,0,0,
Accounts,Accounts Settings,over_billing_allowance,Over Billing Allowance (%),Currency,"numeric(21,9)",,0,0,0,0,,
Accounts,Accounts Settings,automatically_process_deferred_accounting_entry,Automatically process deferred Accounting entry,Check,smallint,,0,0,0,0,1,
Accounts,Accounts Settings,book_deferred_entries_via_journal_entry,Book deferred entries via Journal Entry,Check,smallint,,0,0,0,0,0,
Accounts,Accounts Settings,submit_journal_entries,Submit Journal entries,Check,smallint,,0,0,0,0,0,
Accounts,Accounts Settings,book_deferred_entries_based_on,Book Deferred entries based on,Select,varchar(140),Days|Months,0,0,0,0,Days,
Accounts,Accounts Settings,delete_linked_ledger_entries,Delete Accounting and Stock Ledger entries on deletion of transaction,Check,smallint,,0,0,0,0,0,
Accounts,Accounts Settings,role_allowed_to_over_bill,Role Allowed to over bill ,Link,varchar(140),Role,0,0,0,0,,
Accounts,Accounts Settings,enable_overdue_billing_threshold,Restrict Customer Over Billing,Check,smallint,,0,0,0,0,0,
Accounts,Accounts Settings,role_allowed_to_bypass_overdue_billing,Role Allowed to Bypass Over Billing Restriction,Link,varchar(140),Role,0,0,0,0,,
Accounts,Accounts Settings,enable_common_party_accounting,Enable Common Party Accounting,Check,smallint,,0,0,0,0,0,
Accounts,Accounts Settings,allow_multi_currency_invoices_against_single_party_account,Allow multi-currency invoices against single party account ,Check,smallint,,0,0,0,0,0,
Accounts,Accounts Settings,show_balance_in_coa,Show balances in Chart of Accounts,Check,smallint,,0,0,0,0,1,
Accounts,Accounts Settings,book_tax_discount_loss,Book tax loss on early payment discount,Check,smallint,,0,0,0,0,0,
Accounts,Accounts Settings,merge_similar_account_heads,Merge similar Account Heads,Check,smallint,,0,0,0,0,0,
Accounts,Accounts Settings,auto_reconcile_payments,Auto reconcile Payments,Check,smallint,,0,0,0,0,0,
Accounts,Accounts Settings,show_taxes_as_table_in_print,Show taxes as table in print,Check,smallint,,0,0,0,0,0,
Accounts,Accounts Settings,enable_party_matching,Enable Automatic Party Matching,Check,smallint,,0,0,0,0,0,
Accounts,Accounts Settings,enable_fuzzy_matching,Enable Fuzzy Matching,Check,smallint,,0,0,0,0,0,
Accounts,Accounts Settings,ignore_account_closing_balance,Ignore Account closing balance,Check,smallint,,0,0,0,0,0,
Accounts,Accounts Settings,round_row_wise_tax,Round tax amount row-wise,Check,smallint,,0,0,0,0,0,
Accounts,Accounts Settings,general_ledger_remarks_length,General Ledger remarks length,Int,integer,,0,0,0,0,0,
Accounts,Accounts Settings,receivable_payable_remarks_length,Accounts Receivable / Payable remarks length,Int,integer,,0,0,0,0,0,
Accounts,Accounts Settings,enable_immutable_ledger,Enable Immutable Ledger,Check,smallint,,0,0,0,0,0,
Accounts,Accounts Settings,calculate_depr_using_total_days,Calculate daily depreciation using total days in depreciation period,Check,smallint,,0,0,0,0,0,
Accounts,Accounts Settings,create_pr_in_draft_status,Create payment requests in Draft status,Check,smallint,,0,0,0,0,1,
Accounts,Accounts Settings,auto_reconciliation_job_trigger,Auto Reconciliation job trigger,Int,integer,,0,0,0,0,15,
Accounts,Accounts Settings,reconciliation_queue_size,Reconciliation queue size,Int,integer,,0,0,0,0,5,
Accounts,Accounts Settings,ignore_is_opening_check_for_reporting,Ignore Is Opening check for reporting,Check,smallint,,0,0,0,0,0,
Accounts,Accounts Settings,exchange_gain_loss_posting_date,Posting Date inheritance for exchange gain / loss,Select,varchar(140),Invoice|Payment|Reconciliation Date,0,0,0,0,Payment,
Accounts,Accounts Settings,receivable_payable_fetch_method,Data fetch method,Select,varchar(140),Buffered Cursor|UnBuffered Cursor,0,0,0,0,Buffered Cursor,
Accounts,Accounts Settings,maintain_same_internal_transaction_rate,Maintain same rate throughout internal Transaction,Check,smallint,,0,0,0,0,0,
Accounts,Accounts Settings,maintain_same_rate_action,Action if same rate is not maintained throughout internal transaction,Select,varchar(140),Stop|Warn,0,0,0,0,Stop,
Accounts,Accounts Settings,role_to_override_stop_action,Role allowed to override stop action,Link,varchar(140),Role,0,0,0,0,,
Accounts,Accounts Settings,confirm_before_resetting_posting_date,Confirm before resetting posting date,Check,smallint,,0,0,0,0,1,
Accounts,Accounts Settings,allow_pegged_currencies_exchange_rates,Allow Implicit Pegged Currency Conversion,Check,smallint,,0,0,0,0,0,
Accounts,Accounts Settings,add_taxes_from_taxes_and_charges_template,Automatically add taxes from Taxes and Charges Template,Check,smallint,,0,0,0,0,0,
Accounts,Accounts Settings,fetch_valuation_rate_for_internal_transaction,Fetch valuation rate for internal Transaction,Check,smallint,,0,0,0,0,0,
Accounts,Accounts Settings,use_legacy_budget_controller,Use legacy Budget Controller,Check,smallint,,0,0,0,0,0,
Accounts,Accounts Settings,use_legacy_controller_for_pcv,Use legacy controller for Period Closing Voucher,Check,smallint,,0,0,0,0,1,
Accounts,Accounts Settings,pcv_job_timeout,PCV Job Timeout (seconds),Int,integer,,0,0,0,0,3600,
Accounts,Accounts Settings,role_to_notify_on_depreciation_failure,Role to Notify on Depreciation Failure,Link,varchar(140),Role,0,0,0,0,,
Accounts,Accounts Settings,default_ageing_range,Default Ageing Range,Data,varchar(140),,0,0,0,0,"30, 60, 90, 120",
Accounts,Accounts Settings,enable_discounts_and_margin,Enable Discounts and Margin,Check,smallint,,0,0,0,0,0,
Accounts,Accounts Settings,enable_loyalty_point_program,Enable Loyalty Point Program,Check,smallint,,0,0,0,0,0,
Accounts,Accounts Settings,enable_accounting_dimensions,Enable Accounting Dimensions,Check,smallint,,0,0,0,0,0,
Accounts,Accounts Settings,enable_subscription,Enable Subscription,Check,smallint,,0,0,0,0,1,
Accounts,Accounts Settings,fetch_payment_schedule_in_payment_request,Fetch Payment Schedule in Payment Request,Check,smallint,,0,0,0,0,1,
Accounts,Accounts Settings,transfer_match_days,Match transfers within 'N' days,Int,integer,,0,0,0,0,3,
Accounts,Accounts Settings,automatically_run_rules_on_unreconciled_transactions,Automatically run rules on unreconciled transactions,Check,smallint,,0,0,0,0,1,
Accounts,Accounts Settings,preview_mode,Preview mode,Check,smallint,,0,0,0,0,0,
Accounts,Accounts Settings,book_stock_expense_gl_entries,Book Stock Expense GL Entries,Check,smallint,,0,0,0,0,0,
Accounts,Advance Payment Ledger Entry,voucher_type,Voucher Type,Link,varchar(140),DocType,0,0,0,1,,
Accounts,Advance Payment Ledger Entry,voucher_no,Voucher No,Dynamic Link,varchar(140),voucher_type,0,0,0,1,,
Accounts,Advance Payment Ledger Entry,against_voucher_type,Against Voucher Type,Link,varchar(140),DocType,0,0,0,1,,
Accounts,Advance Payment Ledger Entry,against_voucher_no,Against Voucher No,Dynamic Link,varchar(140),against_voucher_type,0,0,0,1,,
Accounts,Advance Payment Ledger Entry,amount,Amount,Currency,"numeric(21,9)",currency,0,0,0,1,,
Accounts,Advance Payment Ledger Entry,currency,Currency,Link,varchar(140),Currency,0,0,0,1,,
Accounts,Advance Payment Ledger Entry,event,Event,Data,varchar(140),,0,0,0,1,,
Accounts,Advance Payment Ledger Entry,company,Company,Link,varchar(140),Company,0,0,0,1,,
Accounts,Advance Payment Ledger Entry,delinked,DeLinked,Check,smallint,,0,0,0,1,0,
Accounts,Advance Payment Ledger Entry,base_amount,Amount (Company Currency),Currency,"numeric(21,9)",Company:company:default_currency,0,0,0,1,,
Accounts,Advance Payment Ledger Entry,exchange_rate,Exchange Rate,Float,"numeric(21,9)",,0,0,0,1,,
Accounts,Advance Taxes and Charges,charge_type,Type,Select,varchar(140),Actual|On Paid Amount|On Previous Row Amount|On Previous Row Total,1,0,0,0,,
Accounts,Advance Taxes and Charges,row_id,Reference Row #,Data,varchar(140),,0,0,0,0,,
Accounts,Advance Taxes and Charges,account_head,Account Head,Link,varchar(140),Account,1,0,1,0,,
Accounts,Advance Taxes and Charges,description,Description,Small Text,text,,1,0,0,0,,
Accounts,Advance Taxes and Charges,cost_center,Cost Center,Link,varchar(140),Cost Center,0,0,0,0,:Company,
Accounts,Advance Taxes and Charges,project,Project,Link,varchar(140),Project,0,0,0,0,,
Accounts,Advance Taxes and Charges,rate,Tax Rate,Float,"numeric(21,9)",,0,0,0,0,,
Accounts,Advance Taxes and Charges,tax_amount,Amount,Currency,"numeric(21,9)",currency,0,0,0,0,,
Accounts,Advance Taxes and Charges,total,Total,Currency,"numeric(21,9)",currency,0,0,0,1,,
Accounts,Advance Taxes and Charges,base_tax_amount,Amount (Company Currency),Currency,"numeric(21,9)",Company:company:default_currency,0,0,0,1,,
Accounts,Advance Taxes and Charges,base_total,Total (Company Currency),Currency,"numeric(21,9)",Company:company:default_currency,0,0,0,1,,
Accounts,Advance Taxes and Charges,add_deduct_tax,Add Or Deduct,Select,varchar(140),Add|Deduct,1,0,0,0,,
Accounts,Advance Taxes and Charges,included_in_paid_amount,Considered In Paid Amount,Check,smallint,,0,0,0,0,0,
Accounts,Advance Taxes and Charges,currency,Account Currency,Link,varchar(140),Currency,0,0,0,1,,account_head.account_currency
Accounts,Advance Taxes and Charges,net_amount,Net Amount,Currency,"numeric(21,9)",currency,0,0,0,1,,
Accounts,Advance Taxes and Charges,base_net_amount,Net Amount (Company Currency),Currency,"numeric(21,9)",Company:company:default_currency,0,0,0,1,,
Accounts,Advance Taxes and Charges,set_by_item_tax_template,Set by Item Tax Template,Check,smallint,,0,0,0,1,0,
Accounts,Advance Taxes and Charges,is_tax_withholding_account,Is Tax Withholding Account,Check,smallint,,0,0,0,1,0,
Accounts,Allowed Dimension,accounting_dimension,Accounting Dimension,Link,varchar(140),DocType,0,0,0,1,,
Accounts,Allowed Dimension,dimension_value,,Dynamic Link,varchar(140),accounting_dimension,0,0,0,0,,
Accounts,Allowed To Transact With,company,Company,Link,varchar(140),Company,1,0,0,0,,
Accounts,Applicable On Account,applicable_on_account,Accounts,Link,varchar(140),Account,1,0,0,0,,
Accounts,Applicable On Account,is_mandatory,Is Mandatory,Check,smallint,,0,0,0,0,0,
Accounts,Bank,bank_name,Bank Name,Data,varchar(140),,1,1,0,0,,
Accounts,Bank,swift_number,SWIFT number,Data,varchar(140),,0,1,0,0,,
Accounts,Bank,website,Website,Data,varchar(140),,0,0,0,0,,
Accounts,Bank,plaid_access_token,Plaid Access Token,Data,varchar(140),,0,0,0,1,,
Accounts,Bank Account,account_name,Account Name,Data,varchar(140),,1,0,0,0,,
Accounts,Bank Account,account,Company Account,Link,varchar(140),Account,0,0,0,0,,
Accounts,Bank Account,bank,Bank,Link,varchar(140),Bank,1,0,0,0,,
Accounts,Bank Account,account_type,Account Type,Link,varchar(140),Bank Account Type,0,0,0,0,,
Accounts,Bank Account,account_subtype,Account Subtype,Link,varchar(140),Bank Account Subtype,0,0,0,0,,
Accounts,Bank Account,is_default,Is Default Account,Check,smallint,,0,0,0,0,0,
Accounts,Bank Account,is_company_account,Is Company Account,Check,smallint,,0,0,0,0,0,
Accounts,Bank Account,company,Company,Link,varchar(140),Company,0,0,0,0,,
Accounts,Bank Account,party_type,Party Type,Link,varchar(140),DocType,0,0,0,0,,
Accounts,Bank Account,party,Party,Dynamic Link,varchar(140),party_type,0,0,0,0,,
Accounts,Bank Account,iban,IBAN,Data,varchar(140),IBAN,0,0,0,0,,
Accounts,Bank Account,bank_account_no,Bank Account No,Data,varchar(140),,0,0,0,0,,
Accounts,Bank Account,statement_password,Statement PDF Password,Password,text,,0,0,0,0,,
Accounts,Bank Account,integration_id,Integration ID,Data,varchar(140),,0,1,0,1,,
Accounts,Bank Account,last_integration_date,Last Integration Date,Date,date,,0,0,0,0,,
Accounts,Bank Account,mask,Mask,Data,varchar(140),,0,0,0,1,,
Accounts,Bank Account,branch_code,Branch Code,Data,varchar(140),,0,0,0,0,,
Accounts,Bank Account,disabled,Disabled,Check,smallint,,0,0,0,0,0,
Accounts,Bank Account,is_credit_card,Is Credit Card,Check,smallint,,0,0,0,0,0,
Accounts,Bank Account Balance,bank_account,Bank Account,Link,varchar(140),Bank Account,1,0,0,0,,
Accounts,Bank Account Balance,date,Date,Date,date,,1,0,0,0,,
Accounts,Bank Account Balance,balance,Balance,Currency,"numeric(21,9)",,1,0,0,0,,
Accounts,Bank Account Balance,company,Company,Link,varchar(140),Company,0,0,0,1,,bank_account.company
Accounts,Bank Account Subtype,account_subtype,Account Subtype,Data,varchar(140),,0,1,0,0,,
Accounts,Bank Account Type,account_type,Account Type,Data,varchar(140),,0,1,0,0,,
Accounts,Bank Clearance,account,Account,Link,varchar(140),Account,1,0,0,0,,bank_account.account
Accounts,Bank Clearance,account_currency,Account Currency,Link,varchar(140),Currency,0,0,0,0,,
Accounts,Bank Clearance,from_date,From Date,Date,date,,1,0,0,0,,
Accounts,Bank Clearance,to_date,To Date,Date,date,,1,0,0,0,,
Accounts,Bank Clearance,bank_account,Bank Account,Link,varchar(140),Bank Account,0,0,0,0,,
Accounts,Bank Clearance,include_reconciled_entries,Include Reconciled Entries,Check,smallint,,0,0,0,0,0,
Accounts,Bank Clearance,include_pos_transactions,Include POS Transactions,Check,smallint,,0,0,0,0,0,
Accounts,Bank Clearance Detail,payment_document,Payment Document,Link,varchar(140),DocType,0,0,0,0,,
Accounts,Bank Clearance Detail,payment_entry,Payment Entry,Dynamic Link,varchar(140),payment_document,0,0,0,0,,
Accounts,Bank Clearance Detail,against_account,Against Account,Data,varchar(140),,0,0,0,1,,
Accounts,Bank Clearance Detail,amount,Amount,Data,varchar(140),,0,0,0,1,,
Accounts,Bank Clearance Detail,posting_date,Posting Date,Date,date,,0,0,0,1,,
Accounts,Bank Clearance Detail,cheque_number,Cheque Number,Data,varchar(140),,0,0,0,1,,
Accounts,Bank Clearance Detail,cheque_date,Cheque Date,Date,date,,0,0,0,1,,
Accounts,Bank Clearance Detail,clearance_date,Clearance Date,Date,date,,0,0,0,0,,
Accounts,Bank Guarantee,bg_type,Bank Guarantee Type,Select,varchar(140),Receiving|Providing,1,0,0,0,,
Accounts,Bank Guarantee,reference_doctype,Reference Document Type,Link,varchar(140),DocType,0,0,0,0,,
Accounts,Bank Guarantee,reference_docname,Reference Document Name,Dynamic Link,varchar(140),reference_doctype,0,0,0,0,,
Accounts,Bank Guarantee,customer,Customer,Link,varchar(140),Customer,0,0,0,0,,
Accounts,Bank Guarantee,supplier,Supplier,Link,varchar(140),Supplier,0,0,0,0,,
Accounts,Bank Guarantee,project,Project,Link,varchar(140),Project,0,0,0,0,,
Accounts,Bank Guarantee,amount,Amount,Currency,"numeric(21,9)",,1,0,0,0,,
Accounts,Bank Guarantee,start_date,Start Date,Date,date,,1,0,0,0,,
Accounts,Bank Guarantee,validity,Validity in Days,Int,integer,,0,0,0,0,,
Accounts,Bank Guarantee,end_date,End Date,Date,date,,0,0,0,1,,
Accounts,Bank Guarantee,bank,Bank,Link,varchar(140),Bank,0,0,0,0,,
Accounts,Bank Guarantee,bank_account,Bank Account,Link,varchar(140),Bank Account,0,0,0,0,,
Accounts,Bank Guarantee,account,Account,Link,varchar(140),Account,0,0,0,1,,
Accounts,Bank Guarantee,bank_account_no,Bank Account No,Data,varchar(140),,0,0,0,1,,
Accounts,Bank Guarantee,iban,IBAN,Data,varchar(140),IBAN,0,0,0,1,,
Accounts,Bank Guarantee,branch_code,Branch Code,Data,varchar(140),,0,0,0,1,,
Accounts,Bank Guarantee,swift_number,SWIFT number,Data,varchar(140),,0,0,0,1,,
Accounts,Bank Guarantee,more_information,Clauses and Conditions,Text Editor,text,,0,0,0,0,,
Accounts,Bank Guarantee,bank_guarantee_number,Bank Guarantee Number,Data,varchar(140),,0,1,0,0,,
Accounts,Bank Guarantee,name_of_beneficiary,Name of Beneficiary,Data,varchar(140),,0,0,0,0,,
Accounts,Bank Guarantee,margin_money,Margin Money,Currency,"numeric(21,9)",,0,0,0,0,,
Accounts,Bank Guarantee,charges,Charges Incurred,Currency,"numeric(21,9)",,0,0,0,0,,
Accounts,Bank Guarantee,fixed_deposit_number,Fixed Deposit Number,Data,varchar(140),,0,0,0,0,,
Accounts,Bank Guarantee,amended_from,Amended From,Link,varchar(140),Bank Guarantee,0,0,0,1,,
Accounts,Bank Reconciliation Tool,company,Company,Link,varchar(140),Company,0,0,0,0,,
Accounts,Bank Reconciliation Tool,bank_account,Bank Account,Link,varchar(140),Bank Account,0,0,0,0,,
Accounts,Bank Reconciliation Tool,bank_statement_from_date,From Date,Date,date,,0,0,0,0,,
Accounts,Bank Reconciliation Tool,bank_statement_to_date,To Date,Date,date,,0,0,0,0,,
Accounts,Bank Reconciliation Tool,account_opening_balance,Account Opening Balance,Currency,"numeric(21,9)",account_currency,0,0,0,1,,
Accounts,Bank Reconciliation Tool,bank_statement_closing_balance,Closing Balance,Currency,"numeric(21,9)",account_currency,0,0,0,0,,
Accounts,Bank Reconciliation Tool,from_reference_date,From Reference Date,Date,date,,0,0,0,0,,
Accounts,Bank Reconciliation Tool,to_reference_date,To Reference Date,Date,date,,0,0,0,0,,
Accounts,Bank Reconciliation Tool,filter_by_reference_date,Filter by Reference Date,Check,smallint,,0,0,0,0,0,
Accounts,Bank Reconciliation Tool,account_currency,Account Currency,Link,varchar(140),Currency,0,0,0,0,,
Accounts,Bank Statement Import,company,Company,Link,varchar(140),Company,1,0,0,0,,
Accounts,Bank Statement Import,bank_account,Bank Account,Link,varchar(140),Bank Account,1,0,0,0,,
Accounts,Bank Statement Import,bank,Bank,Link,varchar(140),Bank,0,0,0,1,,bank_account.bank
Accounts,Bank Statement Import,import_file,Import File,Attach,text,,0,0,0,0,,
Accounts,Bank Statement Import,template_options,Template Options,Code,text,JSON,0,0,0,1,,
Accounts,Bank Statement Import,status,Status,Select,varchar(140),Pending|Success|Partial Success|Error,0,0,0,1,Pending,
Accounts,Bank Statement Import,template_warnings,Template Warnings,Code,text,JSON,0,0,0,0,,
Accounts,Bank Statement Import,show_failed_logs,Show Failed Logs,Check,smallint,,0,0,0,0,0,
Accounts,Bank Statement Import,google_sheets_url,Import from Google Sheets,Data,varchar(140),,0,0,0,0,,
Accounts,Bank Statement Import,reference_doctype,Document Type,Link,varchar(140),DocType,1,0,0,0,Bank Transaction,
Accounts,Bank Statement Import,import_type,Import Type,Select,varchar(140),Insert New Records|Update Existing Records,1,0,0,0,Insert New Records,
Accounts,Bank Statement Import,submit_after_import,Submit After Import,Check,smallint,,0,0,0,0,1,
Accounts,Bank Statement Import,mute_emails,Don't Send Emails,Check,smallint,,0,0,0,0,1,
Accounts,Bank Statement Import,custom_delimiters,Custom delimiters,Check,smallint,,0,0,0,0,0,
Accounts,Bank Statement Import,delimiter_options,Delimiter options,Data,varchar(140),,0,0,0,0,",;\t|",
Accounts,Bank Statement Import,use_csv_sniffer,Use CSV Sniffer,Check,smallint,,0,0,0,0,0,
Accounts,Bank Statement Import,import_mt940_fromat,Import MT940 Format,Check,smallint,,0,0,0,0,0,
Accounts,Bank Statement Import Log,bank_account,Bank Account,Link,varchar(140),Bank Account,1,0,0,0,,
Accounts,Bank Statement Import Log,number_of_transactions,Number of Transactions,Int,integer,,0,0,0,1,,
Accounts,Bank Statement Import Log,closing_balance,Closing Balance,Currency,"numeric(21,9)",currency,0,0,0,0,,
Accounts,Bank Statement Import Log,start_date,Start Date,Date,date,,0,0,0,1,,
Accounts,Bank Statement Import Log,end_date,End Date,Date,date,,0,0,0,1,,
Accounts,Bank Statement Import Log,file,File,Attach,text,,1,0,0,0,,
Accounts,Bank Statement Import Log,detected_date_format,Detected Date Format,Data,varchar(140),,0,0,0,1,,
Accounts,Bank Statement Import Log,detected_amount_format,Detected Amount Format,Select,varchar(140),"Separate columns for withdrawal and deposit|Amount column has ""CR""/""DR"" values|Amount column has positive/negative values|Transaction type column has ""CR""/""DR"" values|Transaction type column has ""Deposit""/""Withdrawal"" values|Transaction type column has ""C""/""D"" values",0,0,0,1,,
Accounts,Bank Statement Import Log,detected_header_index,Detected Header Index,Int,integer,,0,0,0,1,,
Accounts,Bank Statement Import Log,detected_transaction_starting_index,Detected Transaction Starting Index,Int,integer,,0,0,0,1,,
Accounts,Bank Statement Import Log,detected_transaction_ending_index,Detected Transaction Ending Index,Int,integer,,0,0,0,1,,
Accounts,Bank Statement Import Log,pdf_tables,PDF Tables,JSON,jsonb,,0,0,0,1,,
Accounts,Bank Statement Import Log,status,Status,Select,varchar(140),Not Started|Completed,0,0,0,1,Not Started,
Accounts,Bank Statement Import Log,currency,Currency,Link,varchar(140),Currency,0,0,0,1,,
Accounts,Bank Statement Import Log,total_debits,Total Debits,Currency,"numeric(21,9)",currency,0,0,0,1,,
Accounts,Bank Statement Import Log,total_credits,Total Credits,Currency,"numeric(21,9)",currency,0,0,0,1,,
Accounts,Bank Statement Import Log,total_debit_transactions,Total Debit Transactions,Int,integer,,0,0,0,1,,
Accounts,Bank Statement Import Log,total_credit_transactions,Total Credit Transactions,Int,integer,,0,0,0,1,,
Accounts,Bank Statement Import Log Column Map,header_text,Header Text,Data,varchar(140),,1,0,0,0,,
Accounts,Bank Statement Import Log Column Map,maps_to,Maps To,Select,varchar(140),Do not import|Date|Withdrawal|Deposit|Amount|Description|Reference|Transaction Type|Debit/Credit|Balance|Included Fee|Excluded Fee|Party Name/Account Holder|Party Account No.|Party IBAN,1,0,0,0,,
Accounts,Bank Statement Import Log Column Map,index,Index,Int,integer,,1,0,0,0,,
Accounts,Bank Statement Import Log Column Map,variable,Variable,Data,varchar(140),,0,0,0,0,,
Accounts,Bank Transaction,naming_series,Series,Select,varchar(140),ACC-BTN-.YYYY.-,1,0,0,0,ACC-BTN-.YYYY.-,
Accounts,Bank Transaction,date,Date,Date,date,,0,0,0,0,,
Accounts,Bank Transaction,status,Status,Select,varchar(140),Pending|Settled|Unreconciled|Reconciled|Cancelled,0,0,0,0,Pending,
Accounts,Bank Transaction,bank_account,Bank Account,Link,varchar(140),Bank Account,0,0,0,0,,
Accounts,Bank Transaction,company,Company,Link,varchar(140),Company,0,0,0,1,,bank_account.company
Accounts,Bank Transaction,currency,Currency,Link,varchar(140),Currency,0,0,0,0,,
Accounts,Bank Transaction,description,Description,Small Text,text,,0,0,0,0,,
Accounts,Bank Transaction,reference_number,Reference Number,Small Text,text,,0,0,0,0,,
Accounts,Bank Transaction,transaction_id,Transaction ID,Data,varchar(140),,0,0,0,1,,
Accounts,Bank Transaction,allocated_amount,Allocated Amount,Currency,"numeric(21,9)",currency,0,0,0,1,,
Accounts,Bank Transaction,amended_from,Amended From,Link,varchar(140),Bank Transaction,0,0,0,1,,
Accounts,Bank Transaction,unallocated_amount,Unallocated Amount,Currency,"numeric(21,9)",currency,0,0,0,1,,
Accounts,Bank Transaction,party_type,Party Type,Link,varchar(140),DocType,0,0,0,0,,
Accounts,Bank Transaction,party,Party,Dynamic Link,varchar(140),party_type,0,0,0,0,,
Accounts,Bank Transaction,deposit,Deposit,Currency,"numeric(21,9)",currency,0,0,0,0,,
Accounts,Bank Transaction,withdrawal,Withdrawal,Currency,"numeric(21,9)",currency,0,0,0,0,,
Accounts,Bank Transaction,transaction_type,Transaction Type,Data,varchar(140),,0,0,0,0,,
Accounts,Bank Transaction,bank_party_name,Party Name/Account Holder (Bank Statement),Data,varchar(140),,0,0,0,0,,
Accounts,Bank Transaction,bank_party_iban,Party IBAN (Bank Statement),Data,varchar(140),IBAN,0,0,0,0,,
Accounts,Bank Transaction,bank_party_account_number,Party Account No. (Bank Statement),Data,varchar(140),,0,0,0,0,,
Accounts,Bank Transaction,included_fee,Included Fee,Currency,"numeric(21,9)",currency,0,0,0,0,,
Accounts,Bank Transaction,excluded_fee,Excluded Fee,Currency,"numeric(21,9)",currency,0,0,0,0,,
Accounts,Bank Transaction,is_rule_evaluated,Is Rule Evaluated,Check,smallint,,0,0,0,1,0,
Accounts,Bank Transaction,matched_transaction_rule,Matched Transaction Rule,Link,varchar(140),Bank Transaction Rule,0,0,0,1,,
Accounts,Bank Transaction Mapping,bank_transaction_field,Field in Bank Transaction,Select,varchar(140),,1,0,0,0,,
Accounts,Bank Transaction Mapping,file_field,Column in Bank File,Data,varchar(140),,1,0,0,0,,
Accounts,Bank Transaction Payments,payment_document,Payment Document,Link,varchar(140),DocType,1,0,0,0,,
Accounts,Bank Transaction Payments,payment_entry,Payment Entry,Dynamic Link,varchar(140),payment_document,1,0,0,0,,
Accounts,Bank Transaction Payments,allocated_amount,Allocated Amount,Currency,"numeric(21,9)",,1,0,0,0,,
Accounts,Bank Transaction Payments,clearance_date,Clearance Date,Date,date,,0,0,0,1,,
Accounts,Bank Transaction Payments,reconciliation_type,Reconciliation Type,Select,varchar(140),Matched|Voucher Created,0,0,0,1,Matched,
Accounts,Bank Transaction Rule,rule_name,Rule Name,Data,varchar(140),,1,1,0,0,,
Accounts,Bank Transaction Rule,transaction_type,Transaction Type,Select,varchar(140),Any|Withdrawal|Deposit,1,0,0,0,Any,
Accounts,Bank Transaction Rule,min_amount,Min Amount,Currency,"numeric(21,9)",,0,0,0,0,,
Accounts,Bank Transaction Rule,max_amount,Max Amount,Currency,"numeric(21,9)",,0,0,0,0,,
Accounts,Bank Transaction Rule,rule_description,Rule Description,Small Text,text,,0,0,0,0,,
Accounts,Bank Transaction Rule,classify_as,Classify As,Select,varchar(140),Bank Entry|Payment Entry|Transfer,1,0,0,0,,
Accounts,Bank Transaction Rule,account,Account,Link,varchar(140),Account,0,0,0,0,,
Accounts,Bank Transaction Rule,party_type,Party Type,Link,varchar(140),DocType,0,0,0,0,,
Accounts,Bank Transaction Rule,party,Party,Dynamic Link,varchar(140),party_type,0,0,0,0,,
Accounts,Bank Transaction Rule,priority,Priority,Int,integer,,1,0,0,0,,
Accounts,Bank Transaction Rule,company,Company,Link,varchar(140),Company,1,0,0,0,,
Accounts,Bank Transaction Rule,bank_entry_type,Bank Entry Type,Select,varchar(140),Single Account|Multiple Accounts,0,0,0,0,,
Accounts,Bank Transaction Rule Accounts,account,Account,Link,varchar(140),Account,1,0,0,0,,
Accounts,Bank Transaction Rule Accounts,party_type,Party Type,Link,varchar(140),Party Type,0,0,0,0,,
Accounts,Bank Transaction Rule Accounts,party,Party,Dynamic Link,varchar(140),party_type,0,0,0,0,,
Accounts,Bank Transaction Rule Accounts,debit,Debit,Data,varchar(140),,0,0,0,0,,
Accounts,Bank Transaction Rule Accounts,credit,Credit,Data,varchar(140),,0,0,0,0,,
Accounts,Bank Transaction Rule Accounts,user_remark,User Remark,Small Text,text,,0,0,0,0,,
Accounts,Bank Transaction Rule Description Conditions,check,Check,Select,varchar(140),Contains|Starts With|Ends With|Regex,1,0,0,0,,
Accounts,Bank Transaction Rule Description Conditions,value,Value,Small Text,text,,1,0,0,0,,
Accounts,Bisect Accounting Statements,from_date,From Date,Datetime,timestamp,,0,0,0,0,,
Accounts,Bisect Accounting Statements,to_date,To Date,Datetime,timestamp,,0,0,0,0,,
Accounts,Bisect Accounting Statements,algorithm,Algorithm,Select,varchar(140),BFS|DFS,0,0,0,0,BFS,
Accounts,Bisect Accounting Statements,current_node,Current Node,Link,varchar(140),Bisect Nodes,0,0,0,0,,
Accounts,Bisect Accounting Statements,current_from_date,,Datetime,timestamp,,0,0,0,1,,
Accounts,Bisect Accounting Statements,current_to_date,,Datetime,timestamp,,0,0,0,1,,
Accounts,Bisect Accounting Statements,p_l_summary,,Float,"numeric(21,9)",,0,0,0,1,,
Accounts,Bisect Accounting Statements,b_s_summary,,Float,"numeric(21,9)",,0,0,0,1,,
Accounts,Bisect Accounting Statements,difference,,Float,"numeric(21,9)",,0,0,0,1,,
Accounts,Bisect Accounting Statements,company,Company,Link,varchar(140),Company,0,0,0,0,,
Accounts,Bisect Nodes,root,Root,Link,varchar(140),Bisect Nodes,0,0,0,0,,
Accounts,Bisect Nodes,left_child,Left Child,Link,varchar(140),Bisect Nodes,0,0,0,0,,
Accounts,Bisect Nodes,right_child,Right Child,Link,varchar(140),Bisect Nodes,0,0,0,0,,
Accounts,Bisect Nodes,period_from_date,Period_from_date,Datetime,timestamp,,0,0,0,0,,
Accounts,Bisect Nodes,period_to_date,Period To Date,Datetime,timestamp,,0,0,0,0,,
Accounts,Bisect Nodes,difference,Difference,Float,"numeric(21,9)",,0,0,0,0,,
Accounts,Bisect Nodes,balance_sheet_summary,Balance Sheet Summary,Float,"numeric(21,9)",,0,0,0,0,,
Accounts,Bisect Nodes,profit_loss_summary,Profit and Loss Summary,Float,"numeric(21,9)",,0,0,0,0,,
Accounts,Bisect Nodes,generated,Generated,Check,smallint,,0,0,0,0,0,
Accounts,Budget,budget_against,Budget Against,Select,varchar(140),Cost Center|Project,1,0,0,0,Cost Center,
Accounts,Budget,company,Company,Link,varchar(140),Company,1,0,0,0,,
Accounts,Budget,cost_center,Cost Center,Link,varchar(140),Cost Center,0,0,0,0,,
Accounts,Budget,project,Project,Link,varchar(140),Project,0,0,0,0,,
Accounts,Budget,amended_from,Amended From,Link,varchar(140),Budget,0,0,0,1,,
Accounts,Budget,applicable_on_material_request,Applicable on Material Request,Check,smallint,,0,0,0,0,0,
Accounts,Budget,action_if_annual_budget_exceeded_on_mr,Action if Annual Budget Exceeded on MR,Select,varchar(140),Stop|Warn|Ignore,0,0,0,0,Stop,
Accounts,Budget,action_if_accumulated_monthly_budget_exceeded_on_mr,Action if Accumulated Monthly Budget Exceeded on MR,Select,varchar(140),Stop|Warn|Ignore,0,0,0,0,Warn,
Accounts,Budget,applicable_on_purchase_order,Applicable on Purchase Order,Check,smallint,,0,0,0,0,0,
Accounts,Budget,action_if_annual_budget_exceeded_on_po,Action if Annual Budget Exceeded on PO,Select,varchar(140),Stop|Warn|Ignore,0,0,0,0,Stop,
Accounts,Budget,action_if_accumulated_monthly_budget_exceeded_on_po,Action if Accumulated Monthly Budget Exceeded on PO,Select,varchar(140),Stop|Warn|Ignore,0,0,0,0,Warn,
Accounts,Budget,applicable_on_booking_actual_expenses,Applicable on booking actual expenses,Check,smallint,,0,0,0,0,0,
Accounts,Budget,action_if_annual_budget_exceeded,Action if Annual Budget Exceeded on Actual,Select,varchar(140),Stop|Warn|Ignore,0,0,0,0,Stop,
Accounts,Budget,action_if_accumulated_monthly_budget_exceeded,Action if Accumulated Monthly Budget Exceeded on Actual,Select,varchar(140),Stop|Warn|Ignore,0,0,0,0,Warn,
Accounts,Budget,naming_series,Series,Select,varchar(140),BUDGET-.########,1,0,0,0,BUDGET-.########,
Accounts,Budget,applicable_on_cumulative_expense,Applicable on Cumulative Expense,Check,smallint,,0,0,0,0,0,
Accounts,Budget,action_if_annual_exceeded_on_cumulative_expense,Action if Anual Budget Exceeded on Cumulative Expense,Select,varchar(140),Stop|Warn|Ignore,0,0,0,0,,
Accounts,Budget,action_if_accumulated_monthly_exceeded_on_cumulative_expense,Action if Accumulative Monthly Budget Exceeded on Cumulative Expense,Select,varchar(140),Stop|Warn|Ignore,0,0,0,0,,
Accounts,Budget,account,Account,Link,varchar(140),Account,1,0,0,0,,
Accounts,Budget,budget_amount,Budget Amount,Currency,"numeric(21,9)",,1,0,0,0,,
Accounts,Budget,revision_of,Revision Of,Data,varchar(140),,0,0,0,1,,
Accounts,Budget,distribute_equally,Distribute Equally,Check,smallint,,0,0,0,0,1,
Accounts,Budget,from_fiscal_year,From Fiscal Year,Link,varchar(140),Fiscal Year,1,0,0,0,,
Accounts,Budget,to_fiscal_year,To Fiscal Year,Link,varchar(140),Fiscal Year,1,0,0,0,,
Accounts,Budget,budget_start_date,Budget Start Date,Date,date,,0,0,0,0,,
Accounts,Budget,budget_end_date,Budget End Date,Date,date,,0,0,0,0,,
Accounts,Budget,distribution_frequency,Distribution Frequency,Select,varchar(140),Monthly|Quarterly|Half-Yearly|Yearly,1,0,0,0,Monthly,
Accounts,Budget,budget_distribution_total,Budget Distribution Total,Currency,"numeric(21,9)",,0,0,0,1,,
Accounts,Budget Account,account,Account,Link,varchar(140),Account,1,0,1,0,,
Accounts,Budget Account,budget_amount,Budget Amount,Currency,"numeric(21,9)",Company:company:default_currency,1,0,0,0,,
Accounts,Budget Distribution,start_date,Start Date,Date,date,,1,0,1,1,,
Accounts,Budget Distribution,end_date,End Date,Date,date,,1,0,0,1,,
Accounts,Budget Distribution,amount,Amount,Currency,"numeric(21,9)",,1,0,0,0,,
Accounts,Budget Distribution,percent,Percent,Percent,"numeric(21,9)",,1,0,0,0,,
Accounts,Campaign Item,campaign,Campaign,Link,varchar(140),UTM Campaign,0,0,0,0,,
Accounts,Cashier Closing,naming_series,Series,Select,varchar(140),POS-CLO-,0,0,0,1,POS-CLO-,
Accounts,Cashier Closing,user,User,Link,varchar(140),User,1,0,0,1,,
Accounts,Cashier Closing,date,Date,Date,date,,0,0,0,1,Today,
Accounts,Cashier Closing,from_time,From Time,Time,time(6),,1,0,0,0,,
Accounts,Cashier Closing,time,To Time,Time,time(6),,1,0,0,0,,
Accounts,Cashier Closing,expense,Expense,Float,"numeric(21,9)",,0,0,0,0,0.00,
Accounts,Cashier Closing,custody,Custody,Float,"numeric(21,9)",,0,0,0,0,0.00,
Accounts,Cashier Closing,returns,Returns,Float,"numeric(21,2)",,0,0,0,0,0.00,
Accounts,Cashier Closing,outstanding_amount,Outstanding Amount,Float,"numeric(21,9)",,0,0,0,1,0.00,
Accounts,Cashier Closing,net_amount,Net Amount,Float,"numeric(21,9)",,0,0,0,1,,
Accounts,Cashier Closing,amended_from,Amended From,Link,varchar(140),Cashier Closing,0,0,0,1,,
Accounts,Cashier Closing Payments,mode_of_payment,Mode of Payment,Link,varchar(140),Mode of Payment,1,0,0,0,,
Accounts,Cashier Closing Payments,amount,Amount,Float,"numeric(21,9)",,0,0,0,0,0.00,
Accounts,Chart of Accounts Importer,company,Company,Link,varchar(140),Company,0,0,0,0,,
Accounts,Chart of Accounts Importer,import_file,Attach custom Chart of Accounts file,Attach,text,,0,0,0,0,,
Accounts,Cheque Print Template,has_print_format,Has Print Format,Check,smallint,,0,0,0,1,0,
Accounts,Cheque Print Template,bank_name,Bank Name,Data,varchar(140),,1,1,0,0,,
Accounts,Cheque Print Template,cheque_size,Cheque Size,Select,varchar(140),Regular|A4,0,0,0,0,Regular,
Accounts,Cheque Print Template,starting_position_from_top_edge,Starting position from top edge,Float,"numeric(21,2)",,0,0,0,0,,
Accounts,Cheque Print Template,cheque_width,Cheque Width,Float,"numeric(21,2)",,0,0,0,0,20.00,
Accounts,Cheque Print Template,cheque_height,Cheque Height,Float,"numeric(21,2)",,0,0,0,0,9.00,
Accounts,Cheque Print Template,scanned_cheque,Scanned Cheque,Attach,text,,0,0,0,0,,
Accounts,Cheque Print Template,is_account_payable,Is Account Payable,Check,smallint,,0,0,0,0,1,
Accounts,Cheque Print Template,acc_pay_dist_from_top_edge,Distance from top edge,Float,"numeric(21,2)",,0,0,0,0,1.00,
Accounts,Cheque Print Template,acc_pay_dist_from_left_edge,Distance from left edge,Float,"numeric(21,2)",,0,0,0,0,9.00,
Accounts,Cheque Print Template,message_to_show,Message to show,Data,varchar(140),,0,0,0,0,Acc. Payee,
Accounts,Cheque Print Template,date_dist_from_top_edge,Distance from top edge,Float,"numeric(21,2)",,0,0,0,0,1.00,
Accounts,Cheque Print Template,date_dist_from_left_edge,Starting location from left edge,Float,"numeric(21,2)",,0,0,0,0,15.00,
Accounts,Cheque Print Template,payer_name_from_top_edge,Distance from top edge,Float,"numeric(21,2)",,0,0,0,0,2.00,
Accounts,Cheque Print Template,payer_name_from_left_edge,Starting location from left edge,Float,"numeric(21,2)",,0,0,0,0,3.00,
Accounts,Cheque Print Template,amt_in_words_from_top_edge,Distance from top edge,Float,"numeric(21,2)",,0,0,0,0,3.00,
Accounts,Cheque Print Template,amt_in_words_from_left_edge,Starting location from left edge,Float,"numeric(21,2)",,0,0,0,0,4.00,
Accounts,Cheque Print Template,amt_in_word_width,Width of amount in word,Float,"numeric(21,2)",,0,0,0,0,15.00,
Accounts,Cheque Print Template,amt_in_words_line_spacing,Line spacing for amount in words,Float,"numeric(21,2)",,0,0,0,0,0.50,
Accounts,Cheque Print Template,amt_in_figures_from_top_edge,Distance from top edge,Float,"numeric(21,2)",,0,0,0,0,3.50,
Accounts,Cheque Print Template,amt_in_figures_from_left_edge,Starting location from left edge,Float,"numeric(21,2)",,0,0,0,0,16.00,
Accounts,Cheque Print Template,acc_no_dist_from_top_edge,Distance from top edge,Float,"numeric(21,2)",,0,0,0,0,5.00,
Accounts,Cheque Print Template,acc_no_dist_from_left_edge,Starting location from left edge,Float,"numeric(21,2)",,0,0,0,0,4.00,
Accounts,Cheque Print Template,signatory_from_top_edge,Distance from top edge,Float,"numeric(21,2)",,0,0,0,0,6.00,
Accounts,Cheque Print Template,signatory_from_left_edge,Starting location from left edge,Float,"numeric(21,2)",,0,0,0,0,15.00,
Accounts,Closed Document,document_type,Document Type,Link,varchar(140),DocType,1,0,0,0,,
Accounts,Closed Document,closed,Closed,Check,smallint,,0,0,0,0,0,
Accounts,Cost Center,cost_center_name,Cost Center Name,Data,varchar(140),,1,0,0,0,,
Accounts,Cost Center,cost_center_number,Cost Center Number,Data,varchar(140),,0,0,0,0,,
Accounts,Cost Center,parent_cost_center,Parent Cost Center,Link,varchar(140),Cost Center,1,0,0,0,,
Accounts,Cost Center,company,Company,Link,varchar(140),Company,1,0,0,0,,
Accounts,Cost Center,is_group,Is Group,Check,smallint,,0,0,0,0,0,
Accounts,Cost Center,lft,lft,Int,integer,,0,0,1,0,,
Accounts,Cost Center,rgt,rgt,Int,integer,,0,0,1,0,,
Accounts,Cost Center,old_parent,old_parent,Link,varchar(140),Cost Center,0,0,0,0,,
Accounts,Cost Center,disabled,Disabled,Check,smallint,,0,0,0,0,0,
Accounts,Cost Center Allocation,main_cost_center,Main Cost Center,Link,varchar(140),Cost Center,1,0,0,0,,
Accounts,Cost Center Allocation,valid_from,Valid From,Date,date,,1,0,0,0,Today,
Accounts,Cost Center Allocation,company,Company,Link,varchar(140),Company,1,0,0,0,,main_cost_center.company
Accounts,Cost Center Allocation,amended_from,Amended From,Link,varchar(140),Cost Center Allocation,0,0,0,1,,
Accounts,Cost Center Allocation Percentage,cost_center,Cost Center,Link,varchar(140),Cost Center,1,0,0,0,,
Accounts,Cost Center Allocation Percentage,percentage,Percentage (%),Percent,"numeric(21,9)",,1,0,0,0,,
Accounts,Coupon Code,coupon_name,Coupon Name,Data,varchar(140),,1,1,0,0,,
Accounts,Coupon Code,coupon_type,Coupon Type,Select,varchar(140),Promotional|Gift Card,1,0,0,0,,
Accounts,Coupon Code,customer,Customer,Link,varchar(140),Customer,0,0,0,0,,
Accounts,Coupon Code,coupon_code,Coupon Code,Data,varchar(140),,0,1,0,0,,
Accounts,Coupon Code,pricing_rule,Pricing Rule,Link,varchar(140),Pricing Rule,0,0,0,0,,
Accounts,Coupon Code,valid_from,Valid From,Date,date,,0,0,0,0,,
Accounts,Coupon Code,valid_upto,Valid Up To,Date,date,,0,0,0,0,,
Accounts,Coupon Code,maximum_use,Maximum Use,Int,integer,,0,0,0,0,,
Accounts,Coupon Code,used,Used,Int,integer,,0,0,0,1,0,
Accounts,Coupon Code,description,Coupon Description,Text Editor,text,,0,0,0,0,,
Accounts,Coupon Code,amended_from,Amended From,Link,varchar(140),Coupon Code,0,0,0,1,,
Accounts,Coupon Code,from_external_ecomm_platform,From External Ecomm Platform,Check,smallint,,0,0,0,0,0,
Accounts,Currency Exchange Settings,api_endpoint,API Endpoint,Data,varchar(140),,1,0,0,0,,
Accounts,Currency Exchange Settings,url,Example URL,Data,varchar(140),,0,0,0,1,,
Accounts,Currency Exchange Settings,service_provider,Service Provider,Select,varchar(140),frankfurter.dev|exchangerate.host|frankfurter.dev - v2|Custom,1,0,0,0,,
Accounts,Currency Exchange Settings,disabled,Disabled,Check,smallint,,0,0,0,0,0,
Accounts,Currency Exchange Settings,access_key,Access Key,Data,varchar(140),,0,0,0,0,,
Accounts,Currency Exchange Settings,use_http,Use HTTP Protocol,Check,smallint,,0,0,0,0,0,
Accounts,Currency Exchange Settings Details,key,Key,Data,varchar(140),,1,0,0,0,,
Accounts,Currency Exchange Settings Details,value,Value,Data,varchar(140),,1,0,0,0,,
Accounts,Currency Exchange Settings Result,key,Key,Data,varchar(140),,1,0,0,0,,
Accounts,Customer Group Item,customer_group,Customer Group,Link,varchar(140),Customer Group,0,0,0,0,,
Accounts,Customer Item,customer,Customer ,Link,varchar(140),Customer,0,0,0,0,,
Accounts,Discounted Invoice,sales_invoice,Invoice,Link,varchar(140),Sales Invoice,1,0,1,0,,
Accounts,Discounted Invoice,customer,Customer,Link,varchar(140),Customer,0,0,0,1,,sales_invoice.customer
Accounts,Discounted Invoice,posting_date,Date,Date,date,,0,0,0,1,,sales_invoice.posting_date
Accounts,Discounted Invoice,outstanding_amount,Outstanding Amount,Currency,"numeric(21,9)",Company:company:default_currency,0,0,0,0,,sales_invoice.outstanding_amount
Accounts,Discounted Invoice,debit_to,Debit to,Link,varchar(140),Account,0,0,0,1,,sales_invoice.debit_to
Accounts,Dunning,company,Company,Link,varchar(140),Company,1,0,0,0,,
Accounts,Dunning,naming_series,Series,Select,varchar(140),DUNN-.MM.-.YY.-,0,0,0,0,DUNN-.MM.-.YY.-,
Accounts,Dunning,customer_name,Customer Name,Data,varchar(140),,0,0,0,1,,customer.customer_name
Accounts,Dunning,posting_date,Date,Date,date,,1,0,0,0,Today,
Accounts,Dunning,dunning_type,Dunning Type,Link,varchar(140),Dunning Type,0,0,0,0,,
Accounts,Dunning,dunning_fee,Dunning Fee,Currency,"numeric(21,2)",currency,0,0,0,0,0,dunning_type.dunning_fee
Accounts,Dunning,language,Print Language,Link,varchar(140),Language,0,0,0,0,,
Accounts,Dunning,letter_head,Letter Head,Link,varchar(140),Letter Head,0,0,0,0,,
Accounts,Dunning,amended_from,Amended From,Link,varchar(140),Dunning,0,0,0,1,,
Accounts,Dunning,body_text,Body Text,Text Editor,text,,0,0,0,0,,
Accounts,Dunning,closing_text,Closing Text,Text Editor,text,,0,0,0,0,,
Accounts,Dunning,posting_time,Posting Time,Time,time(6),,0,0,0,0,,
Accounts,Dunning,rate_of_interest,Rate of Interest (%) Yearly,Float,"numeric(21,9)",,0,0,0,0,0,dunning_type.rate_of_interest
Accounts,Dunning,address_display,Address,Text Editor,text,,0,0,0,1,,
Accounts,Dunning,contact_display,Contact,Small Text,text,,0,0,0,1,,
Accounts,Dunning,contact_mobile,Mobile No,Small Text,text,Phone,0,0,0,1,,
Accounts,Dunning,company_address_display,Company Address Display,Text Editor,text,,0,0,0,1,,
Accounts,Dunning,contact_email,Contact Email,Data,varchar(140),Email,0,0,0,1,,
Accounts,Dunning,customer,Customer,Link,varchar(140),Customer,1,0,0,0,,
Accounts,Dunning,grand_total,Grand Total,Currency,"numeric(21,2)",currency,0,0,0,1,0,
Accounts,Dunning,status,Status,Select,varchar(140),Draft|Resolved|Unresolved|Cancelled,0,0,0,1,Unresolved,
Accounts,Dunning,income_account,Income Account,Link,varchar(140),Account,0,0,0,0,,dunning_type.income_account
Accounts,Dunning,total_interest,Total Interest,Currency,"numeric(21,2)",currency,0,0,0,1,0,
Accounts,Dunning,total_outstanding,Total Outstanding,Currency,"numeric(21,9)",currency,0,0,0,1,,
Accounts,Dunning,customer_address,Customer Address,Link,varchar(140),Address,0,0,0,0,,
Accounts,Dunning,contact_person,Contact Person,Link,varchar(140),Contact,0,0,0,0,,
Accounts,Dunning,dunning_amount,Dunning Amount,Currency,"numeric(21,9)",currency,0,0,0,1,0,
Accounts,Dunning,cost_center,Cost Center,Link,varchar(140),Cost Center,0,0,0,0,,dunning_type.cost_center
Accounts,Dunning,spacer,Spacer,Data,varchar(140),,0,0,0,1,,
Accounts,Dunning,company_address,Company Address,Link,varchar(140),Address,0,0,0,0,,
Accounts,Dunning,currency,Currency,Link,varchar(140),Currency,0,0,0,0,,
Accounts,Dunning,conversion_rate,Conversion Rate,Float,"numeric(21,9)",,0,0,0,0,,
Accounts,Dunning,base_dunning_amount,Dunning Amount (Company Currency),Currency,"numeric(21,9)",Company:company:default_currency,0,0,0,1,0,
Accounts,Dunning Letter Text,language,Language,Link,varchar(140),Language,0,0,0,0,,
Accounts,Dunning Letter Text,is_default_language,Is Default Language,Check,smallint,,0,0,0,0,0,
Accounts,Dunning Letter Text,body_text,Body Text,Text Editor,text,,0,0,0,0,,
Accounts,Dunning Letter Text,closing_text,Closing Text,Text Editor,text,,0,0,0,0,,
Accounts,Dunning Type,dunning_type,Dunning Type,Data,varchar(140),,1,1,0,0,,
Accounts,Dunning Type,dunning_fee,Dunning Fee,Currency,"numeric(21,9)",,0,0,0,0,,
Accounts,Dunning Type,rate_of_interest,Rate of Interest (%) Yearly,Float,"numeric(21,9)",,0,0,0,0,,
Accounts,Dunning Type,is_default,Is Default,Check,smallint,,0,0,0,0,0,
Accounts,Dunning Type,income_account,Income Account,Link,varchar(140),Account,0,0,0,0,,
Accounts,Dunning Type,cost_center,Cost Center,Link,varchar(140),Cost Center,0,0,0,0,,
Accounts,Dunning Type,company,Company,Link,varchar(140),Company,1,0,0,0,,
Accounts,Exchange Rate Revaluation,posting_date,Posting Date,Date,date,,1,0,0,0,Today,
Accounts,Exchange Rate Revaluation,company,Company,Link,varchar(140),Company,1,0,0,0,,
Accounts,Exchange Rate Revaluation,amended_from,Amended From,Link,varchar(140),Exchange Rate Revaluation,0,0,0,1,,
Accounts,Exchange Rate Revaluation,gain_loss_unbooked,Gain/Loss from Revaluation,Currency,"numeric(21,9)",Company:company:default_currency,0,0,0,1,,
Accounts,Exchange Rate Revaluation,gain_loss_booked,Gain/Loss already booked,Currency,"numeric(21,9)",Company:company:default_currency,0,0,0,1,,
Accounts,Exchange Rate Revaluation,total_gain_loss,Total Gain/Loss,Currency,"numeric(21,9)",Company:company:default_currency,0,0,0,1,,
Accounts,Exchange Rate Revaluation,rounding_loss_allowance,Rounding Loss Allowance,Float,"numeric(21,9)",,0,0,0,0,0.05,
Accounts,Exchange Rate Revaluation Account,account,Account,Link,varchar(140),Account,1,0,0,0,,
Accounts,Exchange Rate Revaluation Account,party_type,Party Type,Link,varchar(140),DocType,0,0,0,0,,
Accounts,Exchange Rate Revaluation Account,party,Party,Dynamic Link,varchar(140),party_type,0,0,0,0,,
Accounts,Exchange Rate Revaluation Account,account_currency,Account Currency,Link,varchar(140),Currency,0,0,0,1,,
Accounts,Exchange Rate Revaluation Account,balance_in_account_currency,Balance In Account Currency,Currency,"numeric(21,9)",account_currency,0,0,0,1,,
Accounts,Exchange Rate Revaluation Account,current_exchange_rate,Current Exchange Rate,Float,"numeric(21,9)",,0,0,0,1,,
Accounts,Exchange Rate Revaluation Account,balance_in_base_currency,Balance In Base Currency,Currency,"numeric(21,9)",Company:company:default_currency,0,0,0,1,,
Accounts,Exchange Rate Revaluation Account,new_exchange_rate,New Exchange Rate,Float,"numeric(21,9)",,1,0,0,0,,
Accounts,Exchange Rate Revaluation Account,new_balance_in_base_currency,New Balance In Base Currency,Currency,"numeric(21,9)",Company:company:default_currency,0,0,0,1,,
Accounts,Exchange Rate Revaluation Account,gain_loss,Gain/Loss,Currency,"numeric(21,9)",Company:company:default_currency,0,0,0,1,,
Accounts,Exchange Rate Revaluation Account,zero_balance,Zero Balance,Check,smallint,,0,0,0,0,0,
Accounts,Exchange Rate Revaluation Account,new_balance_in_account_currency,New Balance In Account Currency,Currency,"numeric(21,9)",account_currency,0,0,0,1,,
Accounts,Finance Book,finance_book_name,Name,Data,varchar(140),,0,1,0,0,,
Accounts,Financial Report Row,reference_code,Line Reference,Data,varchar(140),,0,0,0,0,,
Accounts,Financial Report Row,display_name,Display Name,Data,varchar(140),,0,0,0,0,,
Accounts,Financial Report Row,indentation_level,Indent Level,Int,integer,,0,0,0,0,,
Accounts,Financial Report Row,data_source,Data Source,Select,varchar(140),Account Data|Calculated Amount|Custom API|Blank Line|Column Break|Section Break,0,0,0,0,,
Accounts,Financial Report Row,balance_type,Balance Type,Select,varchar(140),Opening Balance|Closing Balance|Period Movement (Debits - Credits),0,0,0,0,,
Accounts,Financial Report Row,bold_text,Bold Text,Check,smallint,,0,0,0,0,0,
Accounts,Financial Report Row,italic_text,Italic Text,Check,smallint,,0,0,0,0,0,
Accounts,Financial Report Row,hidden_calculation,Hidden Line (Internal Use Only),Check,smallint,,0,0,0,0,0,
Accounts,Financial Report Row,hide_when_empty,Hide If Zero,Check,smallint,,0,0,0,0,0,
Accounts,Financial Report Row,reverse_sign,Reverse Sign,Check,smallint,,0,0,0,0,0,
Accounts,Financial Report Row,calculation_formula,Formula or Account Filter,Code,text,,0,0,0,0,,
Accounts,Financial Report Row,include_in_charts,Include in Charts,Check,smallint,,0,0,0,0,0,
Accounts,Financial Report Row,color,Color,Color,varchar(140),,0,0,0,0,,
Accounts,Financial Report Row,fieldtype,Value Type,Select,varchar(140),Currency|Float|Int|Percent,0,0,0,0,,
Accounts,Financial Report Row,advanced_filtering,Advanced Filtering,Check,smallint,,0,0,0,0,0,
Accounts,Financial Report Template,template_name,Template Name,Data,varchar(140),,1,1,0,0,,
Accounts,Financial Report Template,report_type,Report Type,Select,varchar(140),Profit and Loss Statement|Balance Sheet|Cash Flow|Custom Financial Statement,1,0,0,0,,
Accounts,Financial Report Template,module,Module (for Export),Link,varchar(140),Module Def,0,0,0,0,,
Accounts,Financial Report Template,disabled,Disabled,Check,smallint,,0,0,0,0,0,
Accounts,Fiscal Year,year,Year Name,Data,varchar(140),,1,1,0,0,,
Accounts,Fiscal Year,disabled,Disabled,Check,smallint,,0,0,0,0,0,
Accounts,Fiscal Year,year_start_date,Year Start Date,Date,date,,1,0,0,0,,
Accounts,Fiscal Year,year_end_date,Year End Date,Date,date,,1,0,0,0,,
Accounts,Fiscal Year,auto_created,Auto Created,Check,smallint,,0,0,0,1,0,
Accounts,Fiscal Year,is_short_year,Is Short/Long Year,Check,smallint,,0,0,0,0,0,
Accounts,Fiscal Year Company,company,Company,Link,varchar(140),Company,1,0,0,0,,
Accounts,GL Entry,posting_date,Posting Date,Date,date,,0,0,1,0,,
Accounts,GL Entry,transaction_date,Transaction Date,Date,date,,0,0,0,0,,
Accounts,GL Entry,account,Account,Link,varchar(140),Account,0,0,1,0,,
Accounts,GL Entry,party_type,Party Type,Link,varchar(140),DocType,0,0,1,0,,
Accounts,GL Entry,party,Party,Dynamic Link,varchar(140),party_type,0,0,1,0,,
Accounts,GL Entry,cost_center,Cost Center,Link,varchar(140),Cost Center,0,0,1,0,,
Accounts,GL Entry,debit,Debit Amount,Currency,"numeric(21,9)",Company:company:default_currency,0,0,0,0,,
Accounts,GL Entry,credit,Credit Amount,Currency,"numeric(21,9)",Company:company:default_currency,0,0,0,0,,
Accounts,GL Entry,account_currency,Account Currency,Link,varchar(140),Currency,0,0,0,0,,
Accounts,GL Entry,debit_in_account_currency,Debit Amount in Account Currency,Currency,"numeric(21,9)",account_currency,0,0,0,0,,
Accounts,GL Entry,credit_in_account_currency,Credit Amount in Account Currency,Currency,"numeric(21,9)",account_currency,0,0,0,0,,
Accounts,GL Entry,against,Against,Text,text,,0,0,0,0,,
Accounts,GL Entry,against_voucher_type,Against Voucher Type,Link,varchar(140),DocType,0,0,0,0,,
Accounts,GL Entry,against_voucher,Against Voucher,Dynamic Link,varchar(140),against_voucher_type,0,0,1,0,,
Accounts,GL Entry,voucher_type,Voucher Type,Link,varchar(140),DocType,0,0,0,0,,
Accounts,GL Entry,voucher_no,Voucher No,Dynamic Link,varchar(140),voucher_type,0,0,1,0,,
Accounts,GL Entry,voucher_detail_no,Voucher Detail No,Data,varchar(140),,0,0,1,1,,
Accounts,GL Entry,project,Project,Link,varchar(140),Project,0,0,0,0,,
Accounts,GL Entry,remarks,Remarks,Text,text,,0,0,0,0,,
Accounts,GL Entry,is_opening,Is Opening,Select,varchar(140),No|Yes,0,0,0,0,,
Accounts,GL Entry,is_advance,Is Advance,Select,varchar(140),No|Yes,0,0,0,0,,
Accounts,GL Entry,fiscal_year,Fiscal Year,Link,varchar(140),Fiscal Year,0,0,0,0,,
Accounts,GL Entry,company,Company,Link,varchar(140),Company,0,0,1,0,,
Accounts,GL Entry,finance_book,Finance Book,Link,varchar(140),Finance Book,0,0,0,0,,
Accounts,GL Entry,to_rename,To Rename,Check,smallint,,0,0,1,0,1,
Accounts,GL Entry,due_date,Due Date,Date,date,,0,0,0,0,,
Accounts,GL Entry,is_cancelled,Is Cancelled,Check,smallint,,0,0,0,0,0,
Accounts,GL Entry,transaction_currency,Transaction Currency,Link,varchar(140),Currency,0,0,0,0,,
Accounts,GL Entry,transaction_exchange_rate,Transaction Exchange Rate,Float,"numeric(21,9)",,0,0,0,0,,
Accounts,GL Entry,debit_in_transaction_currency,Debit Amount in Transaction Currency,Currency,"numeric(21,9)",transaction_currency,0,0,0,0,,
Accounts,GL Entry,credit_in_transaction_currency,Credit Amount in Transaction Currency,Currency,"numeric(21,9)",transaction_currency,0,0,0,0,,
Accounts,GL Entry,voucher_subtype,Voucher Subtype,Small Text,text,,0,0,0,0,,
Accounts,GL Entry,debit_in_reporting_currency,Debit Amount in Reporting Currency,Currency,"numeric(21,9)",Company:company:reporting_currency,0,0,0,0,,
Accounts,GL Entry,credit_in_reporting_currency,Credit Amount in Reporting Currency,Currency,"numeric(21,9)",Company:company:reporting_currency,0,0,0,0,,
Accounts,GL Entry,reporting_currency_exchange_rate,Reporting Currency Exchange Rate,Float,"numeric(21,9)",,0,0,0,0,,
Accounts,Invoice Discounting,posting_date,Posting Date,Date,date,,1,0,0,0,Today,
Accounts,Invoice Discounting,loan_start_date,Loan Start Date,Date,date,,0,0,0,0,,
Accounts,Invoice Discounting,loan_period,Loan Period (Days),Int,integer,,0,0,0,0,,
Accounts,Invoice Discounting,loan_end_date,Loan End Date,Date,date,,0,0,0,1,,
Accounts,Invoice Discounting,status,Status,Select,varchar(140),Draft|Sanctioned|Disbursed|Settled|Cancelled,0,0,0,1,,
Accounts,Invoice Discounting,company,Company,Link,varchar(140),Company,1,0,0,0,,
Accounts,Invoice Discounting,total_amount,Total Amount,Currency,"numeric(21,9)",Company:company:default_currency,0,0,0,1,,
Accounts,Invoice Discounting,bank_charges,Bank Charges,Currency,"numeric(21,9)",Company:company:default_currency,0,0,0,0,,
Accounts,Invoice Discounting,short_term_loan,Short Term Loan Account,Link,varchar(140),Account,1,0,0,0,,
Accounts,Invoice Discounting,bank_account,Bank Account,Link,varchar(140),Account,1,0,0,0,,
Accounts,Invoice Discounting,bank_charges_account,Bank Charges Account,Link,varchar(140),Account,1,0,0,0,,
Accounts,Invoice Discounting,accounts_receivable_credit,Accounts Receivable Credit Account,Link,varchar(140),Account,1,0,0,0,,
Accounts,Invoice Discounting,accounts_receivable_discounted,Accounts Receivable Discounted Account,Link,varchar(140),Account,1,0,0,0,,
Accounts,Invoice Discounting,accounts_receivable_unpaid,Accounts Receivable Unpaid Account,Link,varchar(140),Account,1,0,0,0,,
Accounts,Invoice Discounting,amended_from,Amended From,Link,varchar(140),Invoice Discounting,0,0,0,1,,
Accounts,Item Tax Template,title,Title,Data,varchar(140),,1,0,0,0,,
Accounts,Item Tax Template,company,Company,Link,varchar(140),Company,1,0,0,0,,
Accounts,Item Tax Template,disabled,Disabled,Check,smallint,,0,0,0,0,0,
Accounts,Item Tax Template Detail,tax_type,Tax,Link,varchar(140),Account,1,0,0,0,,
Accounts,Item Tax Template Detail,tax_rate,Tax Rate,Float,"numeric(21,9)",,0,0,0,0,,
Accounts,Item Tax Template Detail,not_applicable,Not Applicable,Check,smallint,,0,0,0,0,0,
Accounts,Item Wise Tax Detail,item_row,Item Row,Data,varchar(140),,1,0,0,0,,
Accounts,Item Wise Tax Detail,tax_row,Tax Row,Data,varchar(140),,1,0,0,0,,
Accounts,Item Wise Tax Detail,rate,Tax Rate,Float,"numeric(21,9)",,0,0,0,0,,
Accounts,Item Wise Tax Detail,amount,Tax Amount,Currency,"numeric(21,9)",Company:company:default_currency,0,0,0,0,,
Accounts,Item Wise Tax Detail,taxable_amount,Taxable Amount,Currency,"numeric(21,9)",Company:company:default_currency,0,0,0,0,,
Accounts,Journal Entry,title,Title,Data,varchar(140),,0,0,0,0,,
Accounts,Journal Entry,voucher_type,Entry Type,Select,varchar(140),Journal Entry|Inter Company Journal Entry|Bank Entry|Cash Entry|Credit Card Entry|Debit Note|Credit Note|Contra Entry|Excise Entry|Write Off Entry|Opening Entry|Depreciation Entry|Asset Disposal|Periodic Accounting Entry|Exchange Rate Revaluation|Exchange Gain Or Loss|Deferred Revenue|Deferred Expense,1,0,1,0,Journal Entry,
Accounts,Journal Entry,naming_series,Series,Select,varchar(140),ACC-JV-.YYYY.-,1,0,0,0,,
Accounts,Journal Entry,posting_date,Posting Date,Date,date,,1,0,1,0,,
Accounts,Journal Entry,company,Company,Link,varchar(140),Company,1,0,1,0,,
Accounts,Journal Entry,finance_book,Finance Book,Link,varchar(140),Finance Book,0,0,0,1,,
Accounts,Journal Entry,cheque_no,Reference Number,Data,varchar(140),,0,0,1,0,,
Accounts,Journal Entry,cheque_date,Reference Date,Date,date,,0,0,1,0,,
Accounts,Journal Entry,user_remark,User Remark,Small Text,text,,0,0,0,0,,
Accounts,Journal Entry,total_debit,Total Debit,Currency,"numeric(21,9)",Company:company:default_currency,0,0,0,1,,
Accounts,Journal Entry,total_credit,Total Credit,Currency,"numeric(21,9)",Company:company:default_currency,0,0,0,1,,
Accounts,Journal Entry,difference,Difference (Dr - Cr),Currency,"numeric(21,9)",Company:company:default_currency,0,0,0,1,,
Accounts,Journal Entry,multi_currency,Multi Currency,Check,smallint,,0,0,0,0,0,
Accounts,Journal Entry,total_amount_currency,Total Amount Currency,Link,varchar(140),Currency,0,0,0,1,,
Accounts,Journal Entry,total_amount,Total Amount,Currency,"numeric(21,9)",total_amount_currency,0,0,0,1,,
Accounts,Journal Entry,total_amount_in_words,Total Amount in Words,Data,varchar(140),,0,0,0,1,,
Accounts,Journal Entry,clearance_date,Clearance Date,Date,date,,0,0,1,1,,
Accounts,Journal Entry,remark,Remark,Small Text,text,,0,0,0,0,,
Accounts,Journal Entry,inter_company_journal_entry_reference,Inter Company Journal Entry Reference,Link,varchar(140),Journal Entry,0,0,0,1,,
Accounts,Journal Entry,bill_no,Bill No,Data,varchar(140),,0,0,0,0,,
Accounts,Journal Entry,bill_date,Bill Date,Date,date,,0,0,0,0,,
Accounts,Journal Entry,due_date,Due Date,Date,date,,0,0,0,0,,
Accounts,Journal Entry,write_off_based_on,Write Off Based On,Select,varchar(140),Accounts Receivable|Accounts Payable,0,0,0,0,Accounts Receivable,
Accounts,Journal Entry,write_off_amount,Write Off Amount,Currency,"numeric(21,9)",Company:company:default_currency,0,0,0,0,,
Accounts,Journal Entry,pay_to_recd_from,Pay To / Recd From,Data,varchar(140),,0,0,0,0,,
Accounts,Journal Entry,letter_head,Letter Head,Link,varchar(140),Letter Head,0,0,0,0,,
Accounts,Journal Entry,select_print_heading,Print Heading,Link,varchar(140),Print Heading,0,0,0,0,,
Accounts,Journal Entry,mode_of_payment,Mode of Payment,Link,varchar(140),Mode of Payment,0,0,0,0,,
Accounts,Journal Entry,payment_order,Payment Order,Link,varchar(140),Payment Order,0,0,0,1,,
Accounts,Journal Entry,is_opening,Is Opening,Select,varchar(140),No|Yes,0,0,1,0,No,
Accounts,Journal Entry,stock_entry,Stock Entry,Link,varchar(140),Stock Entry,0,0,0,1,,
Accounts,Journal Entry,auto_repeat,Auto Repeat,Link,varchar(140),Auto Repeat,0,0,0,1,,
Accounts,Journal Entry,amended_from,Amended From,Link,varchar(140),Journal Entry,0,0,0,1,,
Accounts,Journal Entry,from_template,From Template,Link,varchar(140),Journal Entry Template,0,0,0,0,,
Accounts,Journal Entry,tax_withholding_category,Tax Withholding Category,Link,varchar(140),Tax Withholding Category,0,0,0,0,,
Accounts,Journal Entry,apply_tds,Consider for Tax Withholding ,Check,smallint,,0,0,0,0,0,
Accounts,Journal Entry,reversal_of,Reversal Of,Link,varchar(140),Journal Entry,0,0,0,1,,
Accounts,Journal Entry,process_deferred_accounting,Process Deferred Accounting,Link,varchar(140),Process Deferred Accounting,0,0,0,1,,
Accounts,Journal Entry,is_system_generated,Is System Generated,Check,smallint,,0,0,0,1,0,
Accounts,Journal Entry,periodic_entry_difference_account,Periodic Entry Difference Account,Link,varchar(140),Account,0,0,0,0,,
Accounts,Journal Entry,for_all_stock_asset_accounts,For All Stock Asset Accounts,Check,smallint,,0,0,0,0,1,
Accounts,Journal Entry,stock_asset_account,Stock Asset Account,Link,varchar(140),Account,0,0,0,0,,
Accounts,Journal Entry,party_not_required,Party Not Required,Check,smallint,,0,0,0,0,0,
Accounts,Journal Entry,tax_withholding_group,Tax Withholding Group,Link,varchar(140),Tax Withholding Group,0,0,0,0,,
Accounts,Journal Entry,ignore_tax_withholding_threshold,Ignore Tax Withholding Threshold,Check,smallint,,0,0,0,0,0,
Accounts,Journal Entry,override_tax_withholding_entries,Edit Tax Withholding Entries,Check,smallint,,0,0,0,0,0,
Accounts,Journal Entry,custom_remark,Custom Remark,Check,smallint,,0,0,0,0,0,
Accounts,Journal Entry Account,account,Account,Link,varchar(140),Account,1,0,1,0,,bank_account.account
Accounts,Journal Entry Account,account_type,Account Type,Data,varchar(140),,0,0,0,0,,
Accounts,Journal Entry Account,cost_center,Cost Center,Link,varchar(140),Cost Center,0,0,0,0,:Company,
Accounts,Journal Entry Account,party_type,Party Type,Link,varchar(140),DocType,0,0,1,0,,
Accounts,Journal Entry Account,party,Party,Dynamic Link,varchar(140),party_type,0,0,0,0,,
Accounts,Journal Entry Account,account_currency,Account Currency,Link,varchar(140),Currency,0,0,0,1,,
Accounts,Journal Entry Account,exchange_rate,Exchange Rate,Float,"numeric(21,9)",,0,0,0,0,,
Accounts,Journal Entry Account,debit_in_account_currency,Debit,Currency,"numeric(21,9)",account_currency,0,0,0,0,,
Accounts,Journal Entry Account,debit,Debit in Company Currency,Currency,"numeric(21,9)",Company:company:default_currency,0,0,0,1,,
Accounts,Journal Entry Account,credit_in_account_currency,Credit,Currency,"numeric(21,9)",account_currency,0,0,0,0,,
Accounts,Journal Entry Account,credit,Credit in Company Currency,Currency,"numeric(21,9)",Company:company:default_currency,0,0,0,1,,
Accounts,Journal Entry Account,reference_type,Reference Type,Select,varchar(140),Sales Invoice|Purchase Invoice|Journal Entry|Sales Order|Purchase Order|Expense Claim|Asset|Loan|Payroll Entry|Employee Advance|Exchange Rate Revaluation|Invoice Discounting|Fees|Full and Final Statement|Payment Entry|Bank Transaction,0,0,1,0,,
Accounts,Journal Entry Account,reference_name,Reference Name,Dynamic Link,varchar(140),reference_type,0,0,1,0,,
Accounts,Journal Entry Account,reference_due_date,Reference Due Date,Date,date,,0,0,0,0,,
Accounts,Journal Entry Account,project,Project,Link,varchar(140),Project,0,0,0,0,,
Accounts,Journal Entry Account,is_advance,Is Advance,Select,varchar(140),No|Yes,0,0,0,0,,
Accounts,Journal Entry Account,user_remark,User Remark,Small Text,text,,0,0,0,0,,
Accounts,Journal Entry Account,against_account,Against Account,Text,text,,0,0,0,0,,
Accounts,Journal Entry Account,bank_account,Bank Account,Link,varchar(140),Bank Account,0,0,0,0,,
Accounts,Journal Entry Account,reference_detail_no,Reference Detail No,Data,varchar(140),,0,0,0,0,,
Accounts,Journal Entry Account,advance_voucher_type,Advance Voucher Type,Link,varchar(140),DocType,0,0,1,1,,
Accounts,Journal Entry Account,advance_voucher_no,Advance Voucher No,Dynamic Link,varchar(140),advance_voucher_type,0,0,1,1,,
Accounts,Journal Entry Account,is_tax_withholding_account,Is Tax Withholding Account,Check,smallint,,0,0,0,1,0,
Accounts,Journal Entry Template,voucher_type,Journal Entry Type,Select,varchar(140),Journal Entry|Inter Company Journal Entry|Bank Entry|Cash Entry|Credit Card Entry|Debit Note|Credit Note|Contra Entry|Excise Entry|Write Off Entry|Opening Entry|Depreciation Entry|Exchange Rate Revaluation,1,0,0,0,,
Accounts,Journal Entry Template,company,Company,Link,varchar(140),Company,1,0,0,0,,
Accounts,Journal Entry Template,is_opening,Is Opening,Select,varchar(140),No|Yes,0,0,0,0,No,
Accounts,Journal Entry Template,naming_series,Series,Select,varchar(140),,1,0,0,0,,
Accounts,Journal Entry Template,template_title,Template Title,Data,varchar(140),,1,1,0,0,,
Accounts,Journal Entry Template,multi_currency,Multi Currency,Check,smallint,,0,0,0,0,0,
Accounts,Journal Entry Template Account,account,Account,Link,varchar(140),Account,1,0,0,0,,
Accounts,Journal Entry Template Account,party_type,Party Type,Link,varchar(140),DocType,0,0,0,0,,
Accounts,Journal Entry Template Account,party,Party,Dynamic Link,varchar(140),party_type,0,0,0,0,,
Accounts,Journal Entry Template Account,cost_center,Cost Center,Link,varchar(140),Cost Center,0,0,0,0,,
Accounts,Journal Entry Template Account,project,Project,Link,varchar(140),Project,0,0,0,0,,
Accounts,Ledger Health,voucher_type,Voucher Type,Data,varchar(140),,0,0,0,0,,
Accounts,Ledger Health,voucher_no,Voucher No,Data,varchar(140),,0,0,0,0,,
Accounts,Ledger Health,debit_credit_mismatch,Debit-Credit mismatch,Check,smallint,,0,0,0,0,0,
Accounts,Ledger Health,checked_on,Checked On,Datetime,timestamp,,0,0,0,0,,
Accounts,Ledger Health,general_and_payment_ledger_mismatch,General and Payment Ledger mismatch,Check,smallint,,0,0,0,0,0,
Accounts,Ledger Health Monitor,enable_health_monitor,Enable Health Monitor,Check,smallint,,0,0,0,0,0,
Accounts,Ledger Health Monitor,debit_credit_mismatch,Debit-Credit Mismatch,Check,smallint,,0,0,0,0,0,
Accounts,Ledger Health Monitor,general_and_payment_ledger_mismatch,Discrepancy between General and Payment Ledger,Check,smallint,,0,0,0,0,0,
Accounts,Ledger Health Monitor,monitor_for_last_x_days,Monitor for Last 'X' days,Int,integer,,1,0,0,0,60,
Accounts,Ledger Health Monitor Company,company,Company,Link,varchar(140),Company,0,0,0,0,,
Accounts,Ledger Merge,account,Account,Link,varchar(140),Account,1,0,0,0,,
Accounts,Ledger Merge,company,Company,Link,varchar(140),Company,1,0,0,0,,
Accounts,Ledger Merge,status,Status,Select,varchar(140),Pending|Success|Partial Success|Error,0,0,0,1,,
Accounts,Ledger Merge,root_type,Root Type,Select,varchar(140),Asset|Liability|Income|Expense|Equity,1,0,0,0,,
Accounts,Ledger Merge,account_name,Account Name,Data,varchar(140),,1,0,0,1,,account.account_name
Accounts,Ledger Merge,is_group,Is Group,Check,smallint,,0,0,0,1,0,account.is_group
Accounts,Ledger Merge Accounts,account,Account,Link,varchar(140),Account,1,0,0,0,,
Accounts,Ledger Merge Accounts,merged,Merged,Check,smallint,,0,0,0,1,0,
Accounts,Ledger Merge Accounts,account_name,Account Name,Data,varchar(140),,1,0,0,1,,
Accounts,Loyalty Point Entry,loyalty_program,Loyalty Program,Link,varchar(140),Loyalty Program,1,0,0,0,,
Accounts,Loyalty Point Entry,loyalty_program_tier,Loyalty Program Tier,Data,varchar(140),,0,0,0,0,,
Accounts,Loyalty Point Entry,customer,Customer,Link,varchar(140),Customer,1,0,0,0,,
Accounts,Loyalty Point Entry,redeem_against,Redeem Against,Link,varchar(140),Loyalty Point Entry,0,0,0,0,,
Accounts,Loyalty Point Entry,loyalty_points,Loyalty Points,Int,integer,,1,0,0,0,,
Accounts,Loyalty Point Entry,purchase_amount,Purchase Amount,Currency,"numeric(21,9)",,0,0,0,0,,
Accounts,Loyalty Point Entry,expiry_date,Expiry Date,Date,date,,1,0,0,0,,
Accounts,Loyalty Point Entry,posting_date,Posting Date,Date,date,,1,0,0,0,,
Accounts,Loyalty Point Entry,company,Company,Link,varchar(140),Company,1,0,0,0,,
Accounts,Loyalty Point Entry,invoice_type,Invoice Type,Link,varchar(140),DocType,1,0,0,0,,
Accounts,Loyalty Point Entry,invoice,Invoice,Dynamic Link,varchar(140),invoice_type,0,0,0,0,,
Accounts,Loyalty Point Entry,discretionary_reason,Discretionary Reason,Data,varchar(140),,0,0,0,0,,
Accounts,Loyalty Point Entry Redemption,sales_invoice,Sales Invoice,Data,varchar(140),,0,0,0,0,,
Accounts,Loyalty Point Entry Redemption,redemption_date,Redemption Date,Date,date,,0,0,0,0,,
Accounts,Loyalty Point Entry Redemption,redeemed_points,Redeemed Points,Int,integer,,0,0,0,0,,
Accounts,Loyalty Program,loyalty_program_name,Loyalty Program Name,Data,varchar(140),,1,1,0,0,,
Accounts,Loyalty Program,loyalty_program_type,Loyalty Program Type,Select,varchar(140),Single Tier Program|Multiple Tier Program,0,0,0,0,,
Accounts,Loyalty Program,from_date,From Date,Date,date,,1,0,0,0,,
Accounts,Loyalty Program,to_date,To Date,Date,date,,0,0,0,0,,
Accounts,Loyalty Program,customer_group,Customer Group,Link,varchar(140),Customer Group,0,0,0,0,,
Accounts,Loyalty Program,customer_territory,Customer Territory,Link,varchar(140),Territory,0,0,0,0,,
Accounts,Loyalty Program,auto_opt_in,Auto Opt In (For all customers),Check,smallint,,0,0,0,0,0,
Accounts,Loyalty Program,conversion_factor,Conversion Factor,Float,"numeric(21,9)",,0,0,0,0,,
Accounts,Loyalty Program,expiry_duration,Expiry Duration (in days),Int,integer,,0,0,0,0,,
Accounts,Loyalty Program,expense_account,Expense Account,Link,varchar(140),Account,0,0,0,0,,
Accounts,Loyalty Program,cost_center,Cost Center,Link,varchar(140),Cost Center,0,0,0,0,,
Accounts,Loyalty Program,company,Company,Link,varchar(140),Company,0,0,0,0,,
Accounts,Loyalty Program,project,Project,Link,varchar(140),Project,0,0,0,0,,
Accounts,Loyalty Program Collection,tier_name,Tier Name,Data,varchar(140),,1,0,0,0,,
Accounts,Loyalty Program Collection,min_spent,Minimum Total Spent,Currency,"numeric(21,9)",,0,0,0,0,,
Accounts,Loyalty Program Collection,collection_factor,Collection Factor (=1 LP),Currency,"numeric(21,9)",,1,0,0,0,,
Accounts,Mode of Payment,mode_of_payment,Mode of Payment,Data,varchar(140),,1,1,0,0,,
Accounts,Mode of Payment,type,Type,Select,varchar(140),Cash|Bank|General|Phone,0,0,0,0,,
Accounts,Mode of Payment,enabled,Enabled,Check,smallint,,0,0,0,0,1,
Accounts,Mode of Payment Account,company,Company,Link,varchar(140),Company,0,0,0,0,,
Accounts,Mode of Payment Account,default_account,Default Account,Link,varchar(140),Account,0,0,0,0,,
Accounts,Monthly Distribution,distribution_id,Distribution Name,Data,varchar(140),,1,1,0,0,,
Accounts,Monthly Distribution,fiscal_year,Fiscal Year,Link,varchar(140),Fiscal Year,0,0,1,0,,
Accounts,Monthly Distribution Percentage,month,Month,Data,varchar(140),,1,0,0,1,,
Accounts,Monthly Distribution Percentage,percentage_allocation,Percentage Allocation,Float,"numeric(21,9)",,0,0,0,0,,
Accounts,Opening Invoice Creation Tool,company,Company,Link,varchar(140),Company,1,0,0,0,,
Accounts,Opening Invoice Creation Tool,create_missing_party,Create Missing Party,Check,smallint,,0,0,0,0,0,
Accounts,Opening Invoice Creation Tool,invoice_type,Invoice Type,Select,varchar(140),Sales|Purchase,1,0,0,0,,
Accounts,Opening Invoice Creation Tool,cost_center,Cost Center,Link,varchar(140),Cost Center,0,0,0,0,,
Accounts,Opening Invoice Creation Tool,project,Project,Link,varchar(140),Project,0,0,0,0,,
Accounts,Opening Invoice Creation Tool Item,party_type,Party Type,Link,varchar(140),DocType,0,0,0,1,,
Accounts,Opening Invoice Creation Tool Item,party,Party ID,Dynamic Link,varchar(140),party_type,0,0,0,0,,
Accounts,Opening Invoice Creation Tool Item,temporary_opening_account,Temporary Opening Account,Link,varchar(140),Account,0,0,0,0,,
Accounts,Opening Invoice Creation Tool Item,posting_date,Posting Date,Date,date,,0,0,0,0,Today,
Accounts,Opening Invoice Creation Tool Item,due_date,Due Date,Date,date,,0,0,0,0,Today,
Accounts,Opening Invoice Creation Tool Item,item_name,Item Name,Data,varchar(140),,0,0,0,0,Opening Invoice Item,
Accounts,Opening Invoice Creation Tool Item,outstanding_amount,Outstanding Amount,Currency,"numeric(21,9)",Company:company:default_currency,1,0,0,0,0,
Accounts,Opening Invoice Creation Tool Item,qty,Quantity,Data,varchar(140),,0,0,0,0,1,
Accounts,Opening Invoice Creation Tool Item,cost_center,Cost Center,Link,varchar(140),Cost Center,0,0,0,0,,
Accounts,Opening Invoice Creation Tool Item,invoice_number,Invoice Number,Data,varchar(140),,0,0,0,0,,
Accounts,Opening Invoice Creation Tool Item,supplier_invoice_date,Supplier Invoice Date,Date,date,,0,0,0,0,,
Accounts,Opening Invoice Creation Tool Item,party_name,Party Name,Data,varchar(140),,0,0,0,0,,
Accounts,Opening Invoice Creation Tool Item,project,Project,Link,varchar(140),Project,0,0,0,0,,
Accounts,Overdue Payment,payment_term,Payment Term,Link,varchar(140),Payment Term,0,0,0,1,,
Accounts,Overdue Payment,description,Description,Small Text,text,,0,0,0,1,,payment_term.description
Accounts,Overdue Payment,due_date,Due Date,Date,date,,0,0,0,1,,
Accounts,Overdue Payment,mode_of_payment,Mode of Payment,Link,varchar(140),Mode of Payment,0,0,0,1,,
Accounts,Overdue Payment,invoice_portion,Invoice Portion,Percent,"numeric(21,9)",,0,0,0,1,,
Accounts,Overdue Payment,payment_amount,Payment Amount,Currency,"numeric(21,9)",currency,0,0,0,1,,
Accounts,Overdue Payment,outstanding,Outstanding,Currency,"numeric(21,9)",currency,0,0,0,1,,payment_amount
Accounts,Overdue Payment,paid_amount,Paid Amount,Currency,"numeric(21,9)",currency,0,0,0,0,,
Accounts,Overdue Payment,discounted_amount,Discounted Amount,Currency,"numeric(21,9)",,0,0,0,1,0,
Accounts,Overdue Payment,sales_invoice,Sales Invoice,Link,varchar(140),Sales Invoice,1,0,0,1,,
Accounts,Overdue Payment,payment_schedule,Payment Schedule,Data,varchar(140),,0,0,0,1,,
Accounts,Overdue Payment,overdue_days,Overdue Days,Data,varchar(140),,0,0,0,1,,
Accounts,Overdue Payment,dunning_level,Dunning Level,Int,integer,,0,0,0,1,1,
Accounts,Overdue Payment,interest,Interest,Currency,"numeric(21,9)",currency,0,0,0,1,,
Accounts,POS Closing Entry,period_start_date,Period Start Date,Datetime,timestamp,,1,0,0,1,,pos_opening_entry.period_start_date
Accounts,POS Closing Entry,period_end_date,Period End Date,Datetime,timestamp,,1,0,0,0,Today,
Accounts,POS Closing Entry,posting_date,Posting Date,Date,date,,1,0,0,0,Today,
Accounts,POS Closing Entry,company,Company,Link,varchar(140),Company,1,0,0,1,,pos_opening_entry.company
Accounts,POS Closing Entry,pos_profile,POS Profile,Link,varchar(140),POS Profile,1,0,0,1,,pos_opening_entry.pos_profile
Accounts,POS Closing Entry,user,Cashier,Link,varchar(140),User,1,0,0,1,,pos_opening_entry.user
Accounts,POS Closing Entry,grand_total,Grand Total,Currency,"numeric(21,9)",,0,0,0,1,0,
Accounts,POS Closing Entry,net_total,Net Total,Currency,"numeric(21,9)",,0,0,0,1,0,
Accounts,POS Closing Entry,total_quantity,Total Quantity,Float,"numeric(21,9)",,0,0,0,1,,
Accounts,POS Closing Entry,amended_from,Amended From,Link,varchar(140),POS Closing Entry,0,0,0,1,,
Accounts,POS Closing Entry,pos_opening_entry,POS Opening Entry,Link,varchar(140),POS Opening Entry,1,0,0,0,,
Accounts,POS Closing Entry,status,Status,Select,varchar(140),Draft|Submitted|Queued|Failed|Cancelled,0,0,0,1,Draft,
Accounts,POS Closing Entry,error_message,Error,Small Text,text,,0,0,0,1,,
Accounts,POS Closing Entry,posting_time,Posting Time,Time,time(6),,1,0,0,0,Now,
Accounts,POS Closing Entry,total_taxes_and_charges,Total Taxes and Charges,Currency,"numeric(21,9)",,0,0,0,1,,
Accounts,POS Closing Entry Detail,mode_of_payment,Mode of Payment,Link,varchar(140),Mode of Payment,1,0,0,0,,
Accounts,POS Closing Entry Detail,expected_amount,Expected Amount,Currency,"numeric(21,9)",company:company_currency,0,0,0,1,,
Accounts,POS Closing Entry Detail,difference,Difference,Currency,"numeric(21,9)",company:company_currency,0,0,0,1,,
Accounts,POS Closing Entry Detail,opening_amount,Opening Amount,Currency,"numeric(21,9)",company:company_currency,1,0,0,1,,
Accounts,POS Closing Entry Detail,closing_amount,Closing Amount,Currency,"numeric(21,9)",company:company_currency,1,0,0,0,0,
Accounts,POS Closing Entry Taxes,amount,Amount,Currency,"numeric(21,9)",,0,0,0,1,,
Accounts,POS Closing Entry Taxes,account_head,Account Head,Link,varchar(140),Account,0,0,0,1,,
Accounts,POS Customer Group,customer_group,Customer Group,Link,varchar(140),Customer Group,1,0,0,0,,
Accounts,POS Field,fieldname,Fieldname,Select,varchar(140),,0,0,0,0,,
Accounts,POS Field,fieldtype,Fieldtype,Data,varchar(140),,0,0,0,1,,
Accounts,POS Field,label,Label,Data,varchar(140),,0,0,0,1,,
Accounts,POS Field,options,Options,Text,text,,0,0,0,1,,
Accounts,POS Field,reqd,Mandatory,Check,smallint,,0,0,0,0,0,
Accounts,POS Field,read_only,Read Only,Check,smallint,,0,0,0,0,0,
Accounts,POS Field,default_value,Default Value,Data,varchar(140),,0,0,0,0,,
Accounts,POS Invoice,naming_series,Series,Select,varchar(140),ACC-PSINV-.YYYY.-,1,0,0,0,,
Accounts,POS Invoice,customer,Customer,Link,varchar(140),Customer,0,0,1,0,,
Accounts,POS Invoice,customer_name,Customer Name,Data,varchar(140),,0,0,0,1,,customer.customer_name
Accounts,POS Invoice,tax_id,Tax Id,Data,varchar(140),,0,0,0,1,,
Accounts,POS Invoice,is_pos,Include Payment (POS),Check,smallint,,1,0,0,1,1,
Accounts,POS Invoice,pos_profile,POS Profile,Link,varchar(140),POS Profile,0,0,0,0,,
Accounts,POS Invoice,is_return,Is Return (Credit Note),Check,smallint,,0,0,0,0,0,
Accounts,POS Invoice,company,Company,Link,varchar(140),Company,1,0,0,0,,
Accounts,POS Invoice,posting_date,Date,Date,date,,1,0,1,0,Today,
Accounts,POS Invoice,posting_time,Posting Time,Time,time(6),,0,0,0,0,Now,
Accounts,POS Invoice,set_posting_time,Edit Posting Date and Time,Check,smallint,,0,0,0,0,0,
Accounts,POS Invoice,due_date,Payment Due Date,Date,date,,0,0,0,0,,
Accounts,POS Invoice,amended_from,Amended From,Link,varchar(140),POS Invoice,0,0,0,1,,
Accounts,POS Invoice,return_against,Return Against,Link,varchar(140),POS Invoice,0,0,1,1,,
Accounts,POS Invoice,update_billed_amount_in_sales_order,Update Billed Amount in Sales Order,Check,smallint,,0,0,0,0,0,
Accounts,POS Invoice,project,Project,Link,varchar(140),Project,0,0,0,0,,
Accounts,POS Invoice,cost_center,Cost Center,Link,varchar(140),Cost Center,0,0,0,0,,
Accounts,POS Invoice,po_no,Customer's Purchase Order,Data,varchar(140),,0,0,0,0,,
Accounts,POS Invoice,po_date,Customer's Purchase Order Date,Date,date,,0,0,0,0,,
Accounts,POS Invoice,customer_address,Customer Address,Link,varchar(140),Address,0,0,0,0,,
Accounts,POS Invoice,address_display,Address,Text Editor,text,,0,0,0,1,,
Accounts,POS Invoice,contact_person,Contact Person,Link,varchar(140),Contact,0,0,0,0,,
Accounts,POS Invoice,contact_display,Contact,Small Text,text,,0,0,0,1,,
Accounts,POS Invoice,contact_mobile,Mobile No,Data,varchar(140),Phone,0,0,0,1,,
Accounts,POS Invoice,contact_email,Contact Email,Data,varchar(140),Email,0,0,0,1,,
Accounts,POS Invoice,territory,Territory,Link,varchar(140),Territory,0,0,0,0,,
Accounts,POS Invoice,shipping_address_name,Shipping Address Name,Link,varchar(140),Address,0,0,0,0,,
Accounts,POS Invoice,shipping_address,Shipping Address,Text Editor,text,,0,0,0,1,,
Accounts,POS Invoice,company_address,Company Address Name,Link,varchar(140),Address,0,0,0,0,,
Accounts,POS Invoice,company_address_display,Company Address,Text Editor,text,,0,0,0,1,,
Accounts,POS Invoice,currency,Currency,Link,varchar(140),Currency,1,0,0,0,,
Accounts,POS Invoice,conversion_rate,Exchange Rate,Float,"numeric(21,9)",,1,0,0,0,,
Accounts,POS Invoice,selling_price_list,Price List,Link,varchar(140),Price List,1,0,0,0,,
Accounts,POS Invoice,price_list_currency,Price List Currency,Link,varchar(140),Currency,1,0,0,1,,
Accounts,POS Invoice,plc_conversion_rate,Price List Exchange Rate,Float,"numeric(21,9)",,1,0,0,0,,
Accounts,POS Invoice,ignore_pricing_rule,Ignore Pricing Rule,Check,smallint,,0,0,0,0,0,
Accounts,POS Invoice,set_warehouse,Source Warehouse,Link,varchar(140),Warehouse,0,0,0,0,,
Accounts,POS Invoice,update_stock,Update Stock,Check,smallint,,0,0,0,0,0,
Accounts,POS Invoice,scan_barcode,Scan Barcode,Data,varchar(140),Barcode,0,0,0,0,,
Accounts,POS Invoice,total_billing_amount,Total Billing Amount,Currency,"numeric(21,9)",currency,0,0,0,1,0,
Accounts,POS Invoice,total_qty,Total Quantity,Float,"numeric(21,9)",,0,0,0,1,,
Accounts,POS Invoice,base_total,Total (Company Currency),Currency,"numeric(21,9)",Company:company:default_currency,0,0,0,1,,
Accounts,POS Invoice,base_net_total,Net Total (Company Currency),Currency,"numeric(21,9)",Company:company:default_currency,1,0,0,1,,
Accounts,POS Invoice,total,Total,Currency,"numeric(21,9)",currency,0,0,0,1,,
Accounts,POS Invoice,net_total,Net Total,Currency,"numeric(21,9)",currency,0,0,0,1,,
Accounts,POS Invoice,total_net_weight,Total Net Weight,Float,"numeric(21,9)",,0,0,0,1,,
Accounts,POS Invoice,taxes_and_charges,Sales Taxes and Charges Template,Link,varchar(140),Sales Taxes and Charges Template,0,0,0,0,,
Accounts,POS Invoice,shipping_rule,Shipping Rule,Link,varchar(140),Shipping Rule,0,0,0,0,,
Accounts,POS Invoice,tax_category,Tax Category,Link,varchar(140),Tax Category,0,0,0,0,,
Accounts,POS Invoice,other_charges_calculation,Taxes and Charges Calculation,Text Editor,text,,0,0,0,1,,
Accounts,POS Invoice,base_total_taxes_and_charges,Total Taxes and Charges (Company Currency),Currency,"numeric(21,9)",Company:company:default_currency,0,0,0,1,,
Accounts,POS Invoice,total_taxes_and_charges,Total Taxes and Charges,Currency,"numeric(21,9)",currency,0,0,0,1,,
Accounts,POS Invoice,loyalty_points,Loyalty Points,Int,integer,,0,0,0,0,,
Accounts,POS Invoice,loyalty_amount,Loyalty Amount,Currency,"numeric(21,9)",Company:company:default_currency,0,0,0,1,,
Accounts,POS Invoice,redeem_loyalty_points,Redeem Loyalty Points,Check,smallint,,0,0,0,0,0,
Accounts,POS Invoice,loyalty_program,Loyalty Program,Link,varchar(140),Loyalty Program,0,0,0,1,,customer.loyalty_program
Accounts,POS Invoice,loyalty_redemption_account,Redemption Account,Link,varchar(140),Account,0,0,0,0,,
Accounts,POS Invoice,loyalty_redemption_cost_center,Redemption Cost Center,Link,varchar(140),Cost Center,0,0,0,0,,
Accounts,POS Invoice,apply_discount_on,Apply Additional Discount On,Select,varchar(140),Grand Total|Net Total,0,0,0,0,Grand Total,
Accounts,POS Invoice,base_discount_amount,Additional Discount Amount (Company Currency),Currency,"numeric(21,9)",Company:company:default_currency,0,0,0,1,,
Accounts,POS Invoice,additional_discount_percentage,Additional Discount Percentage,Float,"numeric(21,9)",,0,0,0,0,,
Accounts,POS Invoice,discount_amount,Additional Discount Amount,Currency,"numeric(21,9)",currency,0,0,0,0,,
Accounts,POS Invoice,base_grand_total,Grand Total (Company Currency),Currency,"numeric(21,9)",Company:company:default_currency,1,0,0,1,,
Accounts,POS Invoice,base_rounding_adjustment,Rounding Adjustment (Company Currency),Currency,"numeric(21,9)",Company:company:default_currency,0,0,0,1,,
Accounts,POS Invoice,base_rounded_total,Rounded Total (Company Currency),Currency,"numeric(21,9)",Company:company:default_currency,0,0,0,1,,
Accounts,POS Invoice,base_in_words,In Words (Company Currency),Data,varchar(140),,0,0,0,1,,
Accounts,POS Invoice,grand_total,Grand Total,Currency,"numeric(21,9)",currency,1,0,0,1,,
Accounts,POS Invoice,rounding_adjustment,Rounding Adjustment,Currency,"numeric(21,9)",currency,0,0,0,1,,
Accounts,POS Invoice,rounded_total,Rounded Total,Currency,"numeric(21,9)",currency,0,0,0,1,,
Accounts,POS Invoice,in_words,In Words,Data,varchar(140),,0,0,0,1,,
Accounts,POS Invoice,total_advance,Total Advance,Currency,"numeric(21,9)",party_account_currency,0,0,0,1,,
Accounts,POS Invoice,outstanding_amount,Outstanding Amount,Currency,"numeric(21,9)",party_account_currency,0,0,0,1,,
Accounts,POS Invoice,allocate_advances_automatically,Allocate Advances Automatically (FIFO),Check,smallint,,0,0,0,0,0,
Accounts,POS Invoice,payment_terms_template,Payment Terms Template,Link,varchar(140),Payment Terms Template,0,0,0,0,,
Accounts,POS Invoice,cash_bank_account,Cash/Bank Account,Link,varchar(140),Account,0,0,0,0,,
Accounts,POS Invoice,base_paid_amount,Paid Amount (Company Currency),Currency,"numeric(21,9)",Company:company:default_currency,0,0,0,1,,
Accounts,POS Invoice,paid_amount,Paid Amount,Currency,"numeric(21,9)",currency,0,0,0,1,,
Accounts,POS Invoice,base_change_amount,Base Change Amount (Company Currency),Currency,"numeric(21,9)",Company:company:default_currency,0,0,0,1,,
Accounts,POS Invoice,change_amount,Change Amount,Currency,"numeric(21,9)",currency,0,0,0,0,,
Accounts,POS Invoice,account_for_change_amount,Account for Change Amount,Link,varchar(140),Account,0,0,0,0,,
Accounts,POS Invoice,write_off_amount,Write Off Amount,Currency,"numeric(21,9)",currency,0,0,0,0,,
Accounts,POS Invoice,base_write_off_amount,Write Off Amount (Company Currency),Currency,"numeric(21,9)",Company:company:default_currency,0,0,0,1,,
Accounts,POS Invoice,write_off_outstanding_amount_automatically,Write Off Outstanding Amount,Check,smallint,,0,0,0,0,0,
Accounts,POS Invoice,write_off_account,Write Off Account,Link,varchar(140),Account,0,0,0,0,,
Accounts,POS Invoice,write_off_cost_center,Write Off Cost Center,Link,varchar(140),Cost Center,0,0,0,0,,
Accounts,POS Invoice,tc_name,Terms,Link,varchar(140),Terms and Conditions,0,0,0,0,,
Accounts,POS Invoice,terms,Terms and Conditions Details,Text Editor,text,,0,0,0,0,,
Accounts,POS Invoice,letter_head,Letter Head,Link,varchar(140),Letter Head,0,0,0,0,,
Accounts,POS Invoice,group_same_items,Group same items,Check,smallint,,0,0,0,0,0,
Accounts,POS Invoice,language,Print Language,Data,varchar(140),,0,0,0,1,,
Accounts,POS Invoice,select_print_heading,Print Heading,Link,varchar(140),Print Heading,0,0,0,0,,
Accounts,POS Invoice,inter_company_invoice_reference,Inter Company Invoice Reference,Link,varchar(140),Purchase Invoice,0,0,0,1,,
Accounts,POS Invoice,customer_group,Customer Group,Link,varchar(140),Customer Group,0,0,0,0,,
Accounts,POS Invoice,is_discounted,Is Discounted,Check,smallint,,0,0,0,1,0,
Accounts,POS Invoice,status,Status,Select,varchar(140),Draft|Return|Credit Note Issued|Consolidated|Submitted|Paid|Partly Paid|Unpaid|Partly Paid and Discounted|Unpaid and Discounted|Overdue and Discounted|Overdue|Cancelled,0,0,0,1,Draft,
Accounts,POS Invoice,debit_to,Debit To,Link,varchar(140),Account,1,0,1,0,,
Accounts,POS Invoice,party_account_currency,Party Account Currency,Link,varchar(140),Currency,0,0,0,1,,
Accounts,POS Invoice,is_opening,Is Opening Entry,Select,varchar(140),No|Yes,0,0,0,0,No,
Accounts,POS Invoice,remarks,Remarks,Small Text,text,,0,0,0,0,,
Accounts,POS Invoice,sales_partner,Sales Partner,Link,varchar(140),Sales Partner,0,0,0,0,,
Accounts,POS Invoice,commission_rate,Commission Rate (%),Float,"numeric(21,9)",,0,0,0,0,,sales_partner.commission_rate
Accounts,POS Invoice,total_commission,Total Commission,Currency,"numeric(21,9)",Company:company:default_currency,0,0,0,0,,
Accounts,POS Invoice,from_date,From Date,Date,date,,0,0,0,0,,
Accounts,POS Invoice,to_date,To Date,Date,date,,0,0,0,0,,
Accounts,POS Invoice,auto_repeat,Auto Repeat,Link,varchar(140),Auto Repeat,0,0,0,1,,
Accounts,POS Invoice,against_income_account,Against Income Account,Small Text,text,,0,0,0,0,,
Accounts,POS Invoice,consolidated_invoice,Consolidated Sales Invoice,Link,varchar(140),Sales Invoice,0,0,0,1,,
Accounts,POS Invoice,coupon_code,Coupon Code,Link,varchar(140),Coupon Code,0,0,0,0,,
Accounts,POS Invoice,amount_eligible_for_commission,Amount Eligible for Commission,Currency,"numeric(21,9)",Company:company:default_currency,0,0,0,1,,
Accounts,POS Invoice,update_billed_amount_in_delivery_note,Update Billed Amount in Delivery Note,Check,smallint,,0,0,0,0,1,
Accounts,POS Invoice,utm_medium,Medium,Link,varchar(140),UTM Medium,0,0,0,0,,
Accounts,POS Invoice,utm_campaign,Campaign,Link,varchar(140),UTM Campaign,0,0,0,0,,
Accounts,POS Invoice,utm_source,Source,Link,varchar(140),UTM Source,0,0,0,0,,
Accounts,POS Invoice,company_contact_person,Company Contact Person,Link,varchar(140),Contact,0,0,0,0,,
Accounts,POS Invoice,title,Title,Data,varchar(140),,0,0,0,0,,
Accounts,POS Invoice Item,barcode,Barcode,Data,varchar(140),,0,0,0,0,,
Accounts,POS Invoice Item,item_code,Item,Link,varchar(140),Item,0,0,1,0,,
Accounts,POS Invoice Item,is_product_bundle,Is Product Bundle,Check,smallint,,0,0,0,1,0,
Accounts,POS Invoice Item,product_bundle,Product Bundle,Link,varchar(140),Product Bundle,0,0,0,0,,
Accounts,POS Invoice Item,item_name,Item Name,Data,varchar(140),,1,0,0,0,,
Accounts,POS Invoice Item,customer_item_code,Customer's Item Code,Data,varchar(140),,0,0,0,1,,
Accounts,POS Invoice Item,description,Description,Text Editor,text,,0,0,0,0,,
Accounts,POS Invoice Item,item_group,Item Group,Link,varchar(140),Item Group,0,0,0,1,,
Accounts,POS Invoice Item,brand,Brand Name,Data,varchar(140),,0,0,0,0,,
Accounts,POS Invoice Item,image,Image,Attach,text,,0,0,0,0,,item_code.image
Accounts,POS Invoice Item,qty,Quantity,Float,"numeric(21,9)",,0,0,0,0,,
Accounts,POS Invoice Item,stock_uom,Stock UOM,Link,varchar(140),UOM,0,0,0,1,,
Accounts,POS Invoice Item,uom,UOM,Link,varchar(140),UOM,1,0,0,0,,
Accounts,POS Invoice Item,conversion_factor,UOM Conversion Factor,Float,"numeric(21,9)",,1,0,0,0,,
Accounts,POS Invoice Item,stock_qty,Qty as per Stock UOM,Float,"numeric(21,9)",,0,0,0,1,,
Accounts,POS Invoice Item,price_list_rate,Price List Rate,Currency,"numeric(21,9)",currency,0,0,0,1,,
Accounts,POS Invoice Item,base_price_list_rate,Price List Rate (Company Currency),Currency,"numeric(21,9)",Company:company:default_currency,0,0,0,1,,
Accounts,POS Invoice Item,margin_type,Margin Type,Select,varchar(140),Percentage|Amount,0,0,0,0,,
Accounts,POS Invoice Item,margin_rate_or_amount,Margin Rate or Amount,Float,"numeric(21,9)",,0,0,0,0,,
Accounts,POS Invoice Item,rate_with_margin,Rate With Margin,Currency,"numeric(21,9)",currency,0,0,0,1,,
Accounts,POS Invoice Item,discount_percentage,Discount (%) on Price List Rate with Margin,Percent,"numeric(21,2)",,0,0,0,0,,
Accounts,POS Invoice Item,discount_amount,Discount Amount,Currency,"numeric(21,9)",currency,0,0,0,0,,
Accounts,POS Invoice Item,base_rate_with_margin,Rate With Margin (Company Currency),Currency,"numeric(21,9)",Company:company:default_currency,0,0,0,1,,
Accounts,POS Invoice Item,rate,Rate,Currency,"numeric(21,9)",currency,1,0,0,0,,
Accounts,POS Invoice Item,amount,Amount,Currency,"numeric(21,9)",currency,1,0,0,1,,
Accounts,POS Invoice Item,item_tax_template,Item Tax Template,Link,varchar(140),Item Tax Template,0,0,0,0,,
Accounts,POS Invoice Item,base_rate,Rate (Company Currency),Currency,"numeric(21,9)",Company:company:default_currency,1,0,0,1,,
Accounts,POS Invoice Item,base_amount,Amount (Company Currency),Currency,"numeric(21,9)",Company:company:default_currency,1,0,0,1,,
Accounts,POS Invoice Item,pricing_rules,Pricing Rules,Small Text,text,,0,0,0,1,,
Accounts,POS Invoice Item,is_free_item,Is Free Item,Check,smallint,,0,0,0,1,0,
Accounts,POS Invoice Item,net_rate,Net Rate,Currency,"numeric(21,9)",currency,0,0,0,1,,
Accounts,POS Invoice Item,net_amount,Net Amount,Currency,"numeric(21,9)",currency,0,0,0,1,,
Accounts,POS Invoice Item,base_net_rate,Net Rate (Company Currency),Currency,"numeric(21,9)",Company:company:default_currency,0,0,0,1,,
Accounts,POS Invoice Item,base_net_amount,Net Amount (Company Currency),Currency,"numeric(21,9)",Company:company:default_currency,0,0,0,1,,
Accounts,POS Invoice Item,delivered_by_supplier,Delivered By Supplier,Check,smallint,,0,0,0,1,0,
Accounts,POS Invoice Item,income_account,Income Account,Link,varchar(140),Account,1,0,0,0,,
Accounts,POS Invoice Item,is_fixed_asset,Is Fixed Asset,Check,smallint,,0,0,0,1,0,
Accounts,POS Invoice Item,asset,Asset,Link,varchar(140),Asset,0,0,0,0,,
Accounts,POS Invoice Item,finance_book,Finance Book,Link,varchar(140),Finance Book,0,0,0,0,,
Accounts,POS Invoice Item,expense_account,Expense Account,Link,varchar(140),Account,0,0,0,0,,
Accounts,POS Invoice Item,deferred_revenue_account,Deferred Revenue Account,Link,varchar(140),Account,0,0,0,0,,
Accounts,POS Invoice Item,service_stop_date,Service Stop Date,Date,date,,0,0,0,0,,
Accounts,POS Invoice Item,enable_deferred_revenue,Enable Deferred Revenue,Check,smallint,,0,0,0,0,0,
Accounts,POS Invoice Item,service_start_date,Service Start Date,Date,date,,0,0,0,0,,
Accounts,POS Invoice Item,service_end_date,Service End Date,Date,date,,0,0,0,0,,
Accounts,POS Invoice Item,weight_per_unit,Weight Per Unit,Float,"numeric(21,9)",,0,0,0,1,,
Accounts,POS Invoice Item,total_weight,Total Weight,Float,"numeric(21,9)",,0,0,0,1,,
Accounts,POS Invoice Item,weight_uom,Weight UOM,Link,varchar(140),UOM,0,0,0,1,,
Accounts,POS Invoice Item,warehouse,Warehouse,Link,varchar(140),Warehouse,0,0,0,0,,
Accounts,POS Invoice Item,target_warehouse,Customer Warehouse (Optional),Link,varchar(140),Warehouse,0,0,0,0,,
Accounts,POS Invoice Item,quality_inspection,Quality Inspection,Link,varchar(140),Quality Inspection,0,0,0,0,,
Accounts,POS Invoice Item,batch_no,Batch No,Link,varchar(140),Batch,0,0,0,0,,
Accounts,POS Invoice Item,allow_zero_valuation_rate,Allow Zero Valuation Rate,Check,smallint,,0,0,0,0,0,
Accounts,POS Invoice Item,serial_no,Serial No,Text,text,,0,0,0,0,,
Accounts,POS Invoice Item,item_tax_rate,Item Tax Rate,Small Text,text,,0,0,0,1,,
Accounts,POS Invoice Item,actual_batch_qty,Available Batch Qty at Warehouse,Float,"numeric(21,9)",,0,0,0,1,,
Accounts,POS Invoice Item,actual_qty,Available Qty at Warehouse,Float,"numeric(21,9)",,0,0,0,1,,
Accounts,POS Invoice Item,sales_order,Sales Order,Link,varchar(140),Sales Order,0,0,1,1,,
Accounts,POS Invoice Item,so_detail,Sales Order Item,Data,varchar(140),,0,0,1,1,,
Accounts,POS Invoice Item,delivery_note,Delivery Note,Link,varchar(140),Delivery Note,0,0,1,1,,
Accounts,POS Invoice Item,dn_detail,Delivery Note Item,Data,varchar(140),,0,0,1,1,,
Accounts,POS Invoice Item,delivered_qty,Delivered Qty,Float,"numeric(21,9)",,0,0,0,1,,
Accounts,POS Invoice Item,cost_center,Cost Center,Link,varchar(140),Cost Center,1,0,0,0,:Company,
Accounts,POS Invoice Item,page_break,Page Break,Check,smallint,,0,0,0,0,0,
Accounts,POS Invoice Item,project,Project,Link,varchar(140),Project,0,0,0,0,,
Accounts,POS Invoice Item,pos_invoice_item,POS Invoice Item,Data,varchar(140),,0,0,0,1,,
Accounts,POS Invoice Item,grant_commission,Grant Commission,Check,smallint,,0,0,0,1,0,item_code.grant_commission
Accounts,POS Invoice Item,has_item_scanned,Has Item Scanned,Check,smallint,,0,0,0,1,0,
Accounts,POS Invoice Item,serial_and_batch_bundle,Serial and Batch Bundle,Link,varchar(140),Serial and Batch Bundle,0,0,0,0,,
Accounts,POS Invoice Item,use_serial_batch_fields,Use Serial No / Batch Fields,Check,smallint,,0,0,0,0,0,
Accounts,POS Invoice Item,distributed_discount_amount,Distributed Discount Amount,Currency,"numeric(21,9)",currency,0,0,0,0,,
Accounts,POS Invoice Merge Log,posting_date,Posting Date,Date,date,,1,0,0,0,,
Accounts,POS Invoice Merge Log,customer,Customer,Link,varchar(140),Customer,1,0,0,0,,
Accounts,POS Invoice Merge Log,amended_from,Amended From,Link,varchar(140),POS Invoice Merge Log,0,0,0,1,,
Accounts,POS Invoice Merge Log,consolidated_invoice,Consolidated Sales Invoice,Link,varchar(140),Sales Invoice,0,0,0,1,,
Accounts,POS Invoice Merge Log,consolidated_credit_note,Consolidated Credit Note,Link,varchar(140),Sales Invoice,0,0,0,1,,
Accounts,POS Invoice Merge Log,pos_closing_entry,POS Closing Entry,Link,varchar(140),POS Closing Entry,0,0,0,0,,
Accounts,POS Invoice Merge Log,merge_invoices_based_on,Merge Invoices Based On,Select,varchar(140),Customer|Customer Group,1,0,0,0,,
Accounts,POS Invoice Merge Log,customer_group,Customer Group,Link,varchar(140),Customer Group,0,0,0,0,,
Accounts,POS Invoice Merge Log,posting_time,Posting Time,Time,time(6),,1,0,0,0,,
Accounts,POS Invoice Merge Log,company,Company,Link,varchar(140),Company,1,0,0,0,,
Accounts,POS Invoice Reference,pos_invoice,POS Invoice,Link,varchar(140),POS Invoice,1,0,0,0,,
Accounts,POS Invoice Reference,customer,Customer,Link,varchar(140),Customer,1,0,0,1,,pos_invoice.customer
Accounts,POS Invoice Reference,posting_date,Date,Date,date,,1,0,0,0,,pos_invoice.posting_date
Accounts,POS Invoice Reference,grand_total,Amount,Currency,"numeric(21,9)",,1,0,0,0,,pos_invoice.grand_total
Accounts,POS Invoice Reference,is_return,Is Return,Check,smallint,,0,0,0,1,0,pos_invoice.is_return
Accounts,POS Invoice Reference,return_against,Return Against,Link,varchar(140),POS Invoice,0,0,0,1,,pos_invoice.return_against
Accounts,POS Item Group,item_group,Item Group,Link,varchar(140),Item Group,1,0,0,0,,
Accounts,POS Opening Entry,period_start_date,Period Start Date,Datetime,timestamp,,1,0,0,0,,
Accounts,POS Opening Entry,period_end_date,Period End Date,Date,date,,0,0,0,1,,
Accounts,POS Opening Entry,posting_date,Posting Date,Date,date,,1,0,0,0,Today,
Accounts,POS Opening Entry,company,Company,Link,varchar(140),Company,1,0,0,0,,
Accounts,POS Opening Entry,pos_profile,POS Profile,Link,varchar(140),POS Profile,1,0,0,0,,
Accounts,POS Opening Entry,user,Cashier,Link,varchar(140),User,1,0,0,0,,
Accounts,POS Opening Entry,amended_from,Amended From,Link,varchar(140),POS Opening Entry,0,0,0,1,,
Accounts,POS Opening Entry,set_posting_date,Set Posting Date,Check,smallint,,0,0,0,0,0,
Accounts,POS Opening Entry,status,Status,Select,varchar(140),Draft|Open|Closed|Cancelled,0,0,0,1,Draft,
Accounts,POS Opening Entry,pos_closing_entry,POS Closing Entry,Data,varchar(140),,0,0,0,1,,
Accounts,POS Opening Entry Detail,mode_of_payment,Mode of Payment,Link,varchar(140),Mode of Payment,1,0,0,0,,
Accounts,POS Opening Entry Detail,opening_amount,Opening Amount,Currency,"numeric(21,9)",company:company_currency,1,0,0,0,0,
Accounts,POS Payment Method,default,Default,Check,smallint,,0,0,0,0,0,
Accounts,POS Payment Method,mode_of_payment,Mode of Payment,Link,varchar(140),Mode of Payment,1,0,0,0,,
Accounts,POS Payment Method,allow_in_returns,Allow In Returns,Check,smallint,,0,0,0,0,0,
Accounts,POS Profile,disabled,Disabled,Check,smallint,,0,0,0,0,0,
Accounts,POS Profile,customer,Customer,Link,varchar(140),Customer,0,0,0,0,,
Accounts,POS Profile,company,Company,Link,varchar(140),Company,1,0,0,0,,
Accounts,POS Profile,country,Country,Read Only,varchar(140),,0,0,0,0,,company.country
Accounts,POS Profile,company_address,Company Address,Link,varchar(140),Address,0,0,0,0,,
Accounts,POS Profile,letter_head,Letter Head,Link,varchar(140),Letter Head,0,0,0,0,,
Accounts,POS Profile,tc_name,Terms and Conditions,Link,varchar(140),Terms and Conditions,0,0,0,0,,
Accounts,POS Profile,select_print_heading,Print Heading,Link,varchar(140),Print Heading,0,0,0,0,,
Accounts,POS Profile,selling_price_list,Price List,Link,varchar(140),Price List,0,0,0,0,,
Accounts,POS Profile,currency,Currency,Link,varchar(140),Currency,1,0,0,0,,
Accounts,POS Profile,write_off_account,Write Off Account,Link,varchar(140),Account,1,0,0,0,,
Accounts,POS Profile,write_off_cost_center,Write Off Cost Center,Link,varchar(140),Cost Center,1,0,0,0,,
Accounts,POS Profile,account_for_change_amount,Account for Change Amount,Link,varchar(140),Account,0,0,0,0,,
Accounts,POS Profile,income_account,Income Account,Link,varchar(140),Account,0,0,0,0,,
Accounts,POS Profile,expense_account,Expense Account,Link,varchar(140),Account,0,0,0,0,,
Accounts,POS Profile,cost_center,Cost Center,Link,varchar(140),Cost Center,0,0,0,0,,
Accounts,POS Profile,taxes_and_charges,Taxes and Charges,Link,varchar(140),Sales Taxes and Charges Template,0,0,0,0,,
Accounts,POS Profile,apply_discount_on,Apply Discount On,Select,varchar(140),Grand Total|Net Total,0,0,0,0,Grand Total,
Accounts,POS Profile,tax_category,Tax Category,Link,varchar(140),Tax Category,0,0,0,0,,
Accounts,POS Profile,print_format,Print Format,Link,varchar(140),Print Format,0,0,0,0,,
Accounts,POS Profile,warehouse,Warehouse,Link,varchar(140),Warehouse,1,0,0,0,,
Accounts,POS Profile,ignore_pricing_rule,Ignore Pricing Rule,Check,smallint,,0,0,0,0,0,
Accounts,POS Profile,update_stock,Update Stock,Check,smallint,,0,0,0,1,1,
Accounts,POS Profile,hide_unavailable_items,Hide Unavailable Items,Check,smallint,,0,0,0,0,0,
Accounts,POS Profile,hide_images,Hide Images,Check,smallint,,0,0,0,0,0,
Accounts,POS Profile,auto_add_item_to_cart,Automatically Add Filtered Item To Cart,Check,smallint,,0,0,0,0,0,
Accounts,POS Profile,allow_rate_change,Allow User to Edit Rate,Check,smallint,,0,0,0,0,0,
Accounts,POS Profile,allow_discount_change,Allow User to Edit Discount,Check,smallint,,0,0,0,0,0,
Accounts,POS Profile,validate_stock_on_save,Validate Stock on Save,Check,smallint,,0,0,0,0,0,
Accounts,POS Profile,write_off_limit,Write Off Limit,Currency,"numeric(21,9)",,1,0,0,0,1,
Accounts,POS Profile,disable_rounded_total,Disable Rounded Total,Check,smallint,,0,0,0,0,0,
Accounts,POS Profile,utm_campaign,Campaign,Link,varchar(140),UTM Campaign,0,0,0,0,,
Accounts,POS Profile,utm_source,Source,Link,varchar(140),UTM Source,0,0,0,0,,
Accounts,POS Profile,utm_medium,Medium,Link,varchar(140),UTM Campaign,0,0,0,0,,
Accounts,POS Profile,print_receipt_on_order_complete,Print Receipt on Order Complete,Check,smallint,,0,0,0,0,0,
Accounts,POS Profile,project,Project,Link,varchar(140),Project,0,0,0,0,,
Accounts,POS Profile,set_grand_total_to_default_mop,Set Grand Total to Default Payment Method,Check,smallint,,0,0,0,0,1,
Accounts,POS Profile,action_on_new_invoice,Action on New Invoice,Select,varchar(140),Always Ask|Save Changes and Load New Invoice|Discard Changes and Load New Invoice,0,0,0,0,Always Ask,
Accounts,POS Profile,allow_partial_payment,Allow Partial Payment,Check,smallint,,0,0,0,0,0,
Accounts,POS Profile,allow_warehouse_change,Allow User to Edit Warehouse,Check,smallint,,0,0,0,0,0,
Accounts,POS Profile User,default,Default,Check,smallint,,0,0,0,0,0,
Accounts,POS Profile User,user,User,Link,varchar(140),User,0,0,0,0,,
Accounts,POS Search Fields,fieldname,Fieldname,Data,varchar(140),,0,0,0,0,,
Accounts,POS Search Fields,field,Field,Select,varchar(140),,1,0,0,0,,
Accounts,POS Settings,invoice_type,Invoice Type Created via POS Screen,Select,varchar(140),Sales Invoice|POS Invoice,0,0,0,0,Sales Invoice,
Accounts,POS Settings,post_change_gl_entries,Create Ledger Entries for Change Amount,Check,smallint,1,0,0,0,0,0,
Accounts,PSOA Cost Center,cost_center_name,Cost Center,Link,varchar(140),Cost Center,1,0,0,0,,
Accounts,PSOA Project,project_name,Project,Link,varchar(140),Project,0,0,0,0,,
Accounts,Party Account,company,Company,Link,varchar(140),Company,1,0,0,0,,
Accounts,Party Account,account,Default Account,Link,varchar(140),Account,0,0,0,0,,
Accounts,Party Account,advance_account,Advance Account,Link,varchar(140),Account,0,0,0,0,,
Accounts,Party Link,primary_role,Primary Role,Link,varchar(140),DocType,1,0,0,0,,
Accounts,Party Link,secondary_role,Secondary Role,Link,varchar(140),DocType,0,0,0,0,,
Accounts,Party Link,primary_party,Primary Party,Dynamic Link,varchar(140),primary_role,0,0,0,0,,
Accounts,Party Link,secondary_party,Secondary Party,Dynamic Link,varchar(140),secondary_role,0,0,0,0,,
Accounts,Payment Entry,naming_series,Series,Select,varchar(140),ACC-PAY-.YYYY.-,1,0,0,0,,
Accounts,Payment Entry,payment_type,Payment Type,Select,varchar(140),Receive|Pay|Internal Transfer,1,0,0,0,,
Accounts,Payment Entry,posting_date,Posting Date,Date,date,,1,0,0,0,Today,
Accounts,Payment Entry,company,Company,Link,varchar(140),Company,1,0,0,0,,
Accounts,Payment Entry,cost_center,Cost Center,Link,varchar(140),Cost Center,0,0,0,0,,
Accounts,Payment Entry,mode_of_payment,Mode of Payment,Link,varchar(140),Mode of Payment,0,0,0,0,,
Accounts,Payment Entry,party_type,Party Type,Link,varchar(140),DocType,0,0,1,0,,
Accounts,Payment Entry,party,Party,Dynamic Link,varchar(140),party_type,0,0,0,0,,
Accounts,Payment Entry,party_name,Party Name,Data,varchar(140),,0,0,0,0,,
Accounts,Payment Entry,contact_person,Contact,Link,varchar(140),Contact,0,0,0,0,,
Accounts,Payment Entry,contact_email,Email,Data,varchar(140),Email,0,0,0,1,,
Accounts,Payment Entry,paid_from,Account Paid From,Link,varchar(140),Account,1,0,0,0,,
Accounts,Payment Entry,paid_from_account_currency,Account Currency (From),Link,varchar(140),Currency,1,0,0,1,,
Accounts,Payment Entry,paid_to,Account Paid To,Link,varchar(140),Account,1,0,0,0,,
Accounts,Payment Entry,paid_to_account_currency,Account Currency (To),Link,varchar(140),Currency,1,0,0,1,,
Accounts,Payment Entry,paid_amount,Paid Amount,Currency,"numeric(21,9)",paid_from_account_currency,1,0,0,0,,
Accounts,Payment Entry,source_exchange_rate,Source Exchange Rate,Float,"numeric(21,9)",,1,0,0,0,,
Accounts,Payment Entry,base_paid_amount,Paid Amount (Company Currency),Currency,"numeric(21,9)",Company:company:default_currency,1,0,0,1,,
Accounts,Payment Entry,received_amount,Received Amount,Currency,"numeric(21,9)",paid_to_account_currency,1,0,0,0,,
Accounts,Payment Entry,target_exchange_rate,Target Exchange Rate,Float,"numeric(21,9)",,1,0,0,0,,
Accounts,Payment Entry,base_received_amount,Received Amount (Company Currency),Currency,"numeric(21,9)",Company:company:default_currency,1,0,0,1,,
Accounts,Payment Entry,total_allocated_amount,Total Allocated Amount,Currency,"numeric(21,9)",,0,0,0,1,,
Accounts,Payment Entry,base_total_allocated_amount,Total Allocated Amount (Company Currency),Currency,"numeric(21,9)",Company:company:default_currency,0,0,0,1,,
Accounts,Payment Entry,unallocated_amount,Unallocated Amount,Currency,"numeric(21,9)",,0,0,0,0,,
Accounts,Payment Entry,difference_amount,Difference Amount (Company Currency),Currency,"numeric(21,9)",Company:company:default_currency,0,0,0,1,,
Accounts,Payment Entry,reference_no,Cheque/Reference No,Data,varchar(140),,0,0,0,0,,
Accounts,Payment Entry,reference_date,Cheque/Reference Date,Date,date,,0,0,1,0,,
Accounts,Payment Entry,clearance_date,Clearance Date,Date,date,,0,0,0,1,,
Accounts,Payment Entry,project,Project,Link,varchar(140),Project,0,0,0,0,,
Accounts,Payment Entry,remarks,Remarks,Small Text,text,,0,0,0,0,,
Accounts,Payment Entry,letter_head,Letter Head,Link,varchar(140),Letter Head,0,0,0,0,,
Accounts,Payment Entry,print_heading,Print Heading,Link,varchar(140),Print Heading,0,0,0,0,,
Accounts,Payment Entry,bank,Bank,Read Only,varchar(140),,0,0,0,0,,bank_account.bank
Accounts,Payment Entry,bank_account_no,Bank Account No,Read Only,varchar(140),,0,0,0,0,,bank_account.bank_account_no
Accounts,Payment Entry,payment_order,Payment Order,Link,varchar(140),Payment Order,0,0,0,1,,
Accounts,Payment Entry,auto_repeat,Auto Repeat,Link,varchar(140),Auto Repeat,0,0,0,1,,
Accounts,Payment Entry,amended_from,Amended From,Link,varchar(140),Payment Entry,0,0,0,1,,
Accounts,Payment Entry,title,Title,Data,varchar(140),,0,0,0,1,,
Accounts,Payment Entry,bank_account,Company Bank Account,Link,varchar(140),Bank Account,0,0,0,0,,
Accounts,Payment Entry,party_bank_account,Party Bank Account,Link,varchar(140),Bank Account,0,0,0,0,,
Accounts,Payment Entry,payment_order_status,Payment Order Status,Select,varchar(140),Initiated|Payment Ordered,0,0,0,1,,
Accounts,Payment Entry,status,Status,Select,varchar(140),Draft|Submitted|Cancelled,0,0,0,1,Draft,
Accounts,Payment Entry,custom_remarks,Custom Remarks,Check,smallint,,0,0,0,0,0,
Accounts,Payment Entry,tax_withholding_category,Tax Withholding Category,Link,varchar(140),Tax Withholding Category,0,0,0,0,,
Accounts,Payment Entry,purchase_taxes_and_charges_template,Purchase Taxes and Charges Template,Link,varchar(140),Purchase Taxes and Charges Template,0,0,0,0,,
Accounts,Payment Entry,sales_taxes_and_charges_template,Sales Taxes and Charges Template,Link,varchar(140),Sales Taxes and Charges Template,0,0,0,0,,
Accounts,Payment Entry,base_total_taxes_and_charges,Total Taxes and Charges (Company Currency),Currency,"numeric(21,9)",Company:company:default_currency,0,0,0,1,,
Accounts,Payment Entry,total_taxes_and_charges,Total Taxes and Charges,Currency,"numeric(21,9)",,0,0,0,1,,
Accounts,Payment Entry,paid_amount_after_tax,Paid Amount After Tax,Currency,"numeric(21,9)",paid_from_account_currency,0,0,0,1,,
Accounts,Payment Entry,base_paid_amount_after_tax,Paid Amount After Tax (Company Currency),Currency,"numeric(21,9)",Company:company:default_currency,0,0,0,1,,
Accounts,Payment Entry,received_amount_after_tax,Received Amount After Tax,Currency,"numeric(21,9)",paid_to_account_currency,0,0,0,1,,
Accounts,Payment Entry,base_received_amount_after_tax,Received Amount After Tax (Company Currency),Currency,"numeric(21,9)",Company:company:default_currency,0,0,0,1,,
Accounts,Payment Entry,paid_from_account_type,Paid From Account Type,Data,varchar(140),,0,0,0,0,,paid_from.account_type
Accounts,Payment Entry,paid_to_account_type,Paid To Account Type,Data,varchar(140),,0,0,0,0,,paid_to.account_type
Accounts,Payment Entry,book_advance_payments_in_separate_party_account,Book Advance Payments in Separate Party Account,Check,smallint,,0,0,0,1,0,company.book_advance_payments_in_separate_party_account
Accounts,Payment Entry,base_in_words,In Words (Company Currency),Small Text,text,,0,0,0,1,,
Accounts,Payment Entry,in_words,In Words,Small Text,text,,0,0,0,1,,
Accounts,Payment Entry,reconcile_on_advance_payment_date,Reconcile on Advance Payment Date,Check,smallint,,0,0,0,1,0,company.reconcile_on_advance_payment_date
Accounts,Payment Entry,is_opening,Is Opening,Select,varchar(140),No|Yes,0,0,1,0,No,
Accounts,Payment Entry,apply_tds,Consider for Tax Withholding,Check,smallint,,0,0,0,0,0,
Accounts,Payment Entry,tax_withholding_group,Tax Withholding Group,Link,varchar(140),Tax Withholding Group,0,0,0,0,,
Accounts,Payment Entry,ignore_tax_withholding_threshold,Ignore Tax Withholding Threshold,Check,smallint,,0,0,0,0,0,
Accounts,Payment Entry,override_tax_withholding_entries,Edit Tax Withholding Entries,Check,smallint,,0,0,0,0,0,
Accounts,Payment Entry Deduction,account,Account,Link,varchar(140),Account,1,0,0,0,,
Accounts,Payment Entry Deduction,cost_center,Cost Center,Link,varchar(140),Cost Center,1,0,0,0,,
Accounts,Payment Entry Deduction,amount,Amount (Company Currency),Currency,"numeric(21,9)",Company:company:default_currency,1,0,0,0,,
Accounts,Payment Entry Deduction,description,Description,Small Text,text,,0,0,0,0,,
Accounts,Payment Entry Deduction,is_exchange_gain_loss,Is Exchange Gain / Loss?,Check,smallint,,0,0,0,1,0,
Accounts,Payment Entry Reference,reference_doctype,Type,Link,varchar(140),DocType,1,0,1,0,,
Accounts,Payment Entry Reference,reference_name,Name,Dynamic Link,varchar(140),reference_doctype,1,0,1,0,,
Accounts,Payment Entry Reference,due_date,Due Date,Date,date,,0,0,0,1,,
Accounts,Payment Entry Reference,bill_no,Supplier Invoice No,Data,varchar(140),,0,0,0,1,,
Accounts,Payment Entry Reference,total_amount,Grand Total,Currency,"numeric(21,9)",,0,0,0,1,,
Accounts,Payment Entry Reference,outstanding_amount,Outstanding,Currency,"numeric(21,9)",,0,0,0,1,,
Accounts,Payment Entry Reference,allocated_amount,Allocated,Currency,"numeric(21,9)",,0,0,0,0,,
Accounts,Payment Entry Reference,exchange_rate,Exchange Rate,Float,"numeric(21,9)",,0,0,0,1,,
Accounts,Payment Entry Reference,payment_term,Payment Term,Link,varchar(140),Payment Term,0,0,0,0,,
Accounts,Payment Entry Reference,exchange_gain_loss,Exchange Gain/Loss,Currency,"numeric(21,9)",Company:company:default_currency,0,0,0,1,,
Accounts,Payment Entry Reference,account,Account,Link,varchar(140),Account,0,0,0,0,,
Accounts,Payment Entry Reference,account_type,Account Type,Data,varchar(140),,0,0,0,0,,
Accounts,Payment Entry Reference,payment_type,Payment Type,Data,varchar(140),,0,0,0,0,,
Accounts,Payment Entry Reference,payment_request,Payment Request,Link,varchar(140),Payment Request,0,0,0,0,,
Accounts,Payment Entry Reference,payment_term_outstanding,Payment Term Outstanding,Float,"numeric(21,9)",,0,0,0,1,,
Accounts,Payment Entry Reference,reconcile_effect_on,Reconcile Effect On,Date,date,,0,0,0,1,,
Accounts,Payment Entry Reference,advance_voucher_type,Advance Voucher Type,Link,varchar(140),DocType,0,0,0,1,,
Accounts,Payment Entry Reference,advance_voucher_no,Advance Voucher No,Dynamic Link,varchar(140),advance_voucher_type,0,0,0,1,,
Accounts,Payment Gateway Account,payment_gateway,Payment Gateway,Link,varchar(140),Payment Gateway,1,0,0,0,,
Accounts,Payment Gateway Account,is_default,Is Default,Check,smallint,,0,0,0,0,0,
Accounts,Payment Gateway Account,payment_account,Payment Account,Link,varchar(140),Account,1,0,0,0,,
Accounts,Payment Gateway Account,currency,Currency,Read Only,varchar(140),,0,0,0,0,,payment_account.account_currency
Accounts,Payment Gateway Account,message,Default Payment Request Message,Small Text,text,,0,0,0,0,Please click on the link below to make your payment,
Accounts,Payment Gateway Account,payment_channel,Payment Channel,Select,varchar(140),Email|Phone|Other,0,0,0,0,Email,
Accounts,Payment Gateway Account,company,Company,Link,varchar(140),Company,1,0,0,0,,
Accounts,Payment Ledger Entry,posting_date,Posting Date,Date,date,,0,0,1,0,,
Accounts,Payment Ledger Entry,account_type,Account Type,Select,varchar(140),Receivable|Payable,0,0,0,0,,
Accounts,Payment Ledger Entry,account,Account,Link,varchar(140),Account,0,0,1,0,,
Accounts,Payment Ledger Entry,party_type,Party Type,Link,varchar(140),DocType,0,0,1,0,,
Accounts,Payment Ledger Entry,party,Party,Dynamic Link,varchar(140),party_type,0,0,1,0,,
Accounts,Payment Ledger Entry,voucher_type,Voucher Type,Link,varchar(140),DocType,0,0,1,0,,
Accounts,Payment Ledger Entry,voucher_no,Voucher No,Dynamic Link,varchar(140),voucher_type,0,0,1,0,,
Accounts,Payment Ledger Entry,against_voucher_type,Against Voucher Type,Link,varchar(140),DocType,0,0,1,0,,
Accounts,Payment Ledger Entry,against_voucher_no,Against Voucher No,Dynamic Link,varchar(140),against_voucher_type,0,0,1,0,,
Accounts,Payment Ledger Entry,amount,Amount,Currency,"numeric(21,9)",Company:company:default_currency,0,0,0,0,,
Accounts,Payment Ledger Entry,account_currency,Currency,Link,varchar(140),Currency,0,0,0,0,,
Accounts,Payment Ledger Entry,amount_in_account_currency,Amount in Account Currency,Currency,"numeric(21,9)",account_currency,0,0,0,0,,
Accounts,Payment Ledger Entry,delinked,DeLinked,Check,smallint,,0,0,0,0,0,
Accounts,Payment Ledger Entry,company,Company,Link,varchar(140),Company,0,0,1,0,,
Accounts,Payment Ledger Entry,cost_center,Cost Center,Link,varchar(140),Cost Center,0,0,0,0,,
Accounts,Payment Ledger Entry,project,Project,Link,varchar(140),Project,0,0,0,0,,
Accounts,Payment Ledger Entry,due_date,Due Date,Date,date,,0,0,0,0,,
Accounts,Payment Ledger Entry,finance_book,Finance Book,Link,varchar(140),Finance Book,0,0,0,0,,
Accounts,Payment Ledger Entry,remarks,Remarks,Text,text,,0,0,0,0,,
Accounts,Payment Ledger Entry,voucher_detail_no,Voucher Detail No,Data,varchar(140),,0,0,1,0,,
Accounts,Payment Order,naming_series,Series,Select,varchar(140),PMO-,1,0,0,0,PMO-,
Accounts,Payment Order,company,Company,Link,varchar(140),Company,1,0,0,0,,
Accounts,Payment Order,party,Supplier,Link,varchar(140),Supplier,0,0,0,0,,
Accounts,Payment Order,posting_date,Posting Date,Date,date,,0,0,0,0,Today,
Accounts,Payment Order,amended_from,Amended From,Link,varchar(140),Payment Order,0,0,0,1,,
Accounts,Payment Order,payment_order_type,Payment Order Type,Select,varchar(140),Payment Request|Payment Entry,1,0,0,1,,
Accounts,Payment Order,company_bank_account,Company Bank Account,Link,varchar(140),Bank Account,1,0,0,0,,
Accounts,Payment Order,company_bank,Bank,Link,varchar(140),Bank,0,0,0,0,,company_bank_account.bank
Accounts,Payment Order,account,Account,Data,varchar(140),,0,0,0,0,,company_bank_account.account
Accounts,Payment Order Reference,reference_doctype,Type,Link,varchar(140),DocType,1,0,0,1,,
Accounts,Payment Order Reference,reference_name,Name,Dynamic Link,varchar(140),reference_doctype,1,0,0,1,,
Accounts,Payment Order Reference,amount,Amount,Currency,"numeric(21,9)",,1,0,0,1,,
Accounts,Payment Order Reference,supplier,Supplier,Link,varchar(140),Supplier,0,0,0,1,,
Accounts,Payment Order Reference,payment_request,Payment Request,Link,varchar(140),Payment Request,0,0,0,1,,
Accounts,Payment Order Reference,mode_of_payment,Mode of Payment,Link,varchar(140),Mode of Payment,0,0,0,1,,payment_request.mode_of_payment
Accounts,Payment Order Reference,bank_account,Bank Account,Link,varchar(140),Bank Account,1,0,0,1,,
Accounts,Payment Order Reference,account,Account,Link,varchar(140),Account,0,0,0,1,,
Accounts,Payment Order Reference,payment_reference,Payment Reference,Data,varchar(140),,0,0,0,1,,
Accounts,Payment Reconciliation,company,Company,Link,varchar(140),Company,1,0,0,0,,
Accounts,Payment Reconciliation,party_type,Party Type,Link,varchar(140),DocType,1,0,0,0,,
Accounts,Payment Reconciliation,party,Party,Dynamic Link,varchar(140),party_type,1,0,0,0,,
Accounts,Payment Reconciliation,receivable_payable_account,Receivable / Payable Account,Link,varchar(140),Account,1,0,0,0,,
Accounts,Payment Reconciliation,bank_cash_account,Bank / Cash Account,Link,varchar(140),Account,0,0,0,0,,
Accounts,Payment Reconciliation,from_invoice_date,From Invoice Date,Date,date,,0,0,0,0,,
Accounts,Payment Reconciliation,to_invoice_date,To Invoice Date,Date,date,,0,0,0,0,,
Accounts,Payment Reconciliation,minimum_invoice_amount,Minimum Invoice Amount,Currency,"numeric(21,9)",,0,0,0,0,,
Accounts,Payment Reconciliation,invoice_limit,Invoice Limit,Int,integer,,0,0,0,0,50,
Accounts,Payment Reconciliation,from_payment_date,From Payment Date,Date,date,,0,0,0,0,,
Accounts,Payment Reconciliation,to_payment_date,To Payment Date,Date,date,,0,0,0,0,,
Accounts,Payment Reconciliation,minimum_payment_amount,Minimum Payment Amount,Currency,"numeric(21,9)",,0,0,0,0,,
Accounts,Payment Reconciliation,maximum_payment_amount,Maximum Payment Amount,Currency,"numeric(21,9)",,0,0,0,0,,
Accounts,Payment Reconciliation,payment_limit,Payment Limit,Int,integer,,0,0,0,0,50,
Accounts,Payment Reconciliation,maximum_invoice_amount,Maximum Invoice Amount,Currency,"numeric(21,9)",,0,0,0,0,,
Accounts,Payment Reconciliation,cost_center,Cost Center,Link,varchar(140),Cost Center,0,0,0,0,,
Accounts,Payment Reconciliation,project,Project,Link,varchar(140),Project,0,0,0,0,,
Accounts,Payment Reconciliation,default_advance_account,Default Advance Account,Link,varchar(140),Account,0,0,0,0,,
Accounts,Payment Reconciliation,invoice_name,Filter on Invoice,Data,varchar(140),,0,0,0,0,,
Accounts,Payment Reconciliation,payment_name,Filter on Payment,Data,varchar(140),,0,0,0,0,,
Accounts,Payment Reconciliation Allocation,invoice_number,Invoice Number,Dynamic Link,varchar(140),invoice_type,1,0,0,1,,
Accounts,Payment Reconciliation Allocation,allocated_amount,Allocated Amount,Currency,"numeric(21,9)",currency,1,0,0,0,,
Accounts,Payment Reconciliation Allocation,difference_account,Difference Account,Link,varchar(140),Account,0,0,0,1,,
Accounts,Payment Reconciliation Allocation,difference_amount,Difference Amount,Currency,"numeric(21,9)",Currency,0,0,0,1,,
Accounts,Payment Reconciliation Allocation,reference_name,Reference Name,Dynamic Link,varchar(140),reference_type,1,0,0,1,,
Accounts,Payment Reconciliation Allocation,is_advance,Is Advance,Data,varchar(140),,0,0,0,1,,
Accounts,Payment Reconciliation Allocation,reference_type,Reference Type,Link,varchar(140),DocType,1,0,0,1,,
Accounts,Payment Reconciliation Allocation,invoice_type,Invoice Type,Link,varchar(140),DocType,1,0,0,1,,
Accounts,Payment Reconciliation Allocation,unreconciled_amount,Unreconciled Amount,Currency,"numeric(21,9)",currency,0,0,0,1,,
Accounts,Payment Reconciliation Allocation,amount,Amount,Currency,"numeric(21,9)",currency,0,0,0,1,,
Accounts,Payment Reconciliation Allocation,reference_row,Reference Row,Data,varchar(140),,0,0,0,1,,
Accounts,Payment Reconciliation Allocation,currency,Currency,Link,varchar(140),Currency,0,0,0,0,,
Accounts,Payment Reconciliation Allocation,exchange_rate,Exchange Rate,Float,"numeric(21,9)",,0,0,0,1,,
Accounts,Payment Reconciliation Allocation,cost_center,Cost Center,Link,varchar(140),Cost Center,0,0,0,0,,
Accounts,Payment Reconciliation Allocation,gain_loss_posting_date,Difference Posting Date,Date,date,,0,0,0,0,,
Accounts,Payment Reconciliation Allocation,debit_or_credit_note_posting_date,Debit / Credit Note Posting Date,Date,date,,0,0,0,0,,
Accounts,Payment Reconciliation Invoice,invoice_type,Invoice Type,Select,varchar(140),Sales Invoice|Purchase Invoice|Journal Entry,0,0,0,1,,
Accounts,Payment Reconciliation Invoice,invoice_number,Invoice Number,Dynamic Link,varchar(140),invoice_type,0,0,0,1,,
Accounts,Payment Reconciliation Invoice,invoice_date,Invoice Date,Date,date,,0,0,0,1,,
Accounts,Payment Reconciliation Invoice,amount,Amount,Currency,"numeric(21,9)",currency,0,0,0,1,,
Accounts,Payment Reconciliation Invoice,outstanding_amount,Outstanding Amount,Currency,"numeric(21,9)",currency,0,0,0,1,,
Accounts,Payment Reconciliation Invoice,currency,Currency,Link,varchar(140),Currency,0,0,0,0,,
Accounts,Payment Reconciliation Invoice,exchange_rate,Exchange Rate,Float,"numeric(21,9)",,0,0,0,0,,
Accounts,Payment Reconciliation Payment,reference_type,Reference Type,Link,varchar(140),DocType,0,0,0,1,,
Accounts,Payment Reconciliation Payment,reference_name,Reference Name,Dynamic Link,varchar(140),reference_type,0,0,0,1,,
Accounts,Payment Reconciliation Payment,posting_date,Posting Date,Date,date,,0,0,0,1,,
Accounts,Payment Reconciliation Payment,is_advance,Is Advance,Data,varchar(140),,0,0,0,1,,
Accounts,Payment Reconciliation Payment,reference_row,Reference Row,Data,varchar(140),,0,0,0,1,,
Accounts,Payment Reconciliation Payment,amount,Amount,Currency,"numeric(21,9)",currency,0,0,0,1,,
Accounts,Payment Reconciliation Payment,currency,Currency,Link,varchar(140),Currency,0,0,0,0,,
Accounts,Payment Reconciliation Payment,difference_amount,Difference Amount,Currency,"numeric(21,9)",currency,0,0,0,1,,
Accounts,Payment Reconciliation Payment,exchange_rate,Exchange Rate,Float,"numeric(21,9)",,0,0,0,0,,
Accounts,Payment Reconciliation Payment,cost_center,Cost Center,Link,varchar(140),Cost Center,0,0,0,0,,
Accounts,Payment Reconciliation Payment,remarks,Remarks,Small Text,text,,0,0,0,1,,
Accounts,Payment Reference,payment_term,Payment Term,Link,varchar(140),Payment Term,0,0,0,0,,
Accounts,Payment Reference,description,Description,Small Text,text,,0,0,0,0,,
Accounts,Payment Reference,due_date,Due Date,Date,date,,0,0,0,0,,
Accounts,Payment Reference,amount,Amount,Currency,"numeric(21,2)",currency,0,0,0,0,,
Accounts,Payment Reference,currency,Currency,Link,varchar(140),Currency,0,0,0,1,,
Accounts,Payment Reference,payment_schedule,Payment Schedule,Link,varchar(140),Payment Schedule,0,0,0,1,,
Accounts,Payment Request,payment_request_type,Payment Request Type,Select,varchar(140),Outward|Inward,1,0,0,0,Inward,
Accounts,Payment Request,transaction_date,Transaction Date,Date,date,,0,0,0,0,,
Accounts,Payment Request,naming_series,Series,Select,varchar(140),ACC-PRQ-.YYYY.-,1,0,0,0,,
Accounts,Payment Request,mode_of_payment,Mode of Payment,Link,varchar(140),Mode of Payment,0,0,0,0,,
Accounts,Payment Request,party_type,Party Type,Link,varchar(140),DocType,0,0,0,0,,
Accounts,Payment Request,party,Party,Dynamic Link,varchar(140),party_type,0,0,0,0,,
Accounts,Payment Request,reference_doctype,Reference Doctype,Link,varchar(140),DocType,0,0,0,1,,
Accounts,Payment Request,reference_name,Reference Name,Dynamic Link,varchar(140),reference_doctype,0,0,1,1,,
Accounts,Payment Request,grand_total,Amount,Currency,"numeric(21,9)",currency,1,0,0,0,,
Accounts,Payment Request,is_a_subscription,Is a Subscription,Check,smallint,,0,0,0,0,0,
Accounts,Payment Request,currency,Transaction Currency,Link,varchar(140),Currency,0,0,0,1,,
Accounts,Payment Request,bank_account,Bank Account,Link,varchar(140),Bank Account,0,0,0,0,,
Accounts,Payment Request,bank,Bank,Link,varchar(140),Bank,0,0,0,1,,bank_account.bank
Accounts,Payment Request,bank_account_no,Bank Account No,Read Only,varchar(140),,0,0,0,0,,bank_account.bank_account_no
Accounts,Payment Request,account,Account,Read Only,varchar(140),,0,0,0,0,,bank_account.account
Accounts,Payment Request,iban,IBAN,Read Only,varchar(140),IBAN,0,0,0,0,,bank_account.iban
Accounts,Payment Request,branch_code,Branch Code,Read Only,varchar(140),,0,0,0,0,,bank_account.branch_code
Accounts,Payment Request,swift_number,SWIFT Number,Read Only,varchar(140),,0,0,0,0,,bank.swift_number
Accounts,Payment Request,cost_center,Cost Center,Link,varchar(140),Cost Center,0,0,0,0,,
Accounts,Payment Request,project,Project,Link,varchar(140),Project,0,0,0,0,,
Accounts,Payment Request,print_format,Print Format,Select,varchar(140),,0,0,0,0,,
Accounts,Payment Request,email_to,To,Data,varchar(140),,0,0,0,0,,
Accounts,Payment Request,subject,Subject,Data,varchar(140),,0,0,0,0,,
Accounts,Payment Request,payment_gateway_account,Payment Gateway Account,Link,varchar(140),Payment Gateway Account,0,0,0,0,,
Accounts,Payment Request,status,Status,Select,varchar(140),Draft|Requested|Initiated|Partially Paid|Payment Ordered|Paid|Failed|Cancelled,0,0,0,1,Draft,
Accounts,Payment Request,make_sales_invoice,Make Sales Invoice,Check,smallint,,0,0,0,1,0,
Accounts,Payment Request,message,Message,Text,text,,0,0,0,0,,
Accounts,Payment Request,mute_email,Mute Email,Check,smallint,,0,0,0,1,0,
Accounts,Payment Request,payment_url,Payment URL,Data,varchar(140),URL,0,0,0,1,,
Accounts,Payment Request,payment_gateway,Payment Gateway,Read Only,varchar(140),,0,0,0,0,,payment_gateway_account.payment_gateway
Accounts,Payment Request,payment_account,Payment Account,Read Only,varchar(140),,0,0,0,1,,payment_gateway_account.payment_account
Accounts,Payment Request,payment_channel,Payment Channel,Select,varchar(140),Email|Phone|Other,0,0,0,1,,payment_gateway_account.payment_channel
Accounts,Payment Request,payment_order,Payment Order,Link,varchar(140),Payment Order,0,0,0,1,,
Accounts,Payment Request,amended_from,Amended From,Link,varchar(140),Payment Request,0,0,0,1,,
Accounts,Payment Request,failed_reason,Reason for Failure,Data,varchar(140),,0,0,0,1,,
Accounts,Payment Request,outstanding_amount,Outstanding Amount,Currency,"numeric(21,9)",party_account_currency,0,0,0,1,,
Accounts,Payment Request,company,Company,Link,varchar(140),Company,0,0,0,1,,
Accounts,Payment Request,party_account_currency,Party Account Currency,Link,varchar(140),Currency,0,0,0,1,,
Accounts,Payment Request,party_name,Party Name,Data,varchar(140),,0,0,0,1,,
Accounts,Payment Request,phone_number,Phone Number,Data,varchar(140),,0,0,0,0,,
Accounts,Payment Schedule,payment_term,Payment Term,Link,varchar(140),Payment Term,0,0,0,0,,
Accounts,Payment Schedule,description,Description,Small Text,text,,0,0,0,0,,payment_term.description
Accounts,Payment Schedule,due_date,Due Date,Date,date,,1,0,0,0,,
Accounts,Payment Schedule,invoice_portion,Invoice Portion,Percent,"numeric(21,9)",,0,0,0,0,,
Accounts,Payment Schedule,payment_amount,Payment Amount,Currency,"numeric(21,9)",currency,1,0,0,0,,
Accounts,Payment Schedule,mode_of_payment,Mode of Payment,Link,varchar(140),Mode of Payment,0,0,0,0,,
Accounts,Payment Schedule,paid_amount,Paid Amount,Currency,"numeric(21,9)",currency,0,0,0,0,,
Accounts,Payment Schedule,discounted_amount,Discounted Amount,Currency,"numeric(21,9)",,0,0,0,1,0,
Accounts,Payment Schedule,outstanding,Outstanding,Currency,"numeric(21,9)",currency,0,0,0,1,,payment_amount
Accounts,Payment Schedule,discount_date,Discount Date,Date,date,,0,0,0,0,,
Accounts,Payment Schedule,discount_type,Discount Type,Select,varchar(140),Percentage|Amount,0,0,0,0,Percentage,payment_term.discount_type
Accounts,Payment Schedule,discount,Discount,Float,"numeric(21,9)",,0,0,0,0,,payment_term.discount
Accounts,Payment Schedule,base_payment_amount,Payment Amount (Company Currency),Currency,"numeric(21,9)",Company:company:default_currency,0,0,0,0,,
Accounts,Payment Schedule,base_outstanding,Outstanding (Company Currency),Currency,"numeric(21,9)",Company:company:default_currency,0,0,0,1,,
Accounts,Payment Schedule,base_paid_amount,Paid Amount (Company Currency),Currency,"numeric(21,9)",Company:company:default_currency,0,0,0,1,,
Accounts,Payment Schedule,due_date_based_on,Due Date Based On,Select,varchar(140),Day(s) after invoice date|Day(s) after the end of the invoice month|Month(s) after the end of the invoice month,0,0,0,1,,
Accounts,Payment Schedule,credit_days,Credit Days,Int,integer,,0,0,0,1,,
Accounts,Payment Schedule,credit_months,Credit Months,Int,integer,,0,0,0,1,,
Accounts,Payment Schedule,discount_validity_based_on,Discount Validity Based On,Select,varchar(140),Day(s) after invoice date|Day(s) after the end of the invoice month|Month(s) after the end of the invoice month,0,0,0,1,,
Accounts,Payment Schedule,discount_validity,Discount Validity,Int,integer,,0,0,0,1,,
Accounts,Payment Term,payment_term_name,Payment Term Name,Data,varchar(140),,0,1,0,0,,
Accounts,Payment Term,invoice_portion,Invoice Portion (%),Float,"numeric(21,9)",,0,0,0,0,,
Accounts,Payment Term,mode_of_payment,Mode of Payment,Link,varchar(140),Mode of Payment,0,0,0,0,,
Accounts,Payment Term,due_date_based_on,Due Date Based On,Select,varchar(140),Day(s) after invoice date|Day(s) after the end of the invoice month|Month(s) after the end of the invoice month,0,0,0,0,,
Accounts,Payment Term,credit_days,Credit Days,Int,integer,,0,0,0,0,,
Accounts,Payment Term,credit_months,Credit Months,Int,integer,,0,0,0,0,,
Accounts,Payment Term,description,Description,Small Text,text,,0,0,0,0,,
Accounts,Payment Term,discount_type,Discount Type,Select,varchar(140),Percentage|Amount,0,0,0,0,Percentage,
Accounts,Payment Term,discount,Discount,Float,"numeric(21,9)",,0,0,0,0,,
Accounts,Payment Term,discount_validity_based_on,Discount Validity Based On,Select,varchar(140),Day(s) after invoice date|Day(s) after the end of the invoice month|Month(s) after the end of the invoice month,0,0,0,0,Day(s) after invoice date,
Accounts,Payment Term,discount_validity,Discount Validity,Int,integer,,0,0,0,0,,
Accounts,Payment Terms Template,template_name,Template Name,Data,varchar(140),,0,1,0,0,,
Accounts,Payment Terms Template,allocate_payment_based_on_payment_terms,Allocate Payment Based On Payment Terms,Check,smallint,,0,0,0,0,0,
Accounts,Payment Terms Template Detail,payment_term,Payment Term,Link,varchar(140),Payment Term,0,0,0,0,,
Accounts,Payment Terms Template Detail,description,Description,Small Text,text,,0,0,0,0,,payment_term.description
Accounts,Payment Terms Template Detail,invoice_portion,Invoice Portion (%),Float,"numeric(21,9)",,1,0,0,0,,payment_term.invoice_portion
Accounts,Payment Terms Template Detail,due_date_based_on,Due Date Based On,Select,varchar(140),Day(s) after invoice date|Day(s) after the end of the invoice month|Month(s) after the end of the invoice month,1,0,0,0,,payment_term.due_date_based_on
Accounts,Payment Terms Template Detail,credit_days,Credit Days,Int,integer,,0,0,0,0,0,payment_term.credit_days
Accounts,Payment Terms Template Detail,credit_months,Credit Months,Int,integer,,0,0,0,0,0,payment_term.credit_months
Accounts,Payment Terms Template Detail,mode_of_payment,Mode of Payment,Link,varchar(140),Mode of Payment,0,0,0,0,,payment_term.mode_of_payment
Accounts,Payment Terms Template Detail,discount_type,Discount Type,Select,varchar(140),Percentage|Amount,0,0,0,0,Percentage,payment_term.discount_type
Accounts,Payment Terms Template Detail,discount,Discount,Float,"numeric(21,9)",,0,0,0,0,,payment_term.discount
Accounts,Payment Terms Template Detail,discount_validity_based_on,Discount Validity Based On,Select,varchar(140),Day(s) after invoice date|Day(s) after the end of the invoice month|Month(s) after the end of the invoice month,0,0,0,0,Day(s) after invoice date,payment_term.discount_validity_based_on
Accounts,Payment Terms Template Detail,discount_validity,Discount Validity,Int,integer,,0,0,0,0,,payment_term.discount_validity
Accounts,Pegged Currency Details,source_currency,Currency,Link,varchar(140),Currency,0,0,0,0,,
Accounts,Pegged Currency Details,pegged_exchange_rate,Exchange Rate,Data,varchar(140),,0,0,0,0,,
Accounts,Pegged Currency Details,pegged_against,Pegged Against,Link,varchar(140),Currency,0,0,0,0,,
Accounts,Period Closing Voucher,transaction_date,Transaction Date,Date,date,,0,0,0,0,Today,
Accounts,Period Closing Voucher,fiscal_year,Fiscal Year,Link,varchar(140),Fiscal Year,1,0,0,0,,
Accounts,Period Closing Voucher,amended_from,Amended From,Link,varchar(140),Period Closing Voucher,0,0,0,1,,
Accounts,Period Closing Voucher,company,Company,Link,varchar(140),Company,1,0,0,0,,
Accounts,Period Closing Voucher,closing_account_head,Closing Account Head,Link,varchar(140),Account,1,0,0,0,,
Accounts,Period Closing Voucher,remarks,Remarks,Small Text,text,,1,0,0,0,,
Accounts,Period Closing Voucher,gle_processing_status,GL Entry Processing Status,Select,varchar(140),In Progress|Completed|Failed,0,0,0,1,,
Accounts,Period Closing Voucher,error_message,Error Message,Text,text,,0,0,0,1,,
Accounts,Period Closing Voucher,period_end_date,Period End Date,Date,date,,1,0,0,0,,
Accounts,Period Closing Voucher,period_start_date,Period Start Date,Date,date,,1,0,0,0,,
Accounts,Pricing Rule,title,Title,Data,varchar(140),,1,0,0,0,,
Accounts,Pricing Rule,disable,Disable,Check,smallint,,0,0,0,0,0,
Accounts,Pricing Rule,apply_on,Apply On,Select,varchar(140),Item Code|Item Group|Brand|Transaction,1,0,0,0,Item Code,
Accounts,Pricing Rule,price_or_product_discount,Price or Product Discount,Select,varchar(140),Price|Product,1,0,0,0,,
Accounts,Pricing Rule,warehouse,Warehouse,Link,varchar(140),Warehouse,0,0,1,0,,
Accounts,Pricing Rule,mixed_conditions,Mixed Conditions,Check,smallint,,0,0,0,0,0,
Accounts,Pricing Rule,is_cumulative,Is Cumulative,Check,smallint,,0,0,0,0,0,
Accounts,Pricing Rule,coupon_code_based,Coupon Code Based,Check,smallint,,0,0,0,0,0,
Accounts,Pricing Rule,apply_rule_on_other,Apply Rule On Other,Select,varchar(140),Item Code|Item Group|Brand,0,0,0,0,,
Accounts,Pricing Rule,other_item_code,Item Code,Link,varchar(140),Item,0,0,0,0,,
Accounts,Pricing Rule,other_item_group,Item Group,Link,varchar(140),Item Group,0,0,0,0,,
Accounts,Pricing Rule,other_brand,Brand,Link,varchar(140),Brand,0,0,0,0,,
Accounts,Pricing Rule,selling,Selling,Check,smallint,,0,0,0,0,0,
Accounts,Pricing Rule,buying,Buying,Check,smallint,,0,0,0,0,0,
Accounts,Pricing Rule,applicable_for,Applicable For,Select,varchar(140),Customer|Customer Group|Territory|Sales Partner|Campaign|Supplier|Supplier Group,0,0,0,0,,
Accounts,Pricing Rule,customer,Customer,Link,varchar(140),Customer,0,0,0,0,,
Accounts,Pricing Rule,customer_group,Customer Group,Link,varchar(140),Customer Group,0,0,0,0,,
Accounts,Pricing Rule,territory,Territory,Link,varchar(140),Territory,0,0,0,0,,
Accounts,Pricing Rule,sales_partner,Sales Partner,Link,varchar(140),Sales Partner,0,0,0,0,,
Accounts,Pricing Rule,campaign,Campaign,Link,varchar(140),UTM Campaign,0,0,0,0,,
Accounts,Pricing Rule,supplier,Supplier,Link,varchar(140),Supplier,0,0,0,0,,
Accounts,Pricing Rule,supplier_group,Supplier Group,Link,varchar(140),Supplier Group,0,0,0,0,,
Accounts,Pricing Rule,min_qty,Min Qty (As Per Stock UOM),Float,"numeric(21,9)",,0,0,0,0,,
Accounts,Pricing Rule,max_qty,Max Qty (As Per Stock UOM),Float,"numeric(21,9)",,0,0,0,0,,
Accounts,Pricing Rule,min_amt,Min Amt,Currency,"numeric(21,9)",currency,0,0,0,0,0,
Accounts,Pricing Rule,max_amt,Max Amt,Currency,"numeric(21,9)",currency,0,0,0,0,0,
Accounts,Pricing Rule,valid_from,Valid From,Date,date,,0,0,0,0,Today,
Accounts,Pricing Rule,valid_upto,Valid Up To,Date,date,,0,0,0,0,,
Accounts,Pricing Rule,company,Company,Link,varchar(140),Company,0,0,0,0,,
Accounts,Pricing Rule,currency,Currency,Link,varchar(140),Currency,1,0,0,0,,
Accounts,Pricing Rule,margin_type,Margin Type,Select,varchar(140),Percentage|Amount,0,0,0,0,Percentage,
Accounts,Pricing Rule,margin_rate_or_amount,Margin Rate or Amount,Float,"numeric(21,9)",,0,0,0,0,0,
Accounts,Pricing Rule,rate_or_discount,Rate or Discount,Select,varchar(140),Rate|Discount Percentage|Discount Amount,0,0,0,0,Discount Percentage,
Accounts,Pricing Rule,apply_discount_on,Apply Discount On,Select,varchar(140),Grand Total|Net Total,0,0,0,0,Grand Total,
Accounts,Pricing Rule,rate,Rate,Currency,"numeric(21,9)",currency,0,0,0,0,0,
Accounts,Pricing Rule,discount_amount,Discount Amount,Currency,"numeric(21,9)",currency,0,0,0,0,0,
Accounts,Pricing Rule,discount_percentage,Discount Percentage,Float,"numeric(21,9)",,0,0,0,0,,
Accounts,Pricing Rule,for_price_list,For Price List,Link,varchar(140),Price List,0,0,0,0,,
Accounts,Pricing Rule,same_item,Same Item,Check,smallint,,0,0,0,0,0,
Accounts,Pricing Rule,free_item,Free Item,Link,varchar(140),Item,0,0,0,0,,
Accounts,Pricing Rule,free_qty,Qty,Float,"numeric(21,9)",,0,0,0,0,0,
Accounts,Pricing Rule,free_item_uom,UOM,Link,varchar(140),UOM,0,0,0,0,,
Accounts,Pricing Rule,free_item_rate,Free Item Rate,Currency,"numeric(21,9)",,0,0,0,0,,
Accounts,Pricing Rule,threshold_percentage,Threshold for Suggestion (In Percentage),Percent,"numeric(21,9)",,0,0,0,0,,
Accounts,Pricing Rule,priority,Priority,Select,varchar(140),1|2|3|4|5|6|7|8|9|10|11|12|13|14|15|16|17|18|19|20,0,0,0,0,,
Accounts,Pricing Rule,apply_multiple_pricing_rules,Apply Multiple Pricing Rules,Check,smallint,,0,0,0,0,0,
Accounts,Pricing Rule,apply_discount_on_rate,Apply Discount on Discounted Rate,Check,smallint,,0,0,0,0,0,
Accounts,Pricing Rule,validate_applied_rule,Validate Applied Rule,Check,smallint,,0,0,0,0,0,
Accounts,Pricing Rule,rule_description,Rule Description,Small Text,text,,0,0,0,0,,
Accounts,Pricing Rule,promotional_scheme_id,Promotional Scheme Id,Data,varchar(140),,0,0,0,1,,
Accounts,Pricing Rule,promotional_scheme,Promotional Scheme,Link,varchar(140),Promotional Scheme,0,0,0,1,,
Accounts,Pricing Rule,condition,Condition,Code,text,PythonExpression,0,0,0,0,,
Accounts,Pricing Rule,is_recursive,Is Recursive,Check,smallint,,0,0,0,0,0,
Accounts,Pricing Rule,naming_series,Naming Series,Select,varchar(140),PRLE-.####,0,0,0,0,PRLE-.####,
Accounts,Pricing Rule,round_free_qty,Round Free Qty,Check,smallint,,0,0,0,0,0,
Accounts,Pricing Rule,recurse_for,Recurse Every (As Per Transaction UOM),Float,"numeric(21,9)",,0,0,0,0,,
Accounts,Pricing Rule,apply_recursion_over,Apply Recursion Over (As Per Transaction UOM),Float,"numeric(21,9)",,0,0,0,0,0,
Accounts,Pricing Rule,has_priority,Has Priority,Check,smallint,,0,0,0,0,0,
Accounts,Pricing Rule,dont_enforce_free_item_qty,Don't Enforce Free Item Qty,Check,smallint,,0,0,0,0,0,
Accounts,Pricing Rule Brand,brand,Brand,Link,varchar(140),Brand,0,0,1,0,,
Accounts,Pricing Rule Brand,uom,UOM,Link,varchar(140),UOM,0,0,0,0,,
Accounts,Pricing Rule Detail,pricing_rule,Pricing Rule,Link,varchar(140),Pricing Rule,0,0,0,1,,
Accounts,Pricing Rule Detail,item_code,Item Code,Data,varchar(140),,0,0,0,1,,
Accounts,Pricing Rule Detail,margin_type,Margin Type,Data,varchar(140),,0,0,0,1,,
Accounts,Pricing Rule Detail,rate_or_discount,Rate or Discount,Data,varchar(140),,0,0,0,1,,
Accounts,Pricing Rule Detail,child_docname,Child Docname,Data,varchar(140),,0,0,0,1,,
Accounts,Pricing Rule Detail,rule_applied,Rule Applied,Check,smallint,,0,0,0,1,1,
Accounts,Pricing Rule Item Code,item_code,Item Code,Link,varchar(140),Item,0,0,1,0,,
Accounts,Pricing Rule Item Code,uom,UOM,Link,varchar(140),UOM,0,0,0,0,,
Accounts,Pricing Rule Item Group,item_group,Item Group,Link,varchar(140),Item Group,0,0,1,0,,
Accounts,Pricing Rule Item Group,uom,UOM,Link,varchar(140),UOM,0,0,0,0,,
Accounts,Process Deferred Accounting,type,Type,Select,varchar(140),Income|Expense,1,0,0,0,,
Accounts,Process Deferred Accounting,amended_from,Amended From,Link,varchar(140),Process Deferred Accounting,0,0,0,1,,
Accounts,Process Deferred Accounting,start_date,Service Start Date,Date,date,,1,0,0,0,,
Accounts,Process Deferred Accounting,end_date,Service End Date,Date,date,,1,0,0,0,,
Accounts,Process Deferred Accounting,posting_date,Posting Date,Date,date,,1,0,0,0,Today,
Accounts,Process Deferred Accounting,account,Account,Link,varchar(140),Account,0,0,0,0,,
Accounts,Process Deferred Accounting,company,Company,Link,varchar(140),Company,1,0,0,0,,
Accounts,Process Payment Reconciliation,status,Status,Select,varchar(140),Queued|Running|Paused|Completed|Partially Reconciled|Failed|Cancelled,0,0,0,1,,
Accounts,Process Payment Reconciliation,company,Company,Link,varchar(140),Company,1,0,0,0,,
Accounts,Process Payment Reconciliation,party_type,Party Type,Link,varchar(140),DocType,1,0,0,0,,
Accounts,Process Payment Reconciliation,party,Party,Dynamic Link,varchar(140),party_type,1,0,0,0,,
Accounts,Process Payment Reconciliation,receivable_payable_account,Receivable/Payable Account,Link,varchar(140),Account,1,0,0,0,,
Accounts,Process Payment Reconciliation,from_invoice_date,From Invoice Date,Date,date,,0,0,0,0,,
Accounts,Process Payment Reconciliation,to_invoice_date,To Invoice Date,Date,date,,0,0,0,0,,
Accounts,Process Payment Reconciliation,from_payment_date,From Payment Date,Date,date,,0,0,0,0,,
Accounts,Process Payment Reconciliation,to_payment_date,To Payment Date,Date,date,,0,0,0,0,,
Accounts,Process Payment Reconciliation,cost_center,Cost Center,Link,varchar(140),Cost Center,0,0,0,0,,
Accounts,Process Payment Reconciliation,bank_cash_account,Bank/Cash Account,Link,varchar(140),Account,0,0,0,0,,
Accounts,Process Payment Reconciliation,error_log,Error Log,Long Text,text,,0,0,0,0,,
Accounts,Process Payment Reconciliation,amended_from,Amended From,Link,varchar(140),Process Payment Reconciliation,0,0,0,1,,
Accounts,Process Payment Reconciliation,default_advance_account,Default Advance Account,Link,varchar(140),Account,0,0,0,0,,
Accounts,Process Payment Reconciliation Log,reconciled,Reconciled,Check,smallint,,0,0,0,1,0,
Accounts,Process Payment Reconciliation Log,total_allocations,Total Allocations,Int,integer,,0,0,0,1,,
Accounts,Process Payment Reconciliation Log,allocated,Allocated,Check,smallint,,0,0,0,1,0,
Accounts,Process Payment Reconciliation Log,reconciled_entries,Reconciled Entries,Int,integer,,0,0,0,1,,
Accounts,Process Payment Reconciliation Log,error_log,Reconciliation Error Log,Long Text,text,,0,0,0,1,,
Accounts,Process Payment Reconciliation Log,process_pr,Parent Document,Link,varchar(140),Process Payment Reconciliation,1,0,0,1,,
Accounts,Process Payment Reconciliation Log,status,Status,Select,varchar(140),Running|Paused|Reconciled|Partially Reconciled|Failed|Cancelled,0,0,0,1,,
Accounts,Process Payment Reconciliation Log Allocations,reference_type,Reference Type,Link,varchar(140),DocType,1,0,0,1,,
Accounts,Process Payment Reconciliation Log Allocations,reference_name,Reference Name,Dynamic Link,varchar(140),reference_type,1,0,0,1,,
Accounts,Process Payment Reconciliation Log Allocations,reference_row,Reference Row,Data,varchar(140),,0,0,0,1,,
Accounts,Process Payment Reconciliation Log Allocations,invoice_type,Invoice Type,Link,varchar(140),DocType,1,0,0,1,,
Accounts,Process Payment Reconciliation Log Allocations,invoice_number,Invoice Number,Dynamic Link,varchar(140),invoice_type,1,0,0,1,,
Accounts,Process Payment Reconciliation Log Allocations,allocated_amount,Allocated Amount,Currency,"numeric(21,9)",currency,1,0,0,0,,
Accounts,Process Payment Reconciliation Log Allocations,unreconciled_amount,Unreconciled Amount,Currency,"numeric(21,9)",currency,0,0,0,1,,
Accounts,Process Payment Reconciliation Log Allocations,amount,Amount,Currency,"numeric(21,9)",currency,0,0,0,1,,
Accounts,Process Payment Reconciliation Log Allocations,is_advance,Is Advance,Data,varchar(140),,0,0,0,1,,
Accounts,Process Payment Reconciliation Log Allocations,difference_amount,Difference Amount,Currency,"numeric(21,9)",Currency,0,0,0,1,,
Accounts,Process Payment Reconciliation Log Allocations,difference_account,Difference Account,Link,varchar(140),Account,0,0,0,1,,
Accounts,Process Payment Reconciliation Log Allocations,exchange_rate,Exchange Rate,Float,"numeric(21,9)",,0,0,0,1,,
Accounts,Process Payment Reconciliation Log Allocations,currency,Currency,Link,varchar(140),Currency,0,0,0,0,,
Accounts,Process Payment Reconciliation Log Allocations,reconciled,Reconciled,Check,smallint,,0,0,0,0,0,
Accounts,Process Payment Reconciliation Log Allocations,gain_loss_posting_date,Difference Posting Date,Date,date,,0,0,0,0,,
Accounts,Process Period Closing Voucher,parent_pcv,PCV,Link,varchar(140),Period Closing Voucher,1,0,0,0,,
Accounts,Process Period Closing Voucher,status,Status,Select,varchar(140),Queued|Running|Paused|Completed|Cancelled,0,0,0,0,Queued,
Accounts,Process Period Closing Voucher,amended_from,Amended From,Link,varchar(140),Process Period Closing Voucher,0,0,1,1,,
Accounts,Process Period Closing Voucher,p_l_closing_balance,P&L Closing Balance,JSON,jsonb,,0,0,0,0,,
Accounts,Process Period Closing Voucher,bs_closing_balance,Balance Sheet Closing Balance,JSON,jsonb,,0,0,0,0,,
Accounts,Process Period Closing Voucher Detail,processing_date,Processing Date,Date,date,,0,0,0,0,,
Accounts,Process Period Closing Voucher Detail,status,Status,Select,varchar(140),Queued|Running|Paused|Completed|Cancelled,0,0,0,0,Queued,
Accounts,Process Period Closing Voucher Detail,closing_balance,Closing Balance,JSON,jsonb,,0,0,0,0,,
Accounts,Process Period Closing Voucher Detail,report_type,Report Type,Select,varchar(140),Profit and Loss|Balance Sheet,0,0,0,0,Profit and Loss,
Accounts,Process Statement Of Accounts,frequency,Frequency,Select,varchar(140),Daily|Weekly|Biweekly|Monthly|Quarterly,0,0,0,0,,
Accounts,Process Statement Of Accounts,company,Company,Link,varchar(140),Company,1,0,0,0,,
Accounts,Process Statement Of Accounts,from_date,From Date,Date,date,,0,0,0,0,,
Accounts,Process Statement Of Accounts,to_date,To Date,Date,date,,0,0,0,0,,
Accounts,Process Statement Of Accounts,customer_collection,Select Customers By,Select,varchar(140),Customer Group|Territory|Sales Partner|Sales Person,0,0,0,0,,
Accounts,Process Statement Of Accounts,collection_name,Recipient,Dynamic Link,varchar(140),customer_collection,0,0,0,0,,
Accounts,Process Statement Of Accounts,account,Account,Link,varchar(140),Account,0,0,0,0,,
Accounts,Process Statement Of Accounts,finance_book,Finance Book,Link,varchar(140),Finance Book,0,0,0,0,,
Accounts,Process Statement Of Accounts,orientation,Orientation,Select,varchar(140),Landscape|Portrait,0,0,0,0,,
Accounts,Process Statement Of Accounts,start_date,Start Date,Date,date,,0,0,0,0,Today,
Accounts,Process Statement Of Accounts,currency,Currency,Link,varchar(140),Currency,0,0,0,0,,
Accounts,Process Statement Of Accounts,include_ageing,Include Ageing Summary,Check,smallint,,0,0,0,0,0,
Accounts,Process Statement Of Accounts,ageing_based_on,Ageing Based On,Select,varchar(140),Due Date|Posting Date,0,0,0,0,Due Date,
Accounts,Process Statement Of Accounts,enable_auto_email,Enable Auto Email,Check,smallint,,0,0,0,0,0,
Accounts,Process Statement Of Accounts,primary_mandatory,Send To Primary Contact,Check,smallint,,0,0,0,0,1,
Accounts,Process Statement Of Accounts,filter_duration,Filter Duration (Months),Int,integer,,0,0,0,0,1,
Accounts,Process Statement Of Accounts,subject,Subject,Data,varchar(140),,0,0,0,0,,
Accounts,Process Statement Of Accounts,body,Body,Text Editor,text,,0,0,0,0,,
Accounts,Process Statement Of Accounts,letter_head,Letter Head,Link,varchar(140),Letter Head,0,0,0,0,,
Accounts,Process Statement Of Accounts,terms_and_conditions,Terms and Conditions,Link,varchar(140),Terms and Conditions,0,0,0,0,,
Accounts,Process Statement Of Accounts,include_break,Page Break After Each SoA,Check,smallint,,0,0,0,0,1,
Accounts,Process Statement Of Accounts,show_net_values_in_party_account,Show Net Values in Party Account,Check,smallint,,0,0,0,0,0,
Accounts,Process Statement Of Accounts,sender,Sender,Link,varchar(140),Email Account,0,0,0,0,,
Accounts,Process Statement Of Accounts,report,Report,Select,varchar(140),General Ledger|Accounts Receivable,1,0,0,0,,
Accounts,Process Statement Of Accounts,posting_date,Posting Date,Date,date,,0,0,0,0,Today,
Accounts,Process Statement Of Accounts,payment_terms_template,Payment Terms Template,Link,varchar(140),Payment Terms Template,0,0,0,0,,
Accounts,Process Statement Of Accounts,sales_partner,Sales Partner,Link,varchar(140),Sales Partner,0,0,0,0,,
Accounts,Process Statement Of Accounts,sales_person,Sales Person,Link,varchar(140),Sales Person,0,0,0,0,,
Accounts,Process Statement Of Accounts,territory,Territory,Link,varchar(140),Territory,0,0,0,0,,
Accounts,Process Statement Of Accounts,based_on_payment_terms,Based On Payment Terms,Check,smallint,,0,0,0,0,0,
Accounts,Process Statement Of Accounts,pdf_name,PDF Name,Data,varchar(140),,0,0,0,0,,
Accounts,Process Statement Of Accounts,ignore_exchange_rate_revaluation_journals,Ignore Exchange Rate Revaluation and Gain / Loss Journals,Check,smallint,,0,0,0,0,0,
Accounts,Process Statement Of Accounts,ignore_cr_dr_notes,Ignore System Generated Credit / Debit Notes,Check,smallint,,0,0,0,0,0,
Accounts,Process Statement Of Accounts,show_remarks,Show Remarks,Check,smallint,,0,0,0,0,0,
Accounts,Process Statement Of Accounts,categorize_by,Categorize By,Select,varchar(140),Categorize by Voucher|Categorize by Voucher (Consolidated),0,0,0,0,Categorize by Voucher (Consolidated),
Accounts,Process Statement Of Accounts,show_future_payments,Show Future Payments,Check,smallint,,0,0,0,0,0,
Accounts,Process Statement Of Accounts,print_format,Print Format,Link,varchar(140),Print Format,0,0,0,0,,
Accounts,Process Statement Of Accounts,show_opening_entries,Show Opening Entries,Check,smallint,,0,0,0,0,0,
Accounts,Process Statement Of Accounts CC,cc,CC,Link,varchar(140),User,0,0,0,0,,
Accounts,Process Statement Of Accounts Customer,customer,Customer,Link,varchar(140),Customer,1,0,0,0,,
Accounts,Process Statement Of Accounts Customer,primary_email,Primary Contact Email,Read Only,varchar(140),,0,0,0,0,,
Accounts,Process Statement Of Accounts Customer,billing_email,Billing Email,Data,varchar(140),,0,0,0,0,,
Accounts,Process Statement Of Accounts Customer,customer_name,Customer Name,Data,varchar(140),,0,0,0,1,,customer.customer_name
Accounts,Process Subscription,amended_from,Amended From,Link,varchar(140),Process Subscription,0,0,0,1,,
Accounts,Process Subscription,posting_date,Posting Date,Date,date,,1,0,0,0,,
Accounts,Process Subscription,subscription,Subscription,Link,varchar(140),Subscription,0,0,0,0,,
Accounts,Promotional Scheme,apply_on,Apply On,Select,varchar(140),Item Code|Item Group|Brand|Transaction,1,0,0,0,Item Code,
Accounts,Promotional Scheme,disable,Disable,Check,smallint,,0,0,0,0,0,
Accounts,Promotional Scheme,mixed_conditions,Mixed Conditions,Check,smallint,,0,0,0,0,0,
Accounts,Promotional Scheme,is_cumulative,Is Cumulative,Check,smallint,,0,0,0,0,0,
Accounts,Promotional Scheme,apply_rule_on_other,Apply Rule On Other,Select,varchar(140),Item Code|Item Group|Brand,0,0,0,0,,
Accounts,Promotional Scheme,other_item_code,Item Code,Link,varchar(140),Item,0,0,0,0,,
Accounts,Promotional Scheme,other_item_group,Item Group,Link,varchar(140),Item Group,0,0,0,0,,
Accounts,Promotional Scheme,other_brand,Brand,Link,varchar(140),Brand,0,0,0,0,,
Accounts,Promotional Scheme,selling,Selling,Check,smallint,,0,0,0,0,0,
Accounts,Promotional Scheme,buying,Buying,Check,smallint,,0,0,0,0,0,
Accounts,Promotional Scheme,applicable_for,Applicable For,Select,varchar(140),Customer|Customer Group|Territory|Sales Partner|Campaign|Supplier|Supplier Group,0,0,0,0,,
Accounts,Promotional Scheme,valid_from,Valid From,Date,date,,0,0,0,0,Today,
Accounts,Promotional Scheme,valid_upto,Valid Up To,Date,date,,0,0,0,0,,
Accounts,Promotional Scheme,company,Company,Link,varchar(140),Company,1,0,0,0,,
Accounts,Promotional Scheme,currency,Currency,Link,varchar(140),Currency,0,0,0,0,,
Accounts,Promotional Scheme Price Discount,disable,Disable,Check,smallint,,0,0,0,0,0,
Accounts,Promotional Scheme Price Discount,rule_description,Rule Description,Small Text,text,,1,0,0,0,,
Accounts,Promotional Scheme Price Discount,min_qty,Min Qty,Float,"numeric(21,9)",,0,0,0,0,0,
Accounts,Promotional Scheme Price Discount,max_qty,Max Qty,Float,"numeric(21,9)",,0,0,0,0,0,
Accounts,Promotional Scheme Price Discount,min_amount,Min Amount,Currency,"numeric(21,9)",,0,0,0,0,0,
Accounts,Promotional Scheme Price Discount,max_amount,Max Amount,Currency,"numeric(21,9)",,0,0,0,0,0,
Accounts,Promotional Scheme Price Discount,rate_or_discount,Discount Type,Select,varchar(140),Rate|Discount Percentage|Discount Amount,0,0,0,0,Discount Percentage,
Accounts,Promotional Scheme Price Discount,rate,Rate,Currency,"numeric(21,9)",,0,0,0,0,,
Accounts,Promotional Scheme Price Discount,discount_amount,Discount Amount,Currency,"numeric(21,9)",,0,0,0,0,,
Accounts,Promotional Scheme Price Discount,discount_percentage,Discount Percentage,Float,"numeric(21,9)",,0,0,0,0,,
Accounts,Promotional Scheme Price Discount,for_price_list,For Price List,Link,varchar(140),Price List,0,0,0,0,,
Accounts,Promotional Scheme Price Discount,warehouse,Warehouse,Link,varchar(140),Warehouse,0,0,0,0,,
Accounts,Promotional Scheme Price Discount,threshold_percentage,Threshold for Suggestion,Percent,"numeric(21,9)",,0,0,0,0,,
Accounts,Promotional Scheme Price Discount,validate_applied_rule,Validate Applied Rule,Check,smallint,,0,0,0,0,0,
Accounts,Promotional Scheme Price Discount,priority,Priority,Select,varchar(140),1|2|3|4|5|6|7|8|9|10|11|12|13|14|15|16|17|18|19|20,0,0,0,0,,
Accounts,Promotional Scheme Price Discount,apply_multiple_pricing_rules,Apply Multiple Pricing Rules,Check,smallint,,0,0,0,0,0,
Accounts,Promotional Scheme Price Discount,apply_discount_on_rate,Apply Discount on Rate,Check,smallint,,0,0,0,0,0,
Accounts,Promotional Scheme Product Discount,disable,Disable,Check,smallint,,0,0,0,0,0,
Accounts,Promotional Scheme Product Discount,rule_description,Rule Description,Small Text,text,,1,0,0,0,,
Accounts,Promotional Scheme Product Discount,min_qty,Min Qty,Float,"numeric(21,9)",,0,0,0,0,0,
Accounts,Promotional Scheme Product Discount,max_qty,Max Qty,Float,"numeric(21,9)",,0,0,0,0,0,
Accounts,Promotional Scheme Product Discount,min_amount,Min Amount,Currency,"numeric(21,9)",,0,0,0,0,0,
Accounts,Promotional Scheme Product Discount,max_amount,Max Amount,Currency,"numeric(21,9)",,0,0,0,0,0,
Accounts,Promotional Scheme Product Discount,same_item,Same Item,Check,smallint,,0,0,0,0,0,
Accounts,Promotional Scheme Product Discount,free_item,Item Code,Link,varchar(140),Item,0,0,0,0,,
Accounts,Promotional Scheme Product Discount,free_qty,Qty,Float,"numeric(21,9)",,0,0,0,0,,
Accounts,Promotional Scheme Product Discount,free_item_uom,UOM,Link,varchar(140),UOM,0,0,0,0,,
Accounts,Promotional Scheme Product Discount,free_item_rate,Rate,Currency,"numeric(21,9)",,0,0,0,0,,
Accounts,Promotional Scheme Product Discount,warehouse,Warehouse,Link,varchar(140),Warehouse,0,0,0,0,,
Accounts,Promotional Scheme Product Discount,threshold_percentage,Threshold for Suggestion,Percent,"numeric(21,9)",,0,0,0,0,,
Accounts,Promotional Scheme Product Discount,priority,Priority,Select,varchar(140),1|2|3|4|5|6|7|8|9|10|11|12|13|14|15|16|17|18|19|20,0,0,0,0,,
Accounts,Promotional Scheme Product Discount,apply_multiple_pricing_rules,Apply Multiple Pricing Rules,Check,smallint,,0,0,0,0,0,
Accounts,Promotional Scheme Product Discount,is_recursive,Is Recursive,Check,smallint,,0,0,0,0,0,
Accounts,Promotional Scheme Product Discount,recurse_for,Recurse Every (As Per Transaction UOM),Float,"numeric(21,9)",,0,0,0,0,0,
Accounts,Promotional Scheme Product Discount,apply_recursion_over,Apply Recursion Over (As Per Transaction UOM),Float,"numeric(21,9)",,0,0,0,0,0,
Accounts,Promotional Scheme Product Discount,round_free_qty,Round Free Qty,Check,smallint,,0,0,0,0,0,
Accounts,Purchase Invoice,title,Title,Data,varchar(140),,0,0,0,0,,
Accounts,Purchase Invoice,naming_series,Series,Select,varchar(140),ACC-PINV-.YYYY.-|ACC-PINV-RET-.YYYY.-,1,0,0,0,,
Accounts,Purchase Invoice,supplier,Supplier,Link,varchar(140),Supplier,1,0,1,0,,
Accounts,Purchase Invoice,supplier_name,Supplier Name,Data,varchar(140),,0,0,0,1,,supplier.supplier_name
Accounts,Purchase Invoice,tax_id,Tax Id,Read Only,varchar(140),,0,0,0,1,,supplier.tax_id
Accounts,Purchase Invoice,due_date,Due Date,Date,date,,0,0,0,0,,
Accounts,Purchase Invoice,is_paid,Is Paid,Check,smallint,,0,0,0,0,0,
Accounts,Purchase Invoice,is_return,Is Return (Debit Note),Check,smallint,,0,0,0,0,0,
Accounts,Purchase Invoice,apply_tds,Consider for Tax Withholding,Check,smallint,,0,0,0,0,0,
Accounts,Purchase Invoice,company,Company,Link,varchar(140),Company,0,0,0,0,,
Accounts,Purchase Invoice,cost_center,Cost Center,Link,varchar(140),Cost Center,0,0,0,0,,
Accounts,Purchase Invoice,posting_date,Posting Date,Date,date,,1,0,1,0,Today,
Accounts,Purchase Invoice,posting_time,Posting Time,Time,time(6),,0,0,0,0,Now,
Accounts,Purchase Invoice,set_posting_time,Edit Posting Date and Time,Check,smallint,,0,0,0,0,0,
Accounts,Purchase Invoice,amended_from,Amended From,Link,varchar(140),Purchase Invoice,0,0,0,1,,
Accounts,Purchase Invoice,on_hold,Hold Invoice,Check,smallint,,0,0,0,0,0,
Accounts,Purchase Invoice,release_date,Release Date,Date,date,,0,0,1,0,,
Accounts,Purchase Invoice,hold_comment,Reason For Putting On Hold,Small Text,text,,0,0,0,0,,
Accounts,Purchase Invoice,bill_no,Supplier Invoice No,Data,varchar(140),,0,0,1,0,,
Accounts,Purchase Invoice,bill_date,Supplier Invoice Date,Date,date,,0,0,0,0,,
Accounts,Purchase Invoice,return_against,Return Against Purchase Invoice,Link,varchar(140),Purchase Invoice,0,0,1,1,,
Accounts,Purchase Invoice,update_billed_amount_in_purchase_order,Update Billed Amount in Purchase Order,Check,smallint,,0,0,0,0,0,
Accounts,Purchase Invoice,update_billed_amount_in_purchase_receipt,Update Billed Amount in Purchase Receipt,Check,smallint,,0,0,0,0,1,
Accounts,Purchase Invoice,supplier_address,Select Supplier Address,Link,varchar(140),Address,0,0,0,0,,
Accounts,Purchase Invoice,address_display,Address,Text Editor,text,,0,0,0,1,,
Accounts,Purchase Invoice,contact_person,Contact Person,Link,varchar(140),Contact,0,0,0,0,,
Accounts,Purchase Invoice,contact_display,Contact,Small Text,text,,0,0,0,1,,
Accounts,Purchase Invoice,contact_mobile,Mobile No,Small Text,text,Phone,0,0,0,1,,
Accounts,Purchase Invoice,contact_email,Contact Email,Small Text,text,Email,0,0,0,1,,
Accounts,Purchase Invoice,shipping_address,Select Shipping Address,Link,varchar(140),Address,0,0,0,0,,
Accounts,Purchase Invoice,shipping_address_display,Shipping Address,Text Editor,text,,0,0,0,1,,
Accounts,Purchase Invoice,currency,Currency,Link,varchar(140),Currency,0,0,0,0,,
Accounts,Purchase Invoice,conversion_rate,Exchange Rate,Float,"numeric(21,9)",,0,0,0,0,,
Accounts,Purchase Invoice,buying_price_list,Price List,Link,varchar(140),Price List,0,0,0,0,,
Accounts,Purchase Invoice,price_list_currency,Price List Currency,Link,varchar(140),Currency,0,0,0,1,,
Accounts,Purchase Invoice,plc_conversion_rate,Price List Exchange Rate,Float,"numeric(21,9)",,0,0,0,0,,
Accounts,Purchase Invoice,ignore_pricing_rule,Ignore Pricing Rule,Check,smallint,,0,0,0,0,0,
Accounts,Purchase Invoice,set_warehouse,Set Accepted Warehouse,Link,varchar(140),Warehouse,0,0,0,0,,
Accounts,Purchase Invoice,rejected_warehouse,Rejected Warehouse,Link,varchar(140),Warehouse,0,0,0,0,,
Accounts,Purchase Invoice,is_subcontracted,Is Subcontracted,Check,smallint,,0,0,0,1,0,
Accounts,Purchase Invoice,update_stock,Update Stock,Check,smallint,,0,0,0,0,0,
Accounts,Purchase Invoice,scan_barcode,Scan Barcode,Data,varchar(140),Barcode,0,0,0,0,,
Accounts,Purchase Invoice,total_qty,Total Quantity,Float,"numeric(21,9)",,0,0,0,1,,
Accounts,Purchase Invoice,base_total,Total (Company Currency),Currency,"numeric(21,9)",Company:company:default_currency,0,0,0,1,,
Accounts,Purchase Invoice,base_net_total,Net Total (Company Currency),Currency,"numeric(21,9)",Company:company:default_currency,0,0,0,1,,
Accounts,Purchase Invoice,total,Total,Currency,"numeric(21,9)",currency,0,0,0,1,,
Accounts,Purchase Invoice,net_total,Net Total,Currency,"numeric(21,9)",currency,0,0,0,1,,
Accounts,Purchase Invoice,total_net_weight,Total Net Weight,Float,"numeric(21,9)",,0,0,0,1,,
Accounts,Purchase Invoice,tax_category,Tax Category,Link,varchar(140),Tax Category,0,0,0,0,,
Accounts,Purchase Invoice,shipping_rule,Shipping Rule,Link,varchar(140),Shipping Rule,0,0,0,0,,
Accounts,Purchase Invoice,taxes_and_charges,Purchase Taxes and Charges Template,Link,varchar(140),Purchase Taxes and Charges Template,0,0,0,0,,
Accounts,Purchase Invoice,other_charges_calculation,Taxes and Charges Calculation,Text Editor,text,,0,0,0,1,,
Accounts,Purchase Invoice,base_taxes_and_charges_added,Taxes and Charges Added (Company Currency),Currency,"numeric(21,9)",Company:company:default_currency,0,0,0,1,,
Accounts,Purchase Invoice,base_taxes_and_charges_deducted,Taxes and Charges Deducted (Company Currency),Currency,"numeric(21,9)",Company:company:default_currency,0,0,0,1,,
Accounts,Purchase Invoice,base_total_taxes_and_charges,Total Taxes and Charges (Company Currency),Currency,"numeric(21,9)",Company:company:default_currency,0,0,0,1,,
Accounts,Purchase Invoice,taxes_and_charges_added,Taxes and Charges Added,Currency,"numeric(21,9)",currency,0,0,0,1,,
Accounts,Purchase Invoice,taxes_and_charges_deducted,Taxes and Charges Deducted,Currency,"numeric(21,9)",currency,0,0,0,1,,
Accounts,Purchase Invoice,total_taxes_and_charges,Total Taxes and Charges,Currency,"numeric(21,9)",currency,0,0,0,1,,
Accounts,Purchase Invoice,apply_discount_on,Apply Additional Discount On,Select,varchar(140),Grand Total|Net Total,0,0,0,0,Grand Total,
Accounts,Purchase Invoice,base_discount_amount,Additional Discount Amount (Company Currency),Currency,"numeric(21,9)",Company:company:default_currency,0,0,0,1,,
Accounts,Purchase Invoice,additional_discount_percentage,Additional Discount Percentage,Float,"numeric(21,9)",,0,0,0,0,,
Accounts,Purchase Invoice,discount_amount,Additional Discount Amount,Currency,"numeric(21,9)",currency,0,0,0,0,,
Accounts,Purchase Invoice,base_grand_total,Grand Total,Currency,"numeric(21,9)",Company:company:default_currency,0,0,0,1,,
Accounts,Purchase Invoice,base_rounding_adjustment,Rounding Adjustment,Currency,"numeric(21,9)",Company:company:default_currency,0,0,0,1,,
Accounts,Purchase Invoice,base_rounded_total,Rounded Total,Currency,"numeric(21,9)",Company:company:default_currency,0,0,0,1,,
Accounts,Purchase Invoice,base_in_words,In Words,Data,varchar(140),,0,0,0,1,,
Accounts,Purchase Invoice,grand_total,Grand Total,Currency,"numeric(21,9)",currency,0,0,0,1,,
Accounts,Purchase Invoice,rounding_adjustment,Rounding Adjustment,Currency,"numeric(21,9)",currency,0,0,0,1,,
Accounts,Purchase Invoice,rounded_total,Rounded Total,Currency,"numeric(21,9)",currency,0,0,0,1,,
Accounts,Purchase Invoice,in_words,In Words,Data,varchar(140),,0,0,0,1,,
Accounts,Purchase Invoice,total_advance,Total Advance,Currency,"numeric(21,9)",party_account_currency,0,0,0,1,,
Accounts,Purchase Invoice,outstanding_amount,Outstanding Amount,Currency,"numeric(21,9)",party_account_currency,0,0,0,1,,
Accounts,Purchase Invoice,disable_rounded_total,Disable Rounded Total,Check,smallint,,0,0,0,0,0,
Accounts,Purchase Invoice,mode_of_payment,Mode of Payment,Link,varchar(140),Mode of Payment,0,0,0,0,,
Accounts,Purchase Invoice,cash_bank_account,Cash/Bank Account,Link,varchar(140),Account,0,0,0,0,,
Accounts,Purchase Invoice,clearance_date,Clearance Date,Date,date,,0,0,0,1,,
Accounts,Purchase Invoice,paid_amount,Paid Amount,Currency,"numeric(21,9)",currency,0,0,0,0,,
Accounts,Purchase Invoice,base_paid_amount,Paid Amount (Company Currency),Currency,"numeric(21,9)",Company:company:default_currency,0,0,0,1,,
Accounts,Purchase Invoice,write_off_amount,Write Off Amount,Currency,"numeric(21,9)",currency,0,0,0,0,,
Accounts,Purchase Invoice,base_write_off_amount,Write Off Amount (Company Currency),Currency,"numeric(21,9)",Company:company:default_currency,0,0,0,1,,
Accounts,Purchase Invoice,write_off_account,Write Off Account,Link,varchar(140),Account,0,0,0,0,,
Accounts,Purchase Invoice,write_off_cost_center,Write Off Cost Center,Link,varchar(140),Cost Center,0,0,0,0,,
Accounts,Purchase Invoice,allocate_advances_automatically,Set Advances and Allocate (FIFO),Check,smallint,,0,0,0,0,0,
Accounts,Purchase Invoice,payment_terms_template,Payment Terms Template,Link,varchar(140),Payment Terms Template,0,0,0,0,,
Accounts,Purchase Invoice,tc_name,Terms,Link,varchar(140),Terms and Conditions,0,0,0,0,,
Accounts,Purchase Invoice,terms,Terms and Conditions,Text Editor,text,,0,0,0,0,,
Accounts,Purchase Invoice,letter_head,Letter Head,Link,varchar(140),Letter Head,0,0,0,0,,
Accounts,Purchase Invoice,group_same_items,Group same items,Check,smallint,,0,0,0,0,0,
Accounts,Purchase Invoice,select_print_heading,Print Heading,Link,varchar(140),Print Heading,0,0,0,0,,
Accounts,Purchase Invoice,language,Print Language,Data,varchar(140),,0,0,0,1,,
Accounts,Purchase Invoice,is_internal_supplier,Is Internal Supplier,Check,smallint,,0,0,0,1,0,supplier.is_internal_supplier
Accounts,Purchase Invoice,credit_to,Credit To,Link,varchar(140),Account,1,0,1,0,,
Accounts,Purchase Invoice,party_account_currency,Party Account Currency,Link,varchar(140),Currency,0,0,0,1,,
Accounts,Purchase Invoice,is_opening,Is Opening Entry,Select,varchar(140),No|Yes,0,0,0,0,No,
Accounts,Purchase Invoice,against_expense_account,Against Expense Account,Small Text,text,,0,0,0,0,,
Accounts,Purchase Invoice,status,Status,Select,varchar(140),Draft|Return|Debit Note Issued|Submitted|Paid|Partly Paid|Unpaid|Overdue|Cancelled|Internal Transfer,0,0,0,0,Draft,
Accounts,Purchase Invoice,inter_company_invoice_reference,Inter Company Invoice Reference,Link,varchar(140),Sales Invoice,0,0,0,1,,
Accounts,Purchase Invoice,remarks,Remarks,Small Text,text,,0,0,0,0,,
Accounts,Purchase Invoice,from_date,From Date,Date,date,,0,0,0,0,,
Accounts,Purchase Invoice,to_date,To Date,Date,date,,0,0,0,0,,
Accounts,Purchase Invoice,auto_repeat,Auto Repeat,Link,varchar(140),Auto Repeat,0,0,0,1,,
Accounts,Purchase Invoice,billing_address,Select Billing Address,Link,varchar(140),Address,0,0,0,0,,
Accounts,Purchase Invoice,billing_address_display,Billing Address,Text Editor,text,,0,0,0,1,,
Accounts,Purchase Invoice,project,Project,Link,varchar(140),Project,0,0,0,0,,
Accounts,Purchase Invoice,unrealized_profit_loss_account,Unrealized Profit / Loss Account,Link,varchar(140),Account,0,0,0,0,,
Accounts,Purchase Invoice,represents_company,Represents Company,Link,varchar(140),Company,0,0,0,1,,supplier.represents_company
Accounts,Purchase Invoice,set_from_warehouse,Set From Warehouse,Link,varchar(140),Warehouse,0,0,0,0,,
Accounts,Purchase Invoice,supplier_warehouse,Supplier Warehouse,Link,varchar(140),Warehouse,0,0,0,0,,
Accounts,Purchase Invoice,per_received,Per Received,Percent,"numeric(21,9)",,0,0,0,1,,
Accounts,Purchase Invoice,ignore_default_payment_terms_template,Ignore Default Payment Terms Template,Check,smallint,,0,0,0,1,0,
Accounts,Purchase Invoice,subscription,Subscription,Link,varchar(140),Subscription,0,0,0,0,,
Accounts,Purchase Invoice,incoterm,Incoterm,Link,varchar(140),Incoterm,0,0,0,0,,
Accounts,Purchase Invoice,named_place,Named Place,Data,varchar(140),,0,0,0,0,,
Accounts,Purchase Invoice,only_include_allocated_payments,Only Include Allocated Payments,Check,smallint,,0,0,0,0,0,
Accounts,Purchase Invoice,use_company_roundoff_cost_center,Use Company Default Round Off Cost Center,Check,smallint,,0,0,0,0,0,
Accounts,Purchase Invoice,use_transaction_date_exchange_rate,Use Transaction Date Exchange Rate,Check,smallint,,0,0,0,1,0,
Accounts,Purchase Invoice,supplier_group,Supplier Group,Link,varchar(140),Supplier Group,0,0,0,0,,supplier.supplier_group
Accounts,Purchase Invoice,update_outstanding_for_self,Update Outstanding for Self,Check,smallint,,0,0,0,0,1,
Accounts,Purchase Invoice,sender,Sender,Data,varchar(140),Email,0,0,0,0,,
Accounts,Purchase Invoice,dispatch_address_display,Dispatch Address,Text Editor,text,,0,0,0,1,,
Accounts,Purchase Invoice,dispatch_address,Select Dispatch Address ,Link,varchar(140),Address,0,0,0,0,,
Accounts,Purchase Invoice,claimed_landed_cost_amount,Claimed Landed Cost Amount (Company Currency),Currency,"numeric(21,9)",Company:company:default_currency,0,0,0,1,,
Accounts,Purchase Invoice,tax_withholding_group,Tax Withholding Group,Link,varchar(140),Tax Withholding Group,0,0,0,0,,
Accounts,Purchase Invoice,ignore_tax_withholding_threshold,Ignore Tax Withholding Threshold,Check,smallint,,0,0,0,0,0,
Accounts,Purchase Invoice,override_tax_withholding_entries,Edit Tax Withholding Entries,Check,smallint,,0,0,0,0,0,
Accounts,Purchase Invoice Advance,reference_type,Reference Type,Link,varchar(140),DocType,0,0,0,1,,
Accounts,Purchase Invoice Advance,reference_name,Reference Name,Dynamic Link,varchar(140),reference_type,0,0,0,1,,
Accounts,Purchase Invoice Advance,remarks,Remarks,Text,text,,0,0,0,1,,
Accounts,Purchase Invoice Advance,reference_row,Reference Row,Data,varchar(140),,0,0,0,1,,
Accounts,Purchase Invoice Advance,advance_amount,Advance Amount,Currency,"numeric(21,9)",party_account_currency,0,0,0,1,,
Accounts,Purchase Invoice Advance,allocated_amount,Allocated Amount,Currency,"numeric(21,9)",party_account_currency,0,0,0,0,,
Accounts,Purchase Invoice Advance,exchange_gain_loss,Exchange Gain/Loss,Currency,"numeric(21,9)",Company:company:default_currency,0,0,0,1,,
Accounts,Purchase Invoice Advance,ref_exchange_rate,Reference Exchange Rate,Float,"numeric(21,9)",,0,0,0,1,,
Accounts,Purchase Invoice Advance,difference_posting_date,Difference Posting Date,Date,date,,0,0,0,0,,
Accounts,Purchase Invoice Item,item_code,Item,Link,varchar(140),Item,0,0,1,0,,
Accounts,Purchase Invoice Item,item_name,Item Name,Data,varchar(140),,1,0,0,0,,item_code.item_name
Accounts,Purchase Invoice Item,description,Description,Text Editor,text,,0,0,0,0,,
Accounts,Purchase Invoice Item,image,Image,Attach,text,,0,0,0,0,,item_code.image
Accounts,Purchase Invoice Item,received_qty,Received Qty,Float,"numeric(21,9)",,0,0,0,1,,
Accounts,Purchase Invoice Item,qty,Accepted Qty,Float,"numeric(21,9)",,1,0,0,0,,
Accounts,Purchase Invoice Item,rejected_qty,Rejected Qty,Float,"numeric(21,9)",,0,0,0,0,,
Accounts,Purchase Invoice Item,stock_uom,Stock UOM,Link,varchar(140),UOM,0,0,0,1,,
Accounts,Purchase Invoice Item,uom,UOM,Link,varchar(140),UOM,1,0,0,0,,
Accounts,Purchase Invoice Item,conversion_factor,UOM Conversion Factor,Float,"numeric(21,9)",,1,0,0,1,,
Accounts,Purchase Invoice Item,stock_qty,Accepted Qty in Stock UOM,Float,"numeric(21,9)",,1,0,0,1,,
Accounts,Purchase Invoice Item,price_list_rate,Price List Rate,Currency,"numeric(21,9)",currency,0,0,0,0,,
Accounts,Purchase Invoice Item,discount_percentage,Discount on Price List Rate (%),Percent,"numeric(21,9)",,0,0,0,0,,
Accounts,Purchase Invoice Item,discount_amount,Discount Amount,Currency,"numeric(21,9)",currency,0,0,0,0,,
Accounts,Purchase Invoice Item,base_price_list_rate,Price List Rate (Company Currency),Currency,"numeric(21,9)",Company:company:default_currency,0,0,0,1,,
Accounts,Purchase Invoice Item,rate,Rate,Currency,"numeric(21,9)",currency,1,0,0,0,,
Accounts,Purchase Invoice Item,amount,Amount,Currency,"numeric(21,9)",currency,1,0,0,1,,
Accounts,Purchase Invoice Item,base_rate,Rate (Company Currency),Currency,"numeric(21,9)",Company:company:default_currency,1,0,0,1,,
Accounts,Purchase Invoice Item,base_amount,Amount (Company Currency),Currency,"numeric(21,9)",Company:company:default_currency,1,0,0,1,,
Accounts,Purchase Invoice Item,pricing_rules,Pricing Rules,Small Text,text,,0,0,0,1,,
Accounts,Purchase Invoice Item,is_free_item,Is Free Item,Check,smallint,,0,0,0,1,0,
Accounts,Purchase Invoice Item,net_rate,Net Rate,Currency,"numeric(21,9)",currency,0,0,0,1,,
Accounts,Purchase Invoice Item,net_amount,Net Amount,Currency,"numeric(21,9)",currency,0,0,0,1,,
Accounts,Purchase Invoice Item,base_net_rate,Net Rate (Company Currency),Currency,"numeric(21,9)",Company:company:default_currency,0,0,0,1,,
Accounts,Purchase Invoice Item,base_net_amount,Net Amount (Company Currency),Currency,"numeric(21,9)",Company:company:default_currency,0,0,0,1,,
Accounts,Purchase Invoice Item,weight_per_unit,Weight Per Unit,Float,"numeric(21,9)",,0,0,0,0,,
Accounts,Purchase Invoice Item,total_weight,Total Weight,Float,"numeric(21,9)",,0,0,0,1,,
Accounts,Purchase Invoice Item,weight_uom,Weight UOM,Link,varchar(140),UOM,0,0,0,0,,
Accounts,Purchase Invoice Item,warehouse,Accepted Warehouse,Link,varchar(140),Warehouse,0,0,0,0,,
Accounts,Purchase Invoice Item,rejected_warehouse,Rejected Warehouse,Link,varchar(140),Warehouse,0,0,0,0,,
Accounts,Purchase Invoice Item,quality_inspection,Quality Inspection,Link,varchar(140),Quality Inspection,0,0,0,0,,
Accounts,Purchase Invoice Item,batch_no,Batch No,Link,varchar(140),Batch,0,0,1,0,,
Accounts,Purchase Invoice Item,serial_no,Serial No,Text,text,,0,0,0,0,,
Accounts,Purchase Invoice Item,rejected_serial_no,Rejected Serial No,Text,text,,0,0,0,0,,
Accounts,Purchase Invoice Item,expense_account,Expense Head,Link,varchar(140),Account,0,0,0,0,,
Accounts,Purchase Invoice Item,item_tax_template,Item Tax Template,Link,varchar(140),Item Tax Template,0,0,0,0,,
Accounts,Purchase Invoice Item,project,Project,Link,varchar(140),Project,0,0,1,0,,
Accounts,Purchase Invoice Item,cost_center,Cost Center,Link,varchar(140),Cost Center,0,0,0,0,:Company,
Accounts,Purchase Invoice Item,deferred_expense_account,Deferred Expense Account,Link,varchar(140),Account,0,0,0,0,,
Accounts,Purchase Invoice Item,service_stop_date,Service Stop Date,Date,date,,0,0,0,0,,
Accounts,Purchase Invoice Item,enable_deferred_expense,Enable Deferred Expense,Check,smallint,,0,0,0,0,0,
Accounts,Purchase Invoice Item,service_start_date,Service Start Date,Date,date,,0,0,0,0,,
Accounts,Purchase Invoice Item,service_end_date,Service End Date,Date,date,,0,0,0,0,,
Accounts,Purchase Invoice Item,allow_zero_valuation_rate,Allow Zero Valuation Rate,Check,smallint,,0,0,0,0,0,
Accounts,Purchase Invoice Item,brand,Brand,Link,varchar(140),Brand,0,0,0,0,,
Accounts,Purchase Invoice Item,item_group,Item Group,Link,varchar(140),Item Group,0,0,0,1,,item_code.item_group
Accounts,Purchase Invoice Item,item_tax_rate,Item Tax Rate,Code,text,,0,0,0,1,,
Accounts,Purchase Invoice Item,item_tax_amount,Item Tax Amount Included in Value,Currency,"numeric(21,9)",Company:company:default_currency,0,0,0,1,,
Accounts,Purchase Invoice Item,purchase_order,Purchase Order,Link,varchar(140),Purchase Order,0,0,1,1,,
Accounts,Purchase Invoice Item,include_exploded_items,Include Exploded Items,Check,smallint,,0,0,0,1,0,
Accounts,Purchase Invoice Item,is_fixed_asset,Is Fixed Asset,Check,smallint,,0,0,0,1,0,item_code.is_fixed_asset
Accounts,Purchase Invoice Item,asset_location,Asset Location,Link,varchar(140),Location,0,0,0,0,,
Accounts,Purchase Invoice Item,po_detail,Purchase Order Item,Data,varchar(140),,0,0,1,1,,
Accounts,Purchase Invoice Item,purchase_receipt,Purchase Receipt,Link,varchar(140),Purchase Receipt,0,0,1,1,,
Accounts,Purchase Invoice Item,page_break,Page Break,Check,smallint,,0,0,0,0,0,
Accounts,Purchase Invoice Item,pr_detail,Purchase Receipt Detail,Data,varchar(140),,0,0,1,1,,
Accounts,Purchase Invoice Item,valuation_rate,Valuation Rate,Currency,"numeric(21,9)",Company:company:default_currency,0,0,0,1,,
Accounts,Purchase Invoice Item,rm_supp_cost,Raw Materials Supplied Cost,Currency,"numeric(21,9)",Company:company:default_currency,0,0,0,1,,
Accounts,Purchase Invoice Item,landed_cost_voucher_amount,Landed Cost Voucher Amount,Currency,"numeric(21,9)",Company:company:default_currency,0,0,0,1,,
Accounts,Purchase Invoice Item,manufacturer,Manufacturer,Link,varchar(140),Manufacturer,0,0,0,0,,
Accounts,Purchase Invoice Item,manufacturer_part_no,Manufacturer Part Number,Data,varchar(140),,0,0,0,0,,
Accounts,Purchase Invoice Item,asset_category,Asset Category,Link,varchar(140),Asset Category,0,0,0,1,,item_code.asset_category
Accounts,Purchase Invoice Item,from_warehouse,From Warehouse,Link,varchar(140),Warehouse,0,0,0,0,,
Accounts,Purchase Invoice Item,purchase_invoice_item,Purchase Invoice Item,Data,varchar(140),,0,0,0,1,,
Accounts,Purchase Invoice Item,stock_uom_rate,Rate of Stock UOM,Currency,"numeric(21,9)",currency,0,0,0,1,,
Accounts,Purchase Invoice Item,sales_invoice_item,Sales Invoice Item,Data,varchar(140),,0,0,0,1,,
Accounts,Purchase Invoice Item,margin_type,Margin Type,Select,varchar(140),Percentage|Amount,0,0,0,0,,
Accounts,Purchase Invoice Item,margin_rate_or_amount,Margin Rate or Amount,Float,"numeric(21,9)",,0,0,0,0,,
Accounts,Purchase Invoice Item,rate_with_margin,Rate With Margin,Currency,"numeric(21,9)",currency,0,0,0,1,,
Accounts,Purchase Invoice Item,base_rate_with_margin,Rate With Margin (Company Currency),Currency,"numeric(21,9)",Company:company:default_currency,0,0,0,1,,
Accounts,Purchase Invoice Item,product_bundle,Product Bundle,Link,varchar(140),Product Bundle,0,0,0,1,,
Accounts,Purchase Invoice Item,apply_tds,Consider for Tax Withholding,Check,smallint,,0,0,0,0,1,
Accounts,Purchase Invoice Item,serial_and_batch_bundle,Serial and Batch Bundle,Link,varchar(140),Serial and Batch Bundle,0,0,1,0,,
Accounts,Purchase Invoice Item,rejected_serial_and_batch_bundle,Rejected Serial and Batch Bundle,Link,varchar(140),Serial and Batch Bundle,0,0,1,0,,
Accounts,Purchase Invoice Item,wip_composite_asset,WIP Composite Asset,Link,varchar(140),Asset,0,0,0,0,,
Accounts,Purchase Invoice Item,use_serial_batch_fields,Use Serial No / Batch Fields,Check,smallint,,0,0,0,0,0,
Accounts,Purchase Invoice Item,material_request,Material Request,Link,varchar(140),Material Request,0,0,1,1,,
Accounts,Purchase Invoice Item,material_request_item,Material Request Item,Data,varchar(140),,0,0,1,1,,
Accounts,Purchase Invoice Item,sales_incoming_rate,Sales Incoming Rate,Currency,"numeric(21,9)",Company:company:default_currency,0,0,0,0,,
Accounts,Purchase Invoice Item,distributed_discount_amount,Distributed Discount Amount,Currency,"numeric(21,9)",currency,0,0,0,0,,
Accounts,Purchase Invoice Item,tax_withholding_category,Tax Withholding Category,Link,varchar(140),Tax Withholding Category,0,0,0,0,,
Accounts,Purchase Invoice Item,delivered_by_supplier,Delivered by Supplier,Check,smallint,,0,0,0,1,0,
Accounts,Purchase Taxes and Charges,category,Consider Tax or Charge for,Select,varchar(140),Valuation and Total|Valuation|Total,1,0,0,0,Total,
Accounts,Purchase Taxes and Charges,add_deduct_tax,Add or Deduct,Select,varchar(140),Add|Deduct,1,0,0,0,Add,
Accounts,Purchase Taxes and Charges,charge_type,Type,Select,varchar(140),Actual|On Net Total|On Previous Row Amount|On Previous Row Total|On Item Quantity,1,0,0,0,On Net Total,
Accounts,Purchase Taxes and Charges,row_id,Reference Row #,Data,varchar(140),,0,0,0,0,,
Accounts,Purchase Taxes and Charges,allocate_full_amount_to_stock_items,Allocate Full Amount to Stock Items,Check,smallint,,0,0,0,0,1,
Accounts,Purchase Taxes and Charges,included_in_print_rate,Is this Tax included in Basic Rate?,Check,smallint,,0,0,0,0,0,
Accounts,Purchase Taxes and Charges,account_head,Account Head,Link,varchar(140),Account,1,0,0,0,,
Accounts,Purchase Taxes and Charges,cost_center,Cost Center,Link,varchar(140),Cost Center,0,0,0,0,:Company,
Accounts,Purchase Taxes and Charges,description,Description,Small Text,text,,1,0,0,0,,
Accounts,Purchase Taxes and Charges,rate,Tax Rate,Float,"numeric(21,9)",,0,0,0,0,,
Accounts,Purchase Taxes and Charges,tax_amount,Amount,Currency,"numeric(21,9)",currency,0,0,0,0,,
Accounts,Purchase Taxes and Charges,tax_amount_after_discount_amount,Tax Amount After Discount Amount,Currency,"numeric(21,9)",currency,0,0,0,1,,
Accounts,Purchase Taxes and Charges,total,Total,Currency,"numeric(21,9)",currency,0,0,0,1,,
Accounts,Purchase Taxes and Charges,base_tax_amount,Amount (Company Currency),Currency,"numeric(21,9)",Company:company:default_currency,0,0,0,1,,
Accounts,Purchase Taxes and Charges,base_total,Total (Company Currency),Currency,"numeric(21,9)",Company:company:default_currency,0,0,0,0,,
Accounts,Purchase Taxes and Charges,base_tax_amount_after_discount_amount,Tax Amount After Discount Amount,Currency,"numeric(21,9)",Company:company:default_currency,0,0,0,1,,
Accounts,Purchase Taxes and Charges,project,Project,Link,varchar(140),Project,0,0,0,0,,
Accounts,Purchase Taxes and Charges,included_in_paid_amount,Considered In Paid Amount,Check,smallint,,0,0,0,0,0,
Accounts,Purchase Taxes and Charges,account_currency,Account Currency,Link,varchar(140),Currency,0,0,0,1,,account_head.account_currency
Accounts,Purchase Taxes and Charges,is_tax_withholding_account,Is Tax Withholding Account,Check,smallint,,0,0,0,1,0,
Accounts,Purchase Taxes and Charges,net_amount,Net Amount,Currency,"numeric(21,9)",currency,0,0,0,1,,
Accounts,Purchase Taxes and Charges,base_net_amount,Net Amount (Company Currency),Currency,"numeric(21,9)",Company:company:default_currency,0,0,0,1,,
Accounts,Purchase Taxes and Charges,set_by_item_tax_template,Set by Item Tax Template,Check,smallint,,0,0,0,1,0,
Accounts,Purchase Taxes and Charges,dont_recompute_tax,Don't Recompute Tax,Check,smallint,,0,0,0,1,0,
Accounts,Purchase Taxes and Charges Template,title,Title,Data,varchar(140),,1,0,0,0,,
Accounts,Purchase Taxes and Charges Template,is_default,Default,Check,smallint,,0,0,0,0,0,
Accounts,Purchase Taxes and Charges Template,disabled,Disabled,Check,smallint,,0,0,0,0,0,
Accounts,Purchase Taxes and Charges Template,company,Company,Link,varchar(140),Company,1,0,0,0,,
Accounts,Purchase Taxes and Charges Template,tax_category,Tax Category,Link,varchar(140),Tax Category,0,0,0,0,,
Accounts,Repost Accounting Ledger,company,Company,Link,varchar(140),Company,0,0,0,0,,
Accounts,Repost Accounting Ledger,amended_from,Amended From,Link,varchar(140),Repost Accounting Ledger,0,0,0,1,,
Accounts,Repost Accounting Ledger,delete_cancelled_entries,Delete Cancelled Ledger Entries,Check,smallint,,0,0,0,0,0,
Accounts,Repost Accounting Ledger,error_log,Error Log,Code,text,,0,0,0,1,,
Accounts,Repost Accounting Ledger,status,Status,Select,varchar(140),Queued|In Progress|Partially Reposted|Completed|Failed|Cancelled,0,0,0,1,,
Accounts,Repost Accounting Ledger,scheduled_job,Scheduled Job,Link,varchar(140),RQ Job,0,0,0,1,,
Accounts,Repost Accounting Ledger Items,voucher_type,Voucher Type,Link,varchar(140),DocType,1,0,0,0,,
Accounts,Repost Accounting Ledger Items,voucher_no,Voucher No,Dynamic Link,varchar(140),voucher_type,1,0,0,0,,
Accounts,Repost Accounting Ledger Items,status,Status,Select,varchar(140),Pending|Reposted|Skipped|Failed,0,0,0,1,Pending,
Accounts,Repost Accounting Ledger Items,traceback,Traceback,Code,text,,0,0,0,1,,
Accounts,Repost Allowed Types,document_type,Doctype,Link,varchar(140),DocType,0,0,0,0,,
Accounts,Repost Payment Ledger,posting_date,Posting Date,Date,date,,1,0,0,0,Today,
Accounts,Repost Payment Ledger,voucher_type,Voucher Type,Link,varchar(140),DocType,0,0,0,0,,
Accounts,Repost Payment Ledger,amended_from,Amended From,Link,varchar(140),Repost Payment Ledger,0,0,0,1,,
Accounts,Repost Payment Ledger,company,Company,Link,varchar(140),Company,1,0,0,0,,
Accounts,Repost Payment Ledger,repost_status,Repost Status,Select,varchar(140),Queued|Failed|Completed,0,0,0,1,,
Accounts,Repost Payment Ledger,add_manually,Add Manually,Check,smallint,,0,0,0,0,0,
Accounts,Repost Payment Ledger,repost_error_log,Repost Error Log,Long Text,text,,0,0,0,0,,
Accounts,Repost Payment Ledger Items,voucher_type,Voucher Type,Link,varchar(140),DocType,0,0,0,0,,
Accounts,Repost Payment Ledger Items,voucher_no,Voucher No,Dynamic Link,varchar(140),voucher_type,0,0,0,0,,
Accounts,Sales Invoice,naming_series,Series,Select,varchar(140),ACC-SINV-.YYYY.-|ACC-SINV-RET-.YYYY.-,1,0,0,0,,
Accounts,Sales Invoice,customer,Customer,Link,varchar(140),Customer,1,0,1,0,,
Accounts,Sales Invoice,customer_name,Customer Name,Small Text,text,,0,0,0,1,,customer.customer_name
Accounts,Sales Invoice,tax_id,Tax Id,Data,varchar(140),,0,0,0,1,,customer.tax_id
Accounts,Sales Invoice,project,Project,Link,varchar(140),Project,0,0,1,0,,
Accounts,Sales Invoice,is_pos,Include Payment (POS),Check,smallint,,0,0,0,0,0,
Accounts,Sales Invoice,pos_profile,POS Profile,Link,varchar(140),POS Profile,0,0,0,0,,
Accounts,Sales Invoice,is_return,Is Return (Credit Note),Check,smallint,,0,0,0,0,0,
Accounts,Sales Invoice,company,Company,Link,varchar(140),Company,1,0,0,0,,
Accounts,Sales Invoice,cost_center,Cost Center,Link,varchar(140),Cost Center,0,0,0,0,,
Accounts,Sales Invoice,posting_date,Posting Date,Date,date,,1,0,1,0,Today,
Accounts,Sales Invoice,posting_time,Posting Time,Time,time(6),,0,0,0,0,Now,
Accounts,Sales Invoice,set_posting_time,Edit Posting Date and Time,Check,smallint,,0,0,0,0,0,
Accounts,Sales Invoice,due_date,Payment Due Date,Date,date,,0,0,0,0,,
Accounts,Sales Invoice,amended_from,Amended From,Link,varchar(140),Sales Invoice,0,0,0,1,,
Accounts,Sales Invoice,return_against,Return Against,Link,varchar(140),Sales Invoice,0,0,1,0,,
Accounts,Sales Invoice,update_billed_amount_in_sales_order,Update Billed Amount in Sales Order,Check,smallint,,0,0,0,0,0,
Accounts,Sales Invoice,po_no,Customer's Purchase Order,Data,varchar(140),,0,0,0,0,,
Accounts,Sales Invoice,po_date,Customer's Purchase Order Date,Date,date,,0,0,0,0,,
Accounts,Sales Invoice,customer_address,Customer Address,Link,varchar(140),Address,0,0,0,0,,
Accounts,Sales Invoice,address_display,Address,Text Editor,text,,0,0,0,1,,
Accounts,Sales Invoice,contact_person,Contact Person,Link,varchar(140),Contact,0,0,0,0,,
Accounts,Sales Invoice,contact_display,Contact,Small Text,text,,0,0,0,1,,
Accounts,Sales Invoice,contact_mobile,Mobile No,Small Text,text,Phone,0,0,0,1,,
Accounts,Sales Invoice,contact_email,Contact Email,Data,varchar(140),Email,0,0,0,1,,
Accounts,Sales Invoice,territory,Territory,Link,varchar(140),Territory,0,0,0,0,,
Accounts,Sales Invoice,shipping_address_name,Shipping Address Name,Link,varchar(140),Address,0,0,0,0,,
Accounts,Sales Invoice,shipping_address,Shipping Address,Text Editor,text,,0,0,0,1,,
Accounts,Sales Invoice,company_address,Company Address Name,Link,varchar(140),Address,0,0,0,0,,
Accounts,Sales Invoice,company_address_display,Company Address,Text Editor,text,,0,0,0,1,,
Accounts,Sales Invoice,currency,Currency,Link,varchar(140),Currency,1,0,0,0,,
Accounts,Sales Invoice,conversion_rate,Exchange Rate,Float,"numeric(21,9)",,1,0,0,0,,
Accounts,Sales Invoice,selling_price_list,Price List,Link,varchar(140),Price List,1,0,0,0,,
Accounts,Sales Invoice,price_list_currency,Price List Currency,Link,varchar(140),Currency,1,0,0,1,,
Accounts,Sales Invoice,plc_conversion_rate,Price List Exchange Rate,Float,"numeric(21,9)",,1,0,0,0,,
Accounts,Sales Invoice,ignore_pricing_rule,Ignore Pricing Rule,Check,smallint,,0,0,0,0,0,
Accounts,Sales Invoice,set_warehouse,Source Warehouse,Link,varchar(140),Warehouse,0,0,0,0,,
Accounts,Sales Invoice,update_stock,Update Stock,Check,smallint,,0,0,0,0,0,
Accounts,Sales Invoice,scan_barcode,Scan Barcode,Data,varchar(140),Barcode,0,0,0,0,,
Accounts,Sales Invoice,total_billing_amount,Total Billing Amount,Currency,"numeric(21,9)",currency,0,0,0,1,0,
Accounts,Sales Invoice,total_qty,Total Quantity,Float,"numeric(21,9)",,0,0,0,1,,
Accounts,Sales Invoice,base_total,Total (Company Currency),Currency,"numeric(21,9)",Company:company:default_currency,0,0,0,1,,
Accounts,Sales Invoice,base_net_total,Net Total (Company Currency),Currency,"numeric(21,9)",Company:company:default_currency,1,0,0,1,,
Accounts,Sales Invoice,total,Total,Currency,"numeric(21,9)",currency,0,0,0,1,,
Accounts,Sales Invoice,net_total,Net Total,Currency,"numeric(21,9)",currency,0,0,0,1,,
Accounts,Sales Invoice,total_net_weight,Total Net Weight,Float,"numeric(21,9)",,0,0,0,1,,
Accounts,Sales Invoice,taxes_and_charges,Sales Taxes and Charges Template,Link,varchar(140),Sales Taxes and Charges Template,0,0,0,0,,
Accounts,Sales Invoice,shipping_rule,Shipping Rule,Link,varchar(140),Shipping Rule,0,0,0,0,,
Accounts,Sales Invoice,tax_category,Tax Category,Link,varchar(140),Tax Category,0,0,0,0,,
Accounts,Sales Invoice,other_charges_calculation,Taxes and Charges Calculation,Text Editor,text,,0,0,0,1,,
Accounts,Sales Invoice,base_total_taxes_and_charges,Total Taxes and Charges (Company Currency),Currency,"numeric(21,9)",Company:company:default_currency,0,0,0,1,,
Accounts,Sales Invoice,total_taxes_and_charges,Total Taxes and Charges,Currency,"numeric(21,9)",currency,0,0,0,1,,
Accounts,Sales Invoice,loyalty_points,Loyalty Points,Int,integer,,0,0,0,0,,
Accounts,Sales Invoice,loyalty_amount,Loyalty Amount,Currency,"numeric(21,9)",Company:company:default_currency,0,0,0,1,,
Accounts,Sales Invoice,redeem_loyalty_points,Redeem Loyalty Points,Check,smallint,,0,0,0,0,0,
Accounts,Sales Invoice,loyalty_program,Loyalty Program,Link,varchar(140),Loyalty Program,0,0,0,0,,customer.loyalty_program
Accounts,Sales Invoice,loyalty_redemption_account,Redemption Account,Link,varchar(140),Account,0,0,0,0,,
Accounts,Sales Invoice,loyalty_redemption_cost_center,Redemption Cost Center,Link,varchar(140),Cost Center,0,0,0,0,,
Accounts,Sales Invoice,apply_discount_on,Apply Additional Discount On,Select,varchar(140),Grand Total|Net Total,0,0,0,0,Grand Total,
Accounts,Sales Invoice,base_discount_amount,Additional Discount Amount (Company Currency),Currency,"numeric(21,9)",Company:company:default_currency,0,0,0,1,,
Accounts,Sales Invoice,additional_discount_percentage,Additional Discount Percentage,Float,"numeric(21,9)",,0,0,0,0,,
Accounts,Sales Invoice,discount_amount,Additional Discount Amount,Currency,"numeric(21,9)",currency,0,0,0,0,,
Accounts,Sales Invoice,base_grand_total,Grand Total,Currency,"numeric(21,9)",Company:company:default_currency,1,0,0,1,,
Accounts,Sales Invoice,base_rounding_adjustment,Rounding Adjustment,Currency,"numeric(21,9)",Company:company:default_currency,0,0,0,1,,
Accounts,Sales Invoice,base_rounded_total,Rounded Total,Currency,"numeric(21,9)",Company:company:default_currency,0,0,0,1,,
Accounts,Sales Invoice,base_in_words,In Words,Small Text,text,,0,0,0,1,,
Accounts,Sales Invoice,grand_total,Grand Total,Currency,"numeric(21,9)",currency,1,0,0,1,,
Accounts,Sales Invoice,rounding_adjustment,Rounding Adjustment,Currency,"numeric(21,9)",currency,0,0,0,1,,
Accounts,Sales Invoice,rounded_total,Rounded Total,Currency,"numeric(21,9)",currency,0,0,0,1,,
Accounts,Sales Invoice,in_words,In Words,Small Text,text,,0,0,0,1,,
Accounts,Sales Invoice,total_advance,Total Advance,Currency,"numeric(21,9)",party_account_currency,0,0,0,1,,
Accounts,Sales Invoice,outstanding_amount,Outstanding Amount,Currency,"numeric(21,9)",party_account_currency,0,0,0,1,,
Accounts,Sales Invoice,allocate_advances_automatically,Allocate Advances Automatically (FIFO),Check,smallint,,0,0,0,0,0,
Accounts,Sales Invoice,payment_terms_template,Payment Terms Template,Link,varchar(140),Payment Terms Template,0,0,0,0,,
Accounts,Sales Invoice,cash_bank_account,Cash/Bank Account,Link,varchar(140),Account,0,0,0,0,,
Accounts,Sales Invoice,base_paid_amount,Paid Amount (Company Currency),Currency,"numeric(21,9)",Company:company:default_currency,0,0,0,1,,
Accounts,Sales Invoice,paid_amount,Paid Amount,Currency,"numeric(21,9)",currency,0,0,0,1,,
Accounts,Sales Invoice,base_change_amount,Base Change Amount (Company Currency),Currency,"numeric(21,9)",Company:company:default_currency,0,0,0,1,,
Accounts,Sales Invoice,change_amount,Change Amount,Currency,"numeric(21,9)",currency,0,0,0,0,,
Accounts,Sales Invoice,account_for_change_amount,Account for Change Amount,Link,varchar(140),Account,0,0,0,0,,
Accounts,Sales Invoice,write_off_amount,Write Off Amount,Currency,"numeric(21,9)",currency,0,0,0,0,,
Accounts,Sales Invoice,base_write_off_amount,Write Off Amount (Company Currency),Currency,"numeric(21,9)",Company:company:default_currency,0,0,0,1,,
Accounts,Sales Invoice,write_off_outstanding_amount_automatically,Write Off Outstanding Amount,Check,smallint,,0,0,0,0,0,
Accounts,Sales Invoice,write_off_account,Write Off Account,Link,varchar(140),Account,0,0,0,0,,
Accounts,Sales Invoice,write_off_cost_center,Write Off Cost Center,Link,varchar(140),Cost Center,0,0,0,0,,
Accounts,Sales Invoice,tc_name,Terms,Link,varchar(140),Terms and Conditions,0,0,0,0,,
Accounts,Sales Invoice,terms,Terms and Conditions Details,Text Editor,text,,0,0,0,0,,
Accounts,Sales Invoice,letter_head,Letter Head,Link,varchar(140),Letter Head,0,0,0,0,,
Accounts,Sales Invoice,group_same_items,Group same items,Check,smallint,,0,0,0,0,0,
Accounts,Sales Invoice,language,Print Language,Link,varchar(140),Language,0,0,0,1,,customer.language
Accounts,Sales Invoice,select_print_heading,Print Heading,Link,varchar(140),Print Heading,0,0,0,0,,
Accounts,Sales Invoice,inter_company_invoice_reference,Inter Company Invoice Reference,Link,varchar(140),Purchase Invoice,0,0,1,1,,
Accounts,Sales Invoice,customer_group,Customer Group,Link,varchar(140),Customer Group,0,0,0,0,,
Accounts,Sales Invoice,is_discounted,Is Discounted,Check,smallint,,0,0,0,1,0,
Accounts,Sales Invoice,status,Status,Select,varchar(140),Draft|Return|Credit Note Issued|Submitted|Paid|Partly Paid|Unpaid|Unpaid and Discounted|Partly Paid and Discounted|Overdue and Discounted|Overdue|Cancelled|Internal Transfer,0,0,0,1,Draft,
Accounts,Sales Invoice,debit_to,Debit To,Link,varchar(140),Account,1,0,1,0,,
Accounts,Sales Invoice,party_account_currency,Party Account Currency,Link,varchar(140),Currency,0,0,0,1,,
Accounts,Sales Invoice,is_opening,Is Opening Entry,Select,varchar(140),No|Yes,0,0,0,0,No,
Accounts,Sales Invoice,remarks,Remarks,Small Text,text,,0,0,0,0,,
Accounts,Sales Invoice,sales_partner,Sales Partner,Link,varchar(140),Sales Partner,0,0,0,0,,
Accounts,Sales Invoice,commission_rate,Commission Rate (%),Float,"numeric(21,9)",,0,0,0,0,,sales_partner.commission_rate
Accounts,Sales Invoice,total_commission,Total Commission,Currency,"numeric(21,9)",Company:company:default_currency,0,0,0,0,,
Accounts,Sales Invoice,from_date,From Date,Date,date,,0,0,0,0,,
Accounts,Sales Invoice,to_date,To Date,Date,date,,0,0,0,0,,
Accounts,Sales Invoice,auto_repeat,Auto Repeat,Link,varchar(140),Auto Repeat,0,0,0,1,,
Accounts,Sales Invoice,against_income_account,Against Income Account,Small Text,text,,0,0,0,0,,
Accounts,Sales Invoice,is_consolidated,Is Consolidated,Check,smallint,,0,0,0,1,0,
Accounts,Sales Invoice,is_internal_customer,Is Internal Customer,Check,smallint,,0,0,0,1,0,customer.is_internal_customer
Accounts,Sales Invoice,company_tax_id,Company Tax ID,Data,varchar(140),,0,0,0,1,,company.tax_id
Accounts,Sales Invoice,unrealized_profit_loss_account,Unrealized Profit / Loss Account,Link,varchar(140),Account,0,0,0,0,,
Accounts,Sales Invoice,represents_company,Represents Company,Link,varchar(140),Company,0,0,0,1,,customer.represents_company
Accounts,Sales Invoice,set_target_warehouse,Set Target Warehouse,Link,varchar(140),Warehouse,0,0,0,0,,
Accounts,Sales Invoice,is_debit_note,Is Rate Adjustment Entry (Debit Note),Check,smallint,,0,0,0,0,0,
Accounts,Sales Invoice,disable_rounded_total,Disable Rounded Total,Check,smallint,,0,0,0,0,0,
Accounts,Sales Invoice,additional_discount_account,Discount Account,Link,varchar(140),Account,0,0,0,0,,
Accounts,Sales Invoice,dispatch_address_name,Dispatch Address Name,Link,varchar(140),Address,0,0,0,0,,
Accounts,Sales Invoice,dispatch_address,Dispatch Address,Text Editor,text,,0,0,0,1,,
Accounts,Sales Invoice,ignore_default_payment_terms_template,Ignore Default Payment Terms Template,Check,smallint,,0,0,0,1,0,
Accounts,Sales Invoice,total_billing_hours,Total Billing Hours,Float,"numeric(21,9)",,0,0,0,1,,
Accounts,Sales Invoice,amount_eligible_for_commission,Amount Eligible for Commission,Currency,"numeric(21,9)",Company:company:default_currency,0,0,0,1,,
Accounts,Sales Invoice,subscription,Subscription,Link,varchar(140),Subscription,0,0,0,0,,
Accounts,Sales Invoice,is_cash_or_non_trade_discount,Is Cash or Non Trade Discount,Check,smallint,,0,0,0,0,0,
Accounts,Sales Invoice,incoterm,Incoterm,Link,varchar(140),Incoterm,0,0,0,0,,
Accounts,Sales Invoice,named_place,Named Place,Data,varchar(140),,0,0,0,0,,
Accounts,Sales Invoice,only_include_allocated_payments,Only Include Allocated Payments,Check,smallint,,0,0,0,0,0,
Accounts,Sales Invoice,use_company_roundoff_cost_center,Use Company default Cost Center for Round off,Check,smallint,,0,0,0,0,0,
Accounts,Sales Invoice,update_billed_amount_in_delivery_note,Update Billed Amount in Delivery Note,Check,smallint,,0,0,0,0,1,
Accounts,Sales Invoice,dont_create_loyalty_points,Don't Create Loyalty Points,Check,smallint,,0,0,0,0,0,
Accounts,Sales Invoice,coupon_code,Coupon Code,Link,varchar(140),Coupon Code,0,0,0,0,,
Accounts,Sales Invoice,update_outstanding_for_self,Update Outstanding for Self,Check,smallint,,0,0,0,0,1,
Accounts,Sales Invoice,utm_medium,Medium,Link,varchar(140),UTM Medium,0,0,0,0,,
Accounts,Sales Invoice,utm_content,Content,Data,varchar(140),,0,0,0,0,,
Accounts,Sales Invoice,utm_campaign,Campaign,Link,varchar(140),UTM Campaign,0,0,0,0,,
Accounts,Sales Invoice,utm_source,Source,Link,varchar(140),UTM Source,0,0,0,0,,
Accounts,Sales Invoice,company_contact_person,Company Contact Person,Link,varchar(140),Contact,0,0,0,0,,
Accounts,Sales Invoice,is_created_using_pos,Is created using POS,Check,smallint,,0,0,0,0,0,
Accounts,Sales Invoice,pos_closing_entry,POS Closing Entry,Link,varchar(140),POS Closing Entry,0,0,0,0,,
Accounts,Sales Invoice,has_subcontracted,Has Subcontracted,Check,smallint,,0,0,0,1,0,
Accounts,Sales Invoice,apply_tds,Consider for Tax Withholding,Check,smallint,,0,0,0,0,0,
Accounts,Sales Invoice,tax_withholding_group,Tax Withholding Group,Link,varchar(140),Tax Withholding Group,0,0,0,0,,
Accounts,Sales Invoice,ignore_tax_withholding_threshold,Ignore Tax Withholding Threshold,Check,smallint,,0,0,0,0,0,
Accounts,Sales Invoice,override_tax_withholding_entries,Edit Tax Withholding Entries,Check,smallint,,0,0,0,0,0,
Accounts,Sales Invoice,title,Title,Data,varchar(140),,0,0,0,0,,
Accounts,Sales Invoice Advance,reference_type,Reference Type,Link,varchar(140),DocType,0,0,0,1,,
Accounts,Sales Invoice Advance,reference_name,Reference Name,Dynamic Link,varchar(140),reference_type,0,0,0,1,,
Accounts,Sales Invoice Advance,remarks,Remarks,Text,text,,0,0,0,1,,
Accounts,Sales Invoice Advance,reference_row,Reference Row,Data,varchar(140),,0,0,0,1,,
Accounts,Sales Invoice Advance,advance_amount,Advance amount,Currency,"numeric(21,9)",party_account_currency,0,0,0,1,,
Accounts,Sales Invoice Advance,allocated_amount,Allocated amount,Currency,"numeric(21,9)",party_account_currency,0,0,0,0,,
Accounts,Sales Invoice Advance,exchange_gain_loss,Exchange Gain/Loss,Currency,"numeric(21,9)",Company:company:default_currency,0,0,0,1,,
Accounts,Sales Invoice Advance,ref_exchange_rate,Reference Exchange Rate,Float,"numeric(21,9)",,0,0,0,1,,
Accounts,Sales Invoice Advance,difference_posting_date,Difference Posting Date,Date,date,,0,0,0,0,,
Accounts,Sales Invoice Item,barcode,Barcode,Data,varchar(140),,0,0,0,0,,
Accounts,Sales Invoice Item,item_code,Item,Link,varchar(140),Item,0,0,1,0,,
Accounts,Sales Invoice Item,is_product_bundle,Is Product Bundle,Check,smallint,,0,0,0,1,0,
Accounts,Sales Invoice Item,product_bundle,Product Bundle,Link,varchar(140),Product Bundle,0,0,0,0,,
Accounts,Sales Invoice Item,item_name,Item Name,Data,varchar(140),,1,0,0,0,,
Accounts,Sales Invoice Item,customer_item_code,Customer's Item Code,Data,varchar(140),,0,0,0,1,,
Accounts,Sales Invoice Item,description,Description,Text Editor,text,,0,0,0,0,,
Accounts,Sales Invoice Item,image,Image,Attach,text,,0,0,0,0,,item_code.image
Accounts,Sales Invoice Item,qty,Quantity,Float,"numeric(21,9)",,0,0,0,0,,
Accounts,Sales Invoice Item,stock_uom,Stock UOM,Link,varchar(140),UOM,0,0,0,1,,
Accounts,Sales Invoice Item,uom,UOM,Link,varchar(140),UOM,1,0,0,0,,
Accounts,Sales Invoice Item,conversion_factor,UOM Conversion Factor,Float,"numeric(21,9)",,1,0,0,0,,
Accounts,Sales Invoice Item,stock_qty,Qty as per Stock UOM,Float,"numeric(21,9)",,0,0,0,1,,
Accounts,Sales Invoice Item,price_list_rate,Price List Rate,Currency,"numeric(21,9)",currency,0,0,0,1,,
Accounts,Sales Invoice Item,base_price_list_rate,Price List Rate (Company Currency),Currency,"numeric(21,9)",Company:company:default_currency,0,0,0,1,,
Accounts,Sales Invoice Item,margin_type,Margin Type,Select,varchar(140),Percentage|Amount,0,0,0,0,,
Accounts,Sales Invoice Item,margin_rate_or_amount,Margin Rate or Amount,Float,"numeric(21,9)",,0,0,0,0,,
Accounts,Sales Invoice Item,rate_with_margin,Rate With Margin,Currency,"numeric(21,9)",currency,0,0,0,1,,
Accounts,Sales Invoice Item,discount_percentage,Discount (%) on Price List Rate with Margin,Percent,"numeric(21,9)",,0,0,0,0,,
Accounts,Sales Invoice Item,discount_amount,Discount Amount,Currency,"numeric(21,9)",currency,0,0,0,0,,
Accounts,Sales Invoice Item,base_rate_with_margin,Rate With Margin (Company Currency),Currency,"numeric(21,9)",Company:company:default_currency,0,0,0,1,,
Accounts,Sales Invoice Item,rate,Rate,Currency,"numeric(21,9)",currency,1,0,0,0,,
Accounts,Sales Invoice Item,amount,Amount,Currency,"numeric(21,9)",currency,1,0,0,1,,
Accounts,Sales Invoice Item,base_rate,Rate (Company Currency),Currency,"numeric(21,9)",Company:company:default_currency,1,0,0,1,,
Accounts,Sales Invoice Item,base_amount,Amount (Company Currency),Currency,"numeric(21,9)",Company:company:default_currency,1,0,0,1,,
Accounts,Sales Invoice Item,pricing_rules,Pricing Rules,Small Text,text,,0,0,0,1,,
Accounts,Sales Invoice Item,is_free_item,Is Free Item,Check,smallint,,0,0,0,1,0,
Accounts,Sales Invoice Item,net_rate,Net Rate,Currency,"numeric(21,9)",currency,0,0,0,1,,
Accounts,Sales Invoice Item,net_amount,Net Amount,Currency,"numeric(21,9)",currency,0,0,0,1,,
Accounts,Sales Invoice Item,base_net_rate,Net Rate (Company Currency),Currency,"numeric(21,9)",Company:company:default_currency,0,0,0,1,,
Accounts,Sales Invoice Item,base_net_amount,Net Amount (Company Currency),Currency,"numeric(21,9)",Company:company:default_currency,0,0,0,1,,
Accounts,Sales Invoice Item,delivered_by_supplier,Delivered By Supplier,Check,smallint,,0,0,0,1,0,
Accounts,Sales Invoice Item,income_account,Income Account,Link,varchar(140),Account,1,0,0,0,,
Accounts,Sales Invoice Item,expense_account,Expense Account,Link,varchar(140),Account,0,0,0,0,,
Accounts,Sales Invoice Item,item_tax_template,Item Tax Template,Link,varchar(140),Item Tax Template,0,0,0,0,,
Accounts,Sales Invoice Item,cost_center,Cost Center,Link,varchar(140),Cost Center,1,0,0,0,:Company,
Accounts,Sales Invoice Item,deferred_revenue_account,Deferred Revenue Account,Link,varchar(140),Account,0,0,0,0,,
Accounts,Sales Invoice Item,service_stop_date,Service Stop Date,Date,date,,0,0,0,0,,
Accounts,Sales Invoice Item,enable_deferred_revenue,Enable Deferred Revenue,Check,smallint,,0,0,0,0,0,
Accounts,Sales Invoice Item,service_start_date,Service Start Date,Date,date,,0,0,0,0,,
Accounts,Sales Invoice Item,service_end_date,Service End Date,Date,date,,0,0,0,0,,
Accounts,Sales Invoice Item,weight_per_unit,Weight Per Unit,Float,"numeric(21,9)",,0,0,0,1,,
Accounts,Sales Invoice Item,total_weight,Total Weight,Float,"numeric(21,9)",,0,0,0,1,,
Accounts,Sales Invoice Item,weight_uom,Weight UOM,Link,varchar(140),UOM,0,0,0,1,,
Accounts,Sales Invoice Item,warehouse,Warehouse,Link,varchar(140),Warehouse,0,0,0,0,,
Accounts,Sales Invoice Item,target_warehouse,Target Warehouse,Link,varchar(140),Warehouse,0,0,0,0,,
Accounts,Sales Invoice Item,quality_inspection,Quality Inspection,Link,varchar(140),Quality Inspection,0,0,0,0,,
Accounts,Sales Invoice Item,batch_no,Batch No,Link,varchar(140),Batch,0,0,1,0,,
Accounts,Sales Invoice Item,allow_zero_valuation_rate,Allow Zero Valuation Rate,Check,smallint,,0,0,0,0,0,
Accounts,Sales Invoice Item,serial_no,Serial No,Text,text,,0,0,0,0,,
Accounts,Sales Invoice Item,item_group,Item Group,Link,varchar(140),Item Group,0,0,0,1,,
Accounts,Sales Invoice Item,brand,Brand Name,Data,varchar(140),,0,0,0,0,,
Accounts,Sales Invoice Item,item_tax_rate,Item Tax Rate,Small Text,text,,0,0,0,1,,
Accounts,Sales Invoice Item,actual_batch_qty,Available Batch Qty at Warehouse,Float,"numeric(21,9)",,0,0,0,1,,
Accounts,Sales Invoice Item,actual_qty,Qty (Warehouse),Float,"numeric(21,9)",,0,0,0,1,,
Accounts,Sales Invoice Item,sales_order,Sales Order,Link,varchar(140),Sales Order,0,0,1,1,,
Accounts,Sales Invoice Item,so_detail,Sales Order Item,Data,varchar(140),,0,0,1,1,,
Accounts,Sales Invoice Item,delivery_note,Delivery Note,Link,varchar(140),Delivery Note,0,0,1,1,,
Accounts,Sales Invoice Item,dn_detail,Delivery Note Item,Data,varchar(140),,0,0,1,1,,
Accounts,Sales Invoice Item,delivered_qty,Delivered Qty,Float,"numeric(21,9)",,0,0,0,1,,
Accounts,Sales Invoice Item,is_fixed_asset,Is Fixed Asset,Check,smallint,,0,0,0,1,0,
Accounts,Sales Invoice Item,asset,Asset,Link,varchar(140),Asset,0,0,0,0,,
Accounts,Sales Invoice Item,page_break,Page Break,Check,smallint,,0,0,0,0,0,
Accounts,Sales Invoice Item,finance_book,Finance Book,Link,varchar(140),Finance Book,0,0,0,0,,
Accounts,Sales Invoice Item,project,Project,Link,varchar(140),Project,0,0,1,0,,
Accounts,Sales Invoice Item,sales_invoice_item,Sales Invoice Item,Data,varchar(140),,0,0,0,1,,
Accounts,Sales Invoice Item,incoming_rate,Incoming Rate (Costing),Currency,"numeric(21,9)",Company:company:default_currency,0,0,0,0,,
Accounts,Sales Invoice Item,stock_uom_rate,Rate of Stock UOM,Currency,"numeric(21,9)",currency,0,0,0,1,,
Accounts,Sales Invoice Item,discount_account,Discount Account,Link,varchar(140),Account,0,0,0,0,,
Accounts,Sales Invoice Item,grant_commission,Grant Commission,Check,smallint,,0,0,0,1,0,item_code.grant_commission
Accounts,Sales Invoice Item,purchase_order,Purchase Order,Link,varchar(140),Purchase Order,0,0,1,1,,
Accounts,Sales Invoice Item,purchase_order_item,Purchase Order Item,Data,varchar(140),,0,0,0,1,,
Accounts,Sales Invoice Item,has_item_scanned,Has Item Scanned,Check,smallint,,0,0,0,1,0,
Accounts,Sales Invoice Item,serial_and_batch_bundle,Serial and Batch Bundle,Link,varchar(140),Serial and Batch Bundle,0,0,1,0,,
Accounts,Sales Invoice Item,use_serial_batch_fields,Use Serial No / Batch Fields,Check,smallint,,0,0,0,0,0,
Accounts,Sales Invoice Item,distributed_discount_amount,Distributed Discount Amount,Currency,"numeric(21,9)",currency,0,0,0,1,,
Accounts,Sales Invoice Item,company_total_stock,Qty (Company),Float,"numeric(21,9)",,0,0,0,1,,
Accounts,Sales Invoice Item,pos_invoice_item,POS Invoice Item,Data,varchar(140),,0,0,0,1,,
Accounts,Sales Invoice Item,pos_invoice,POS Invoice,Link,varchar(140),POS Invoice,0,0,1,0,,
Accounts,Sales Invoice Item,scio_detail,SCIO Detail,Data,varchar(140),,0,0,0,1,,
Accounts,Sales Invoice Item,tax_withholding_category,Tax Withholding Category,Link,varchar(140),Tax Withholding Category,0,0,0,0,,
Accounts,Sales Invoice Item,apply_tds,Consider for Tax Withholding,Check,smallint,,0,0,0,1,1,
Accounts,Sales Invoice Item,against_pick_list,Against Pick List,Link,varchar(140),Pick List,0,0,0,1,,
Accounts,Sales Invoice Item,pick_list_item,Pick List Item,Data,varchar(140),,0,0,0,1,,
Accounts,Sales Invoice Payment,mode_of_payment,Mode of Payment,Link,varchar(140),Mode of Payment,1,0,0,0,,
Accounts,Sales Invoice Payment,amount,Amount,Currency,"numeric(21,9)",currency,1,0,0,0,0,
Accounts,Sales Invoice Payment,account,Account,Link,varchar(140),Account,0,0,0,1,,
Accounts,Sales Invoice Payment,type,Type,Read Only,varchar(140),,0,0,0,0,,mode_of_payment.type
Accounts,Sales Invoice Payment,base_amount,Base Amount (Company Currency),Currency,"numeric(21,9)",Company:company:default_currency,0,0,0,1,,
Accounts,Sales Invoice Payment,clearance_date,Clearance Date,Date,date,,0,0,0,1,,
Accounts,Sales Invoice Payment,default,Default,Check,smallint,,0,0,0,1,0,
Accounts,Sales Invoice Payment,reference_no,Reference No,Data,varchar(140),,0,0,0,0,,
Accounts,Sales Invoice Reference,sales_invoice,Sales Invoice,Link,varchar(140),Sales Invoice,1,0,0,0,,
Accounts,Sales Invoice Reference,posting_date,Date,Date,date,,1,0,0,0,,
Accounts,Sales Invoice Reference,customer,Customer,Link,varchar(140),Customer,1,0,0,1,,sales_invoice.customer
Accounts,Sales Invoice Reference,is_return,Is Return,Check,smallint,,0,0,0,1,0,sales_invoice.is_return
Accounts,Sales Invoice Reference,return_against,Return Against,Link,varchar(140),Sales Invoice,0,0,0,1,,sales_invoice.return_against
Accounts,Sales Invoice Reference,grand_total,Amount,Currency,"numeric(21,9)",,1,0,0,0,,sales_invoice.grand_total
Accounts,Sales Invoice Timesheet,time_sheet,Time Sheet,Link,varchar(140),Timesheet,0,0,0,1,,
Accounts,Sales Invoice Timesheet,billing_hours,Billing Hours,Float,"numeric(21,9)",,0,0,0,1,,
Accounts,Sales Invoice Timesheet,billing_amount,Billing Amount,Currency,"numeric(21,9)",currency,0,0,0,1,,
Accounts,Sales Invoice Timesheet,timesheet_detail,Timesheet Detail,Data,varchar(140),,0,0,0,1,,
Accounts,Sales Invoice Timesheet,activity_type,Activity Type,Link,varchar(140),Activity Type,0,0,0,1,,
Accounts,Sales Invoice Timesheet,description,Description,Small Text,text,,0,0,0,1,,
Accounts,Sales Invoice Timesheet,from_time,From Time,Datetime,timestamp,,0,0,0,0,,
Accounts,Sales Invoice Timesheet,to_time,To Time,Datetime,timestamp,,0,0,0,0,,
Accounts,Sales Invoice Timesheet,project_name,Project Name,Data,varchar(140),,0,0,0,1,,
Accounts,Sales Partner Item,sales_partner,Sales Partner ,Link,varchar(140),Sales Partner,0,0,0,0,,
Accounts,Sales Taxes and Charges,charge_type,Type,Select,varchar(140),Actual|On Net Total|On Previous Row Amount|On Previous Row Total|On Item Quantity,1,0,0,0,,
Accounts,Sales Taxes and Charges,row_id,Reference Row #,Data,varchar(140),,0,0,0,0,,
Accounts,Sales Taxes and Charges,account_head,Account Head,Link,varchar(140),Account,1,0,1,0,,
Accounts,Sales Taxes and Charges,cost_center,Cost Center,Link,varchar(140),Cost Center,0,0,0,0,:Company,
Accounts,Sales Taxes and Charges,description,Description,Small Text,text,,1,0,0,0,,
Accounts,Sales Taxes and Charges,included_in_print_rate,Is this Tax included in Basic Rate?,Check,smallint,,0,0,0,0,0,
Accounts,Sales Taxes and Charges,rate,Tax Rate,Float,"numeric(21,9)",,0,0,0,0,,
Accounts,Sales Taxes and Charges,tax_amount,Amount,Currency,"numeric(21,9)",currency,0,0,0,0,,
Accounts,Sales Taxes and Charges,total,Total,Currency,"numeric(21,9)",currency,0,0,0,1,,
Accounts,Sales Taxes and Charges,tax_amount_after_discount_amount,Tax Amount After Discount Amount,Currency,"numeric(21,9)",currency,0,0,0,1,,
Accounts,Sales Taxes and Charges,base_tax_amount,Amount (Company Currency),Currency,"numeric(21,9)",Company:company:default_currency,0,0,0,1,,
Accounts,Sales Taxes and Charges,base_total,Total (Company Currency),Currency,"numeric(21,9)",Company:company:default_currency,0,0,0,1,,
Accounts,Sales Taxes and Charges,base_tax_amount_after_discount_amount,Tax Amount After Discount Amount (Company Currency),Currency,"numeric(21,9)",Company:company:default_currency,0,0,0,1,,
Accounts,Sales Taxes and Charges,project,Project,Link,varchar(140),Project,0,0,0,0,,
Accounts,Sales Taxes and Charges,included_in_paid_amount,Considered In Paid Amount,Check,smallint,,0,0,0,0,0,
Accounts,Sales Taxes and Charges,dont_recompute_tax,Don't Recompute Tax,Check,smallint,,0,0,0,1,0,
Accounts,Sales Taxes and Charges,account_currency,Account Currency,Link,varchar(140),Currency,0,0,0,1,,account_head.account_currency
Accounts,Sales Taxes and Charges,net_amount,Net Amount,Currency,"numeric(21,9)",currency,0,0,0,1,,
Accounts,Sales Taxes and Charges,base_net_amount,Net Amount (Company Currency),Currency,"numeric(21,9)",Company:company:default_currency,0,0,0,1,,
Accounts,Sales Taxes and Charges,set_by_item_tax_template,Set by Item Tax Template,Check,smallint,,0,0,0,1,0,
Accounts,Sales Taxes and Charges,is_tax_withholding_account,Is Tax Withholding Account,Check,smallint,,0,0,0,1,0,
Accounts,Sales Taxes and Charges Template,title,Title,Data,varchar(140),,1,0,0,0,,
Accounts,Sales Taxes and Charges Template,is_default,Default,Check,smallint,,0,0,0,0,0,
Accounts,Sales Taxes and Charges Template,disabled,Disabled,Check,smallint,,0,0,0,0,0,
Accounts,Sales Taxes and Charges Template,company,Company,Link,varchar(140),Company,1,0,0,0,,
Accounts,Sales Taxes and Charges Template,tax_category,Tax Category,Link,varchar(140),Tax Category,0,0,0,0,,
Accounts,Share Balance,share_type,Share Type,Link,varchar(140),Share Type,1,0,0,1,,
Accounts,Share Balance,from_no,From No,Int,integer,,1,0,0,1,,
Accounts,Share Balance,rate,Rate,Currency,"numeric(21,9)",,1,0,0,1,,
Accounts,Share Balance,no_of_shares,No of Shares,Int,integer,,1,0,0,1,,
Accounts,Share Balance,to_no,To No,Int,integer,,1,0,0,1,,
Accounts,Share Balance,amount,Amount,Currency,"numeric(21,9)",,1,0,0,1,,
Accounts,Share Balance,is_company,Is Company,Check,smallint,,0,0,0,1,0,
Accounts,Share Balance,current_state,Current State,Select,varchar(140),Issued|Purchased,0,0,0,1,,
Accounts,Share Transfer,transfer_type,Transfer Type,Select,varchar(140),Issue|Purchase|Transfer,1,0,0,0,,
Accounts,Share Transfer,date,Date,Date,date,,1,0,0,0,,
Accounts,Share Transfer,from_shareholder,From Shareholder,Link,varchar(140),Shareholder,0,0,0,0,,
Accounts,Share Transfer,from_folio_no,From Folio No,Data,varchar(140),,0,0,0,0,,from_shareholder.folio_no
Accounts,Share Transfer,equity_or_liability_account,Equity/Liability Account,Link,varchar(140),Account,1,0,0,0,,
Accounts,Share Transfer,asset_account,Asset Account,Link,varchar(140),Account,0,0,0,0,,
Accounts,Share Transfer,to_shareholder,To Shareholder,Link,varchar(140),Shareholder,0,0,0,0,,
Accounts,Share Transfer,to_folio_no,To Folio No,Data,varchar(140),,0,0,0,0,,to_shareholder.folio_no
Accounts,Share Transfer,share_type,Share Type,Link,varchar(140),Share Type,1,0,0,0,,
Accounts,Share Transfer,from_no,From No,Int,integer,,1,0,0,0,,
Accounts,Share Transfer,rate,Rate,Currency,"numeric(21,9)",Company:company:default_currency,1,0,0,0,,
Accounts,Share Transfer,no_of_shares,No of Shares,Int,integer,,1,0,0,0,,
Accounts,Share Transfer,to_no,To No,Int,integer,,1,0,0,0,,
Accounts,Share Transfer,amount,Amount,Currency,"numeric(21,9)",Company:company:default_currency,0,0,0,1,,
Accounts,Share Transfer,company,Company,Link,varchar(140),Company,1,0,0,0,,
Accounts,Share Transfer,remarks,Remarks,Long Text,text,,0,0,0,0,,
Accounts,Share Transfer,amended_from,Amended From,Link,varchar(140),Share Transfer,0,0,0,1,,
Accounts,Share Type,title,Title,Data,varchar(140),,1,1,0,0,,
Accounts,Share Type,description,Description,Long Text,text,,0,0,0,0,,
Accounts,Shareholder,title,Title,Data,varchar(140),,1,0,0,0,,
Accounts,Shareholder,naming_series,,Select,varchar(140),ACC-SH-.YYYY.-,0,0,0,0,,
Accounts,Shareholder,folio_no,Folio no.,Data,varchar(140),,0,1,0,1,,
Accounts,Shareholder,company,Company,Link,varchar(140),Company,1,0,0,0,,
Accounts,Shareholder,is_company,Is Company,Check,smallint,,0,0,0,1,0,
Accounts,Shareholder,contact_list,Contact List,Code,text,,0,0,0,1,,
Accounts,Shipping Rule,label,Shipping Rule Label,Data,varchar(140),,1,1,0,0,,
Accounts,Shipping Rule,disabled,Disabled,Check,smallint,,0,0,0,0,0,
Accounts,Shipping Rule,shipping_rule_type,Shipping Rule Type,Select,varchar(140),Selling|Buying,0,0,0,0,,
Accounts,Shipping Rule,company,Company,Link,varchar(140),Company,1,0,0,0,,
Accounts,Shipping Rule,account,Shipping Account,Link,varchar(140),Account,1,0,0,0,,
Accounts,Shipping Rule,cost_center,Cost Center,Link,varchar(140),Cost Center,0,0,0,0,,
Accounts,Shipping Rule,calculate_based_on,Calculate Based On,Select,varchar(140),Fixed|Net Total|Net Weight,0,0,0,0,Fixed,
Accounts,Shipping Rule,shipping_amount,Shipping Amount,Currency,"numeric(21,9)",,0,0,0,0,,
Accounts,Shipping Rule,project,Project,Link,varchar(140),Project,0,0,0,0,,
Accounts,Shipping Rule Condition,from_value,From Value,Float,"numeric(21,9)",,1,0,0,0,,
Accounts,Shipping Rule Condition,to_value,To Value,Float,"numeric(21,9)",,0,0,0,0,,
Accounts,Shipping Rule Condition,shipping_amount,Shipping Amount,Currency,"numeric(21,9)",Company:company:default_currency,1,0,0,0,,
Accounts,Shipping Rule Country,country,Country,Link,varchar(140),Country,1,0,0,0,,
Accounts,South Africa VAT Account,account,Account,Link,varchar(140),Account,0,0,0,0,,
Accounts,Subscription,status,Status,Select,varchar(140),Trialing|Active|Grace Period|Cancelled|Unpaid|Completed|Refunded,0,0,0,1,,
Accounts,Subscription,cancelation_date,Cancelation Date,Date,date,,0,0,0,1,,
Accounts,Subscription,trial_period_start,Trial Period Start Date,Date,date,,0,0,0,0,,
Accounts,Subscription,trial_period_end,Trial Period End Date,Date,date,,0,0,0,0,,
Accounts,Subscription,current_invoice_start,Current Invoice Start,Date,date,,0,0,0,1,,
Accounts,Subscription,current_invoice_end,Current Invoice End,Date,date,,0,0,0,1,,
Accounts,Subscription,next_billing_period_start,Next Billing Period Start,Date,date,,0,0,0,1,,
Accounts,Subscription,next_billing_period_end,Next Billing Period End,Date,date,,0,0,0,1,,
Accounts,Subscription,days_until_due,Days Until Due,Int,integer,,0,0,0,0,0,
Accounts,Subscription,cancel_at_period_end,Cancel When Period Ends,Check,smallint,,0,0,0,0,0,
Accounts,Subscription,apply_additional_discount,Apply Additional Discount On,Select,varchar(140),Grand Total|Net Total,0,0,0,0,,
Accounts,Subscription,additional_discount_percentage,Additional Discount Percentage,Percent,"numeric(21,9)",,0,0,0,0,,
Accounts,Subscription,additional_discount_amount,Additional Discount Amount,Currency,"numeric(21,9)",,0,0,0,0,,
Accounts,Subscription,party_type,Party Type,Link,varchar(140),DocType,1,0,0,0,,
Accounts,Subscription,party,Party,Dynamic Link,varchar(140),party_type,1,0,0,0,,
Accounts,Subscription,sales_tax_template,Sales Taxes and Charges Template,Link,varchar(140),Sales Taxes and Charges Template,0,0,0,0,,
Accounts,Subscription,purchase_tax_template,Purchase Taxes and Charges Template,Link,varchar(140),Purchase Taxes and Charges Template,0,0,0,0,,
Accounts,Subscription,follow_calendar_months,Follow Calendar Months,Check,smallint,,0,0,0,0,0,
Accounts,Subscription,generate_new_invoices_past_due_date,Bill Even If Previous Invoice Unpaid,Check,smallint,,0,0,0,0,0,
Accounts,Subscription,end_date,Subscription End Date,Date,date,,0,0,0,0,,
Accounts,Subscription,start_date,Subscription Start Date,Date,date,,0,0,0,0,,
Accounts,Subscription,cost_center,Cost Center,Link,varchar(140),Cost Center,0,0,0,0,,
Accounts,Subscription,company,Company,Link,varchar(140),Company,0,0,0,0,,
Accounts,Subscription,submit_invoice,Submit Generated Invoices,Check,smallint,,0,0,0,0,1,
Accounts,Subscription,generate_invoice_at,Generate Invoice At,Select,varchar(140),Postpaid (bill at period end)|Prepaid (bill at period start)|Bill N days before period start,1,0,0,0,Postpaid (bill at period end),
Accounts,Subscription,number_of_days,Number of Days,Int,integer,,0,0,0,0,,
Accounts,Subscription Invoice,document_type,Document Type ,Link,varchar(140),DocType,0,0,0,1,,
Accounts,Subscription Invoice,invoice,Invoice,Dynamic Link,varchar(140),document_type,0,0,0,1,,
Accounts,Subscription Plan,plan_name,Plan Name,Data,varchar(140),,1,1,0,0,,
Accounts,Subscription Plan,currency,Currency,Link,varchar(140),Currency,1,0,0,0,,
Accounts,Subscription Plan,item,Item,Link,varchar(140),Item,1,0,0,0,,
Accounts,Subscription Plan,price_determination,Subscription Price Based On,Select,varchar(140),Fixed Rate|Based On Price List|Monthly Rate,1,0,0,0,,
Accounts,Subscription Plan,cost,Cost,Currency,"numeric(21,9)",currency,0,0,0,0,,
Accounts,Subscription Plan,price_list,Price List,Link,varchar(140),Price List,0,0,0,0,,
Accounts,Subscription Plan,billing_interval,Billing Interval,Select,varchar(140),Day|Week|Month|Year,1,0,0,0,Day,
Accounts,Subscription Plan,billing_interval_count,Billing Interval Count,Int,integer,,1,0,0,0,1,
Accounts,Subscription Plan,payment_gateway,Payment Gateway,Link,varchar(140),Payment Gateway Account,0,0,0,0,,
Accounts,Subscription Plan,cost_center,Cost Center,Link,varchar(140),Cost Center,0,0,0,0,,
Accounts,Subscription Plan,product_price_id,Product Price ID,Data,varchar(140),,0,0,0,0,,
Accounts,Subscription Plan Detail,qty,Quantity,Int,integer,,1,0,0,0,,
Accounts,Subscription Plan Detail,plan,Plan,Link,varchar(140),Subscription Plan,1,0,0,0,,
Accounts,Subscription Settings,grace_period,Grace Period,Int,integer,,0,0,0,0,1,
Accounts,Subscription Settings,cancel_after_grace,Cancel Subscription After Grace Period,Check,smallint,,0,0,0,0,0,
Accounts,Subscription Settings,prorate,Prorate,Check,smallint,,0,0,0,0,1,
Accounts,Supplier Group Item,supplier_group,Supplier Group,Link,varchar(140),Supplier Group,0,0,0,0,,
Accounts,Supplier Item,supplier,Supplier,Link,varchar(140),Supplier,0,0,0,0,,
Accounts,Tax Category,title,Title,Data,varchar(140),,1,1,0,0,,
Accounts,Tax Category,disabled,Disabled,Check,smallint,,0,0,0,0,0,
Accounts,Tax Rule,tax_type,Tax Type,Select,varchar(140),Sales|Purchase,0,0,0,0,Sales,
Accounts,Tax Rule,use_for_shopping_cart,Use for Shopping Cart,Check,smallint,,0,0,0,0,1,
Accounts,Tax Rule,sales_tax_template,Sales Tax Template,Link,varchar(140),Sales Taxes and Charges Template,0,0,0,0,,
Accounts,Tax Rule,purchase_tax_template,Purchase Tax Template,Link,varchar(140),Purchase Taxes and Charges Template,0,0,0,0,,
Accounts,Tax Rule,customer,Customer,Link,varchar(140),Customer,0,0,0,0,,
Accounts,Tax Rule,supplier,Supplier,Link,varchar(140),Supplier,0,0,0,0,,
Accounts,Tax Rule,item,Item,Link,varchar(140),Item,0,0,0,0,,
Accounts,Tax Rule,billing_city,Billing City,Data,varchar(140),,0,0,0,0,,
Accounts,Tax Rule,billing_county,Billing County,Data,varchar(140),,0,0,0,0,,
Accounts,Tax Rule,billing_state,Billing State,Data,varchar(140),,0,0,0,0,,
Accounts,Tax Rule,billing_zipcode,Billing Zipcode,Data,varchar(140),,0,0,0,0,,
Accounts,Tax Rule,billing_country,Billing Country,Link,varchar(140),Country,0,0,0,0,,
Accounts,Tax Rule,tax_category,Tax Category,Link,varchar(140),Tax Category,0,0,0,0,,
Accounts,Tax Rule,customer_group,Customer Group,Link,varchar(140),Customer Group,0,0,0,0,,customer.customer_group
Accounts,Tax Rule,supplier_group,Supplier Group,Link,varchar(140),Supplier Group,0,0,0,0,,supplier.supplier_group
Accounts,Tax Rule,item_group,Item Group,Link,varchar(140),Item Group,0,0,0,0,,
Accounts,Tax Rule,shipping_city,Shipping City,Data,varchar(140),,0,0,0,0,,
Accounts,Tax Rule,shipping_county,Shipping County,Data,varchar(140),,0,0,0,0,,
Accounts,Tax Rule,shipping_state,Shipping State,Data,varchar(140),,0,0,0,0,,
Accounts,Tax Rule,shipping_zipcode,Shipping Zipcode,Data,varchar(140),,0,0,0,0,,
Accounts,Tax Rule,shipping_country,Shipping Country,Link,varchar(140),Country,0,0,0,0,,
Accounts,Tax Rule,from_date,From Date,Date,date,,0,0,0,0,,
Accounts,Tax Rule,to_date,To Date,Date,date,,0,0,0,0,,
Accounts,Tax Rule,priority,Priority,Int,integer,,0,0,0,0,1,
Accounts,Tax Rule,company,Company,Link,varchar(140),Company,0,0,0,0,,
Accounts,Tax Withholding Account,company,Company,Link,varchar(140),Company,1,0,0,0,,
Accounts,Tax Withholding Account,account,Account,Link,varchar(140),Account,1,0,0,0,,
Accounts,Tax Withholding Category,category_name,Category Name,Data,varchar(140),,0,0,0,0,,
Accounts,Tax Withholding Category,tax_on_excess_amount,Only Deduct Tax On Excess Amount ,Check,smallint,,0,0,0,0,0,
Accounts,Tax Withholding Category,round_off_tax_amount,Round Off Tax Amount,Check,smallint,,0,0,0,0,0,
Accounts,Tax Withholding Category,tax_deduction_basis,Deduct Tax On Basis,Select,varchar(140),Gross Total|Net Total,1,0,0,0,Net Total,
Accounts,Tax Withholding Category,disable_cumulative_threshold,Disable Cumulative Threshold,Check,smallint,,0,0,0,0,0,
Accounts,Tax Withholding Category,disable_transaction_threshold,Disable Transaction Threshold,Check,smallint,,0,0,0,0,0,
Accounts,Tax Withholding Entry,party_type,Party Type,Link,varchar(140),DocType,0,0,0,1,,
Accounts,Tax Withholding Entry,party,Party,Dynamic Link,varchar(140),party_type,0,0,0,1,,
Accounts,Tax Withholding Entry,tax_id,Tax ID,Data,varchar(140),,0,0,0,1,,
Accounts,Tax Withholding Entry,tax_withholding_category,Tax Withholding Category,Link,varchar(140),Tax Withholding Category,0,0,0,1,,
Accounts,Tax Withholding Entry,tax_rate,Tax Rate,Percent,"numeric(21,9)",,0,0,0,0,,
Accounts,Tax Withholding Entry,taxable_amount,Base Taxable Amount,Currency,"numeric(21,9)",Company:company:default_currency,0,0,0,0,,
Accounts,Tax Withholding Entry,lower_deduction_certificate,Lower Deduction Certificate,Link,varchar(140),Lower Deduction Certificate,0,0,0,1,,
Accounts,Tax Withholding Entry,status,Status,Select,varchar(140),Settled|Under Withheld|Over Withheld|Duplicate|Cancelled,0,0,0,1,,
Accounts,Tax Withholding Entry,currency,Currency,Link,varchar(140),Currency,0,0,0,1,,
Accounts,Tax Withholding Entry,conversion_rate,Exchange Rate,Float,"numeric(21,9)",,0,0,0,1,,
Accounts,Tax Withholding Entry,withholding_doctype,Withholding Document Type,Link,varchar(140),DocType,0,0,0,0,,
Accounts,Tax Withholding Entry,withholding_name,Withholding Document Name,Dynamic Link,varchar(140),withholding_doctype,0,0,0,0,,
Accounts,Tax Withholding Entry,taxable_doctype,Taxable Document Type,Link,varchar(140),DocType,0,0,0,0,,
Accounts,Tax Withholding Entry,taxable_name,Taxable Document Name,Dynamic Link,varchar(140),taxable_doctype,0,0,0,0,,
Accounts,Tax Withholding Entry,taxable_date,Taxable Date,Date,date,,0,0,0,1,,
Accounts,Tax Withholding Entry,withholding_date,Withholding Date,Date,date,,0,0,0,1,,
Accounts,Tax Withholding Entry,under_withheld_reason,Under Withheld Reason,Select,varchar(140),Threshold Exemption|Lower Deduction Certificate,0,0,0,1,,
Accounts,Tax Withholding Entry,withholding_amount,Base Tax Withheld,Currency,"numeric(21,9)",Company:company:default_currency,0,0,0,1,,
Accounts,Tax Withholding Entry,tax_withholding_group,Tax Withholding Group,Link,varchar(140),Tax Withholding Group,0,0,0,1,,
Accounts,Tax Withholding Entry,company,Company,Link,varchar(140),Company,0,0,0,0,,
Accounts,Tax Withholding Entry,created_by_migration,Created By Migration,Check,smallint,,0,0,0,1,0,
Accounts,Tax Withholding Group,group_name,Group Name,Data,varchar(140),,1,1,0,0,,
Accounts,Tax Withholding Rate,tax_withholding_rate,Tax Withholding Rate,Float,"numeric(21,9)",,1,0,0,0,,
Accounts,Tax Withholding Rate,single_threshold,Transaction Threshold,Float,"numeric(21,9)",,0,0,0,0,,
Accounts,Tax Withholding Rate,cumulative_threshold,Cumulative Threshold,Float,"numeric(21,9)",,0,0,0,0,,
Accounts,Tax Withholding Rate,from_date,From Date,Date,date,,1,0,0,0,,
Accounts,Tax Withholding Rate,to_date,To Date,Date,date,,1,0,0,0,,
Accounts,Tax Withholding Rate,tax_withholding_group,Tax Withholding Group,Link,varchar(140),Tax Withholding Group,0,0,0,0,,
Accounts,Territory Item,territory,Territory,Link,varchar(140),Territory,0,0,0,0,,
Accounts,Transaction Deletion Record Details,doctype_name,DocType,Link,varchar(140),DocType,1,0,0,1,,
Accounts,Transaction Deletion Record Details,docfield_name,DocField,Data,varchar(140),,0,0,0,1,,
Accounts,Transaction Deletion Record Details,no_of_docs,No of Docs,Int,integer,,0,0,0,1,,
Accounts,Transaction Deletion Record Details,done,Done,Check,smallint,,0,0,0,1,0,
Accounts,Unreconcile Payment,amended_from,Amended From,Link,varchar(140),Unreconcile Payment,0,0,0,1,,
Accounts,Unreconcile Payment,company,Company,Link,varchar(140),Company,0,0,0,0,,
Accounts,Unreconcile Payment,voucher_type,Voucher Type,Link,varchar(140),DocType,0,0,0,0,,
Accounts,Unreconcile Payment,voucher_no,Voucher No,Dynamic Link,varchar(140),voucher_type,0,0,0,0,,
Accounts,Unreconcile Payment Entries,reference_name,Reference Name,Dynamic Link,varchar(140),reference_doctype,0,0,0,0,,
Accounts,Unreconcile Payment Entries,allocated_amount,Allocated Amount,Currency,"numeric(21,9)",account_currency,0,0,0,0,,
Accounts,Unreconcile Payment Entries,unlinked,Unlinked,Check,smallint,,0,0,0,1,0,
Accounts,Unreconcile Payment Entries,reference_doctype,Reference Type,Link,varchar(140),DocType,0,0,0,0,,
Accounts,Unreconcile Payment Entries,account,Account,Data,varchar(140),,0,0,0,0,,
Accounts,Unreconcile Payment Entries,party_type,Party Type,Data,varchar(140),,0,0,0,0,,
Accounts,Unreconcile Payment Entries,party,Party,Data,varchar(140),,0,0,0,0,,
Accounts,Unreconcile Payment Entries,account_currency,Account Currency,Link,varchar(140),Currency,0,0,0,1,,
Assets,Asset,naming_series,Series,Select,varchar(140),ACC-ASS-.YYYY.-,0,0,0,0,,
Assets,Asset,asset_name,Asset Name,Data,varchar(140),,1,0,0,0,,item_code.item_name
Assets,Asset,item_code,Item Code,Link,varchar(140),Item,1,0,0,0,,
Assets,Asset,asset_category,Asset Category,Link,varchar(140),Asset Category,0,0,0,1,,item_code.asset_category
Assets,Asset,asset_owner,Asset Owner,Select,varchar(140),Company|Supplier|Customer,0,0,0,0,Company,
Assets,Asset,asset_owner_company,Asset Owner Company,Link,varchar(140),Company,0,0,0,0,,
Assets,Asset,supplier,Supplier,Link,varchar(140),Supplier,0,0,0,0,,
Assets,Asset,customer,Customer,Link,varchar(140),Customer,0,0,0,0,,
Assets,Asset,image,Image,Attach Image,text,,0,0,0,0,,item_code.image
Assets,Asset,company,Company,Link,varchar(140),Company,1,0,0,0,,
Assets,Asset,location,Location,Link,varchar(140),Location,1,0,0,0,,
Assets,Asset,custodian,Custodian,Link,varchar(140),Employee,0,0,0,0,,
Assets,Asset,cost_center,Cost Center,Link,varchar(140),Cost Center,0,0,0,0,,
Assets,Asset,department,Department,Link,varchar(140),Department,0,0,0,0,,
Assets,Asset,purchase_date,Purchase Date,Date,date,,1,0,0,0,,
Assets,Asset,disposal_date,Disposal Date,Date,date,,0,0,0,1,,
Assets,Asset,journal_entry_for_scrap,Journal Entry for Scrap,Link,varchar(140),Journal Entry,0,0,0,1,,
Assets,Asset,available_for_use_date,Available for Use Date,Date,date,,0,0,0,0,,
Assets,Asset,calculate_depreciation,Calculate Depreciation,Check,smallint,,0,0,0,0,0,
Assets,Asset,opening_accumulated_depreciation,Opening Accumulated Depreciation,Currency,"numeric(21,9)",Company:company:default_currency,0,0,0,0,,
Assets,Asset,depreciation_method,Depreciation Method,Select,varchar(140),Straight Line|Double Declining Balance|Written Down Value|Manual,0,0,0,0,,
Assets,Asset,value_after_depreciation,Value After Depreciation,Currency,"numeric(21,9)",Company:company:default_currency,0,0,0,1,,
Assets,Asset,total_number_of_depreciations,Total Number of Depreciations,Int,integer,,0,0,0,0,,
Assets,Asset,frequency_of_depreciation,Frequency of Depreciation (Months),Int,integer,,0,0,0,0,,
Assets,Asset,next_depreciation_date,Next Depreciation Date,Date,date,,0,0,0,0,,
Assets,Asset,policy_number,Policy number,Data,varchar(140),,0,0,0,0,,
Assets,Asset,insurer,Insurer,Data,varchar(140),,0,0,0,0,,
Assets,Asset,insured_value,Insured value,Data,varchar(140),,0,0,0,0,,
Assets,Asset,insurance_start_date,Insurance Start Date,Date,date,,0,0,0,0,,
Assets,Asset,insurance_end_date,Insurance End Date,Date,date,,0,0,0,0,,
Assets,Asset,comprehensive_insurance,Comprehensive Insurance,Data,varchar(140),,0,0,0,0,,
Assets,Asset,maintenance_required,Maintenance Required,Check,smallint,,0,0,0,0,0,
Assets,Asset,status,Status,Select,varchar(140),Draft|Submitted|Cancelled|Partially Depreciated|Fully Depreciated|Sold|Scrapped|In Maintenance|Out of Order|Issue|Receipt|Capitalized|Work In Progress,0,0,0,1,Draft,
Assets,Asset,booked_fixed_asset,Booked Fixed Asset,Check,smallint,,0,0,0,1,0,
Assets,Asset,purchase_receipt,Purchase Receipt,Link,varchar(140),Purchase Receipt,0,0,0,0,,
Assets,Asset,purchase_invoice,Purchase Invoice,Link,varchar(140),Purchase Invoice,0,0,0,0,,
Assets,Asset,default_finance_book,Default Finance Book,Link,varchar(140),Finance Book,0,0,0,1,,company.default_finance_book
Assets,Asset,amended_from,Amended From,Link,varchar(140),Asset,0,0,0,1,,
Assets,Asset,split_from,Split From,Link,varchar(140),Asset,0,0,0,1,,
Assets,Asset,asset_quantity,Asset Quantity,Int,integer,,0,0,0,0,1,
Assets,Asset,depr_entry_posting_status,Depreciation Entry Posting Status,Select,varchar(140),Successful|Failed,0,0,0,1,,
Assets,Asset,is_fully_depreciated,Is Fully Depreciated,Check,smallint,,0,0,0,0,0,
Assets,Asset,total_asset_cost,Total Asset Cost,Currency,"numeric(21,9)",Company:company:default_currency,0,0,0,1,,
Assets,Asset,additional_asset_cost,Additional Asset Cost,Currency,"numeric(21,9)",Company:company:default_currency,0,0,0,1,0,
Assets,Asset,purchase_amount,Purchase Amount,Currency,"numeric(21,9)",,0,0,0,1,,
Assets,Asset,opening_number_of_booked_depreciations,Opening Number of Booked Depreciations,Int,integer,,0,0,0,0,,
Assets,Asset,purchase_receipt_item,Purchase Receipt Item,Data,varchar(140),,0,0,0,0,,
Assets,Asset,purchase_invoice_item,Purchase Invoice Item,Data,varchar(140),,0,0,0,0,,
Assets,Asset,net_purchase_amount,Net Purchase Amount,Currency,"numeric(21,9)",currency,0,0,0,0,,
Assets,Asset,asset_type,Asset Type,Select,varchar(140),Existing Asset|Composite Asset|Composite Component,0,0,0,0,,
Assets,Asset,item_name,Item Name,Read Only,varchar(140),,0,0,0,0,,item_code.item_name
Assets,Asset Activity,asset,Asset,Link,varchar(140),Asset,1,0,0,1,,
Assets,Asset Activity,subject,Subject,Small Text,text,,1,0,0,1,,
Assets,Asset Activity,date,Date,Datetime,timestamp,,1,0,0,1,now,
Assets,Asset Activity,user,User,Link,varchar(140),User,1,0,0,1,,
Assets,Asset Capitalization,title,Title,Data,varchar(140),,0,0,0,0,,
Assets,Asset Capitalization,target_item_code,Target Item Code,Link,varchar(140),Item,0,0,0,1,,
Assets,Asset Capitalization,target_asset,Target Asset,Link,varchar(140),Asset,0,0,0,0,,
Assets,Asset Capitalization,target_asset_name,Asset Name,Data,varchar(140),,0,0,0,1,,target_asset.asset_name
Assets,Asset Capitalization,company,Company,Link,varchar(140),Company,1,0,0,0,,
Assets,Asset Capitalization,posting_date,Posting Date,Date,date,,1,0,1,0,Today,
Assets,Asset Capitalization,posting_time,Posting Time,Time,time(6),,1,0,0,0,Now,
Assets,Asset Capitalization,set_posting_time,Edit Posting Date and Time,Check,smallint,,0,0,0,0,0,
Assets,Asset Capitalization,naming_series,Series,Select,varchar(140),ACC-ASC-.YYYY.-,1,0,0,0,,
Assets,Asset Capitalization,amended_from,Amended From,Link,varchar(140),Asset Capitalization,0,0,0,1,,
Assets,Asset Capitalization,stock_items_total,Consumed Stock Total Value,Currency,"numeric(21,9)",Company:company:default_currency,0,0,0,1,,
Assets,Asset Capitalization,asset_items_total,Consumed Asset Total Value,Currency,"numeric(21,9)",Company:company:default_currency,0,0,0,1,,
Assets,Asset Capitalization,finance_book,Finance Book,Link,varchar(140),Finance Book,0,0,0,0,,
Assets,Asset Capitalization,service_items_total,Service Expense Total Amount,Currency,"numeric(21,9)",Company:company:default_currency,0,0,0,1,,
Assets,Asset Capitalization,total_value,Total Value,Currency,"numeric(21,9)",Company:company:default_currency,0,0,0,1,,
Assets,Asset Capitalization,target_incoming_rate,Target Incoming Rate,Currency,"numeric(21,9)",Company:company:default_currency,0,0,0,1,,
Assets,Asset Capitalization,cost_center,Cost Center,Link,varchar(140),Cost Center,0,0,0,0,,
Assets,Asset Capitalization,project,Project,Link,varchar(140),Project,0,0,0,0,,
Assets,Asset Capitalization,target_fixed_asset_account,Target Fixed Asset Account,Link,varchar(140),Account,0,0,0,1,,
Assets,Asset Capitalization Asset Item,asset,Asset,Link,varchar(140),Asset,1,0,0,0,,
Assets,Asset Capitalization Asset Item,asset_name,Asset Name,Data,varchar(140),,0,0,0,1,,asset.asset_name
Assets,Asset Capitalization Asset Item,item_code,Item Code,Link,varchar(140),Item,1,0,0,1,,asset.item_code
Assets,Asset Capitalization Asset Item,item_name,Item Name,Data,varchar(140),,0,0,0,1,,
Assets,Asset Capitalization Asset Item,asset_value,Asset Value,Currency,"numeric(21,9)",Company:company:default_currency,0,0,0,1,0,
Assets,Asset Capitalization Asset Item,fixed_asset_account,Fixed Asset Account,Link,varchar(140),Account,0,0,0,1,,
Assets,Asset Capitalization Asset Item,cost_center,Cost Center,Link,varchar(140),Cost Center,0,0,0,0,,
Assets,Asset Capitalization Asset Item,project,Project,Link,varchar(140),Project,0,0,0,0,,
Assets,Asset Capitalization Asset Item,finance_book,Finance Book,Link,varchar(140),Finance Book,0,0,0,0,,
Assets,Asset Capitalization Asset Item,current_asset_value,Current Asset Value,Currency,"numeric(21,9)",Company:company:default_currency,0,0,0,1,,
Assets,Asset Capitalization Service Item,item_code,Item Code,Link,varchar(140),Item,0,0,0,0,,
Assets,Asset Capitalization Service Item,item_name,Item Name,Data,varchar(140),,0,0,0,1,,item_code.item_name
Assets,Asset Capitalization Service Item,expense_account,Expense Account,Link,varchar(140),Account,1,0,0,0,,
Assets,Asset Capitalization Service Item,qty,Qty,Float,"numeric(21,9)",,0,0,0,0,1,
Assets,Asset Capitalization Service Item,uom,UOM,Link,varchar(140),UOM,0,0,0,0,,item_code.stock_uom
Assets,Asset Capitalization Service Item,rate,Rate,Currency,"numeric(21,9)",Company:company:default_currency,0,0,0,0,,
Assets,Asset Capitalization Service Item,amount,Amount,Currency,"numeric(21,9)",Company:company:default_currency,0,0,0,1,0,
Assets,Asset Capitalization Service Item,cost_center,Cost Center,Link,varchar(140),Cost Center,0,0,0,0,,
Assets,Asset Capitalization Stock Item,warehouse,Warehouse,Link,varchar(140),Warehouse,1,0,0,0,,
Assets,Asset Capitalization Stock Item,batch_no,Batch No,Link,varchar(140),Batch,0,0,0,0,,
Assets,Asset Capitalization Stock Item,stock_qty,Quantity,Float,"numeric(21,9)",,0,0,0,0,,
Assets,Asset Capitalization Stock Item,stock_uom,Stock UOM,Link,varchar(140),UOM,1,0,0,1,,item_code.stock_uom
Assets,Asset Capitalization Stock Item,valuation_rate,Valuation Rate,Currency,"numeric(21,9)",Company:company:default_currency,0,0,0,1,,
Assets,Asset Capitalization Stock Item,amount,Amount,Currency,"numeric(21,9)",Company:company:default_currency,0,0,0,1,0,
Assets,Asset Capitalization Stock Item,serial_no,Serial No,Text,text,,0,0,0,0,,
Assets,Asset Capitalization Stock Item,item_code,Item Code,Link,varchar(140),Item,1,0,0,0,,
Assets,Asset Capitalization Stock Item,item_name,Item Name,Data,varchar(140),,0,0,0,1,,item_code.item_name
Assets,Asset Capitalization Stock Item,actual_qty,Actual Qty in Warehouse,Float,"numeric(21,9)",,0,0,0,1,,
Assets,Asset Capitalization Stock Item,cost_center,Cost Center,Link,varchar(140),Cost Center,0,0,0,0,,
Assets,Asset Capitalization Stock Item,serial_and_batch_bundle,Serial and Batch Bundle,Link,varchar(140),Serial and Batch Bundle,0,0,0,0,,
Assets,Asset Capitalization Stock Item,use_serial_batch_fields,Use Serial No / Batch Fields,Check,smallint,,0,0,0,0,0,
Assets,Asset Capitalization Stock Item,purchase_receipt_item,Purchase Receipt Item,Data,varchar(140),,0,0,0,0,,
Assets,Asset Category,asset_category_name,Asset Category Name,Data,varchar(140),,1,1,0,0,,
Assets,Asset Category,enable_cwip_accounting,Enable Capital Work in Progress Accounting,Check,smallint,,0,0,0,0,0,
Assets,Asset Category,non_depreciable_category,Non Depreciable Category,Check,smallint,,0,0,0,0,0,
Assets,Asset Category Account,company_name,Company,Link,varchar(140),Company,1,0,0,0,,
Assets,Asset Category Account,fixed_asset_account,Fixed Asset Account,Link,varchar(140),Account,1,0,0,0,,
Assets,Asset Category Account,accumulated_depreciation_account,Accumulated Depreciation Account,Link,varchar(140),Account,0,0,0,0,,
Assets,Asset Category Account,depreciation_expense_account,Depreciation Expense Account,Link,varchar(140),Account,0,0,0,0,,
Assets,Asset Category Account,capital_work_in_progress_account,Capital Work In Progress Account,Link,varchar(140),Account,0,0,0,0,,
Assets,Asset Depreciation Schedule,asset,Asset,Link,varchar(140),Asset,1,0,0,0,,
Assets,Asset Depreciation Schedule,naming_series,Naming Series,Select,varchar(140),ACC-ADS-.YYYY.-,0,0,0,0,,
Assets,Asset Depreciation Schedule,amended_from,Amended From,Link,varchar(140),Asset Depreciation Schedule,0,0,0,1,,
Assets,Asset Depreciation Schedule,finance_book,Finance Book,Link,varchar(140),Finance Book,0,0,0,0,,
Assets,Asset Depreciation Schedule,depreciation_method,Depreciation Method,Select,varchar(140),Straight Line|Double Declining Balance|Written Down Value|Manual,0,0,0,1,,
Assets,Asset Depreciation Schedule,rate_of_depreciation,Rate of Depreciation,Percent,"numeric(21,9)",,0,0,0,1,,
Assets,Asset Depreciation Schedule,total_number_of_depreciations,Total Number of Depreciations,Int,integer,,0,0,0,1,,
Assets,Asset Depreciation Schedule,notes,Notes,Small Text,text,,0,0,0,1,,
Assets,Asset Depreciation Schedule,status,Status,Select,varchar(140),Draft|Active|Cancelled,0,0,0,1,,
Assets,Asset Depreciation Schedule,frequency_of_depreciation,Frequency of Depreciation (Months),Int,integer,,0,0,0,1,,
Assets,Asset Depreciation Schedule,expected_value_after_useful_life,Expected Value After Useful Life,Currency,"numeric(21,9)",Company:company:default_currency,0,0,0,1,,
Assets,Asset Depreciation Schedule,finance_book_id,Finance Book Id,Int,integer,,0,0,0,1,,
Assets,Asset Depreciation Schedule,opening_accumulated_depreciation,Opening Accumulated Depreciation,Currency,"numeric(21,9)",Company:company:default_currency,0,0,0,1,,
Assets,Asset Depreciation Schedule,opening_number_of_booked_depreciations,Opening Number of Booked Depreciations,Int,integer,,0,0,0,1,,
Assets,Asset Depreciation Schedule,daily_prorata_based,Depreciate based on daily pro-rata,Check,smallint,,0,0,0,1,0,
Assets,Asset Depreciation Schedule,shift_based,Depreciate based on shifts,Check,smallint,,0,0,0,1,0,
Assets,Asset Depreciation Schedule,company,Company,Link,varchar(140),Company,0,0,0,1,,asset.company
Assets,Asset Depreciation Schedule,value_after_depreciation,Value After Depreciation,Currency,"numeric(21,9)",,0,0,0,1,,
Assets,Asset Depreciation Schedule,net_purchase_amount,Net Purchase Amount,Currency,"numeric(21,9)",Company:company:default_currency,0,0,0,1,,
Assets,Asset Finance Book,finance_book,Finance Book,Link,varchar(140),Finance Book,0,0,0,0,,
Assets,Asset Finance Book,depreciation_method,Depreciation Method,Select,varchar(140),Straight Line|Double Declining Balance|Written Down Value|Manual,1,0,0,0,,
Assets,Asset Finance Book,total_number_of_depreciations,Total Number of Depreciations,Int,integer,,1,0,0,0,,
Assets,Asset Finance Book,frequency_of_depreciation,Frequency of Depreciation (Months),Int,integer,,1,0,0,0,,
Assets,Asset Finance Book,depreciation_start_date,Depreciation Posting Date,Date,date,,0,0,0,0,,
Assets,Asset Finance Book,expected_value_after_useful_life,Salvage Value,Currency,"numeric(21,9)",Company:company:default_currency,0,0,0,0,0,
Assets,Asset Finance Book,value_after_depreciation,Value After Depreciation,Currency,"numeric(21,9)",Company:company:default_currency,0,0,0,1,,
Assets,Asset Finance Book,rate_of_depreciation,Rate of Depreciation (%),Percent,"numeric(21,9)",,0,0,0,0,,
Assets,Asset Finance Book,salvage_value_percentage,Salvage Value Percentage,Percent,"numeric(21,9)",,0,0,0,0,,
Assets,Asset Finance Book,daily_prorata_based,Depreciate based on daily pro-rata,Check,smallint,,0,0,0,0,0,
Assets,Asset Finance Book,shift_based,Depreciate based on shifts,Check,smallint,,0,0,0,0,0,
Assets,Asset Finance Book,total_number_of_booked_depreciations,Total Number of Booked Depreciations ,Int,integer,,0,0,0,1,0,
Assets,Asset Finance Book,increase_in_asset_life,Increase In Asset Life (Months),Int,integer,,0,0,0,1,,
Assets,Asset Maintenance,asset_name,Asset Name,Link,varchar(140),Asset,1,1,0,0,,
Assets,Asset Maintenance,asset_category,Asset Category,Read Only,varchar(140),,0,0,0,0,,asset_name.asset_category
Assets,Asset Maintenance,item_code,Item Code,Read Only,varchar(140),,0,0,0,0,,asset_name.item_code
Assets,Asset Maintenance,item_name,Item Name,Read Only,varchar(140),,0,0,0,0,,asset_name.item_name
Assets,Asset Maintenance,company,Company,Link,varchar(140),Company,1,0,0,0,,
Assets,Asset Maintenance,maintenance_team,Maintenance Team,Link,varchar(140),Asset Maintenance Team,1,0,0,0,,
Assets,Asset Maintenance,maintenance_manager,Maintenance Manager,Data,varchar(140),,0,0,0,1,,maintenance_team.maintenance_manager
Assets,Asset Maintenance,maintenance_manager_name,Maintenance Manager Name,Read Only,varchar(140),,0,0,0,0,,maintenance_team.maintenance_manager_name
Assets,Asset Maintenance Log,asset_maintenance,Asset Maintenance,Link,varchar(140),Asset Maintenance,0,0,0,0,,
Assets,Asset Maintenance Log,naming_series,Series,Select,varchar(140),ACC-AML-.YYYY.-,1,0,0,0,,
Assets,Asset Maintenance Log,asset_name,Asset Name,Read Only,varchar(140),,0,0,0,0,,asset_maintenance.asset_name
Assets,Asset Maintenance Log,item_code,Item Code,Read Only,varchar(140),,0,0,0,0,,asset_maintenance.item_code
Assets,Asset Maintenance Log,item_name,Item Name,Read Only,varchar(140),,0,0,0,0,,asset_maintenance.item_name
Assets,Asset Maintenance Log,task,Task,Link,varchar(140),Asset Maintenance Task,0,0,0,0,,
Assets,Asset Maintenance Log,maintenance_type,Maintenance Type,Read Only,varchar(140),,0,0,0,0,,task.maintenance_type
Assets,Asset Maintenance Log,periodicity,Periodicity,Data,varchar(140),,0,0,0,1,,task.periodicity
Assets,Asset Maintenance Log,assign_to_name,Assign To,Read Only,varchar(140),,0,0,0,0,,task.assign_to_name
Assets,Asset Maintenance Log,due_date,Due Date,Date,date,,0,0,0,1,,task.next_due_date
Assets,Asset Maintenance Log,completion_date,Completion Date,Date,date,,0,0,0,0,,
Assets,Asset Maintenance Log,maintenance_status,Maintenance Status,Select,varchar(140),Planned|Completed|Cancelled|Overdue,1,0,0,0,,
Assets,Asset Maintenance Log,has_certificate,Has Certificate ,Check,smallint,,0,0,0,0,0,task.certificate_required
Assets,Asset Maintenance Log,certificate_attachement,Certificate,Attach,text,,0,0,0,0,,
Assets,Asset Maintenance Log,description,Description,Read Only,varchar(140),,0,0,0,1,,task.description
Assets,Asset Maintenance Log,actions_performed,Actions performed,Text Editor,text,,0,0,0,0,,
Assets,Asset Maintenance Log,amended_from,Amended From,Link,varchar(140),Asset Maintenance Log,0,0,0,1,,
Assets,Asset Maintenance Log,task_name,Task Name,Data,varchar(140),,0,0,0,1,,task.maintenance_task
Assets,Asset Maintenance Log,task_assignee_email,Task Assignee Email,Data,varchar(140),,0,0,0,1,,
Assets,Asset Maintenance Task,maintenance_task,Maintenance Task,Data,varchar(140),,1,0,0,0,,
Assets,Asset Maintenance Task,maintenance_type,Maintenance Type,Select,varchar(140),Preventive Maintenance|Calibration,0,0,0,0,,
Assets,Asset Maintenance Task,maintenance_status,Maintenance Status,Select,varchar(140),Planned|Overdue|Cancelled,1,0,0,0,,
Assets,Asset Maintenance Task,start_date,Start Date,Date,date,,1,0,0,0,Today,
Assets,Asset Maintenance Task,periodicity,Periodicity,Select,varchar(140),Daily|Weekly|Monthly|Quarterly|Half-yearly|Yearly|2 Yearly|3 Yearly,1,0,0,0,,
Assets,Asset Maintenance Task,end_date,End Date,Date,date,,0,0,0,0,,
Assets,Asset Maintenance Task,certificate_required,Certificate Required,Check,smallint,,0,0,1,0,0,
Assets,Asset Maintenance Task,assign_to,Assign To,Link,varchar(140),User,0,0,0,0,,
Assets,Asset Maintenance Task,assign_to_name,Assign to Name,Read Only,varchar(140),,0,0,0,0,,assign_to.full_name
Assets,Asset Maintenance Task,next_due_date,Next Due Date,Date,date,,0,0,0,0,,
Assets,Asset Maintenance Task,last_completion_date,Last Completion Date,Date,date,,0,0,0,0,,
Assets,Asset Maintenance Task,description,Description,Text Editor,text,,0,0,0,0,,
Assets,Asset Maintenance Team,maintenance_team_name,Maintenance Team Name,Data,varchar(140),,1,1,0,0,,
Assets,Asset Maintenance Team,maintenance_manager,Maintenance Manager,Link,varchar(140),User,0,0,0,0,,
Assets,Asset Maintenance Team,maintenance_manager_name,Maintenance Manager Name,Read Only,varchar(140),,0,0,0,0,,maintenance_manager.full_name
Assets,Asset Maintenance Team,company,Company,Link,varchar(140),Company,1,0,0,0,,
Assets,Asset Movement,company,Company,Link,varchar(140),Company,1,0,0,0,,
Assets,Asset Movement,purpose,Purpose,Select,varchar(140),Issue|Receipt|Transfer|Transfer and Issue,1,0,0,0,,
Assets,Asset Movement,transaction_date,Transaction Date,Datetime,timestamp,,1,0,0,0,Now,
Assets,Asset Movement,reference_doctype,Reference Document Type,Link,varchar(140),DocType,0,0,0,0,,
Assets,Asset Movement,reference_name,Reference Document Name,Dynamic Link,varchar(140),reference_doctype,0,0,0,0,,
Assets,Asset Movement,amended_from,Amended From,Link,varchar(140),Asset Movement,0,0,0,1,,
Assets,Asset Movement Item,asset,Asset,Link,varchar(140),Asset,1,0,0,0,,
Assets,Asset Movement Item,asset_name,Asset Name,Data,varchar(140),,0,0,0,1,,asset.asset_name
Assets,Asset Movement Item,source_location,Source Location,Link,varchar(140),Location,0,0,0,0,,
Assets,Asset Movement Item,target_location,Target Location,Link,varchar(140),Location,0,0,0,0,,
Assets,Asset Movement Item,from_employee,From Employee,Link,varchar(140),Employee,0,0,0,0,,
Assets,Asset Movement Item,to_employee,To Employee,Link,varchar(140),Employee,0,0,0,0,,
Assets,Asset Movement Item,company,Company,Link,varchar(140),Company,0,0,0,1,,
Assets,Asset Repair,naming_series,Series,Select,varchar(140),ACC-ASR-.YYYY.-,1,0,0,0,,
Assets,Asset Repair,failure_date,Failure Date,Datetime,timestamp,,1,0,0,0,,
Assets,Asset Repair,completion_date,Completion Date,Datetime,timestamp,,0,0,0,0,,
Assets,Asset Repair,repair_status,Repair Status,Select,varchar(140),Pending|Completed|Cancelled,0,0,0,0,Pending,
Assets,Asset Repair,description,Error Description,Long Text,text,,0,0,0,0,,
Assets,Asset Repair,actions_performed,Actions performed,Long Text,text,,0,0,0,0,,
Assets,Asset Repair,downtime,Downtime,Data,varchar(140),,0,0,0,1,,
Assets,Asset Repair,repair_cost,Repair Cost,Currency,"numeric(21,9)",,0,0,0,1,0,
Assets,Asset Repair,amended_from,Amended From,Link,varchar(140),Asset Repair,0,0,0,1,,
Assets,Asset Repair,asset,Asset,Link,varchar(140),Asset,1,0,0,0,,
Assets,Asset Repair,asset_name,Asset Name,Read Only,varchar(140),,0,0,0,0,,asset.asset_name
Assets,Asset Repair,capitalize_repair_cost,Capitalize Repair Cost,Check,smallint,,0,0,0,0,0,
Assets,Asset Repair,cost_center,Cost Center,Link,varchar(140),Cost Center,0,0,0,0,,company.cost_center
Assets,Asset Repair,project,Project,Link,varchar(140),Project,0,0,0,0,,
Assets,Asset Repair,total_repair_cost,Total Repair Cost,Currency,"numeric(21,9)",,0,0,0,1,,
Assets,Asset Repair,increase_in_asset_life,Increase In Asset Life(Months),Int,integer,,0,0,0,0,,
Assets,Asset Repair,company,Company,Link,varchar(140),Company,0,0,0,0,,asset.company
Assets,Asset Repair,consumed_items_cost,Consumed Items Cost,Currency,"numeric(21,9)",,0,0,0,0,,
Assets,Asset Repair Consumed Item,valuation_rate,Valuation Rate,Currency,"numeric(21,9)",,0,0,0,0,,
Assets,Asset Repair Consumed Item,consumed_quantity,Consumed Quantity,Data,varchar(140),,0,0,0,0,,
Assets,Asset Repair Consumed Item,total_value,Total Value,Currency,"numeric(21,9)",,0,0,0,1,,
Assets,Asset Repair Consumed Item,serial_no,Serial No,Small Text,text,,0,0,0,0,,
Assets,Asset Repair Consumed Item,item_code,Item,Link,varchar(140),Item,1,0,0,0,,
Assets,Asset Repair Consumed Item,serial_and_batch_bundle,Serial and Batch Bundle,Link,varchar(140),Serial and Batch Bundle,0,0,0,0,,
Assets,Asset Repair Consumed Item,warehouse,Warehouse,Link,varchar(140),Warehouse,1,0,0,0,,
Assets,Asset Repair Purchase Invoice,purchase_invoice,Purchase Invoice,Link,varchar(140),Purchase Invoice,0,0,0,0,,
Assets,Asset Repair Purchase Invoice,expense_account,Expense Account,Link,varchar(140),Account,1,0,0,0,,
Assets,Asset Repair Purchase Invoice,repair_cost,Repair Cost,Currency,"numeric(21,9)",Company:company:default_currency,1,0,0,0,,
Assets,Asset Shift Allocation,amended_from,Amended From,Link,varchar(140),Asset Shift Allocation,0,0,1,1,,
Assets,Asset Shift Allocation,asset,Asset,Link,varchar(140),Asset,1,0,0,0,,
Assets,Asset Shift Allocation,finance_book,Finance Book,Link,varchar(140),Finance Book,0,0,0,0,,
Assets,Asset Shift Allocation,naming_series,Naming Series,Select,varchar(140),ACC-ASA-.YYYY.-,1,0,0,0,,
Assets,Asset Shift Factor,shift_name,Shift Name,Data,varchar(140),,1,1,0,0,,
Assets,Asset Shift Factor,shift_factor,Shift Factor,Float,"numeric(21,9)",,1,0,0,0,,
Assets,Asset Shift Factor,default,Default,Check,smallint,,0,0,0,0,0,
Assets,Asset Value Adjustment,company,Company,Link,varchar(140),Company,0,0,0,0,,
Assets,Asset Value Adjustment,asset,Asset,Link,varchar(140),Asset,1,0,0,0,,
Assets,Asset Value Adjustment,asset_category,Asset Category,Read Only,varchar(140),,0,0,0,0,,asset.asset_category
Assets,Asset Value Adjustment,finance_book,Finance Book,Link,varchar(140),Finance Book,0,0,0,0,,
Assets,Asset Value Adjustment,journal_entry,Journal Entry,Link,varchar(140),Journal Entry,0,0,0,1,,
Assets,Asset Value Adjustment,date,Date,Date,date,,1,0,0,0,,
Assets,Asset Value Adjustment,current_asset_value,Current Asset Value,Currency,"numeric(21,9)",,1,0,0,1,,
Assets,Asset Value Adjustment,new_asset_value,New Asset Value,Currency,"numeric(21,9)",,1,0,0,0,,
Assets,Asset Value Adjustment,difference_amount,Difference Amount,Currency,"numeric(21,9)",,0,0,0,1,,
Assets,Asset Value Adjustment,cost_center,Cost Center,Link,varchar(140),Cost Center,0,0,0,0,,
Assets,Asset Value Adjustment,amended_from,Amended From,Link,varchar(140),Asset Value Adjustment,0,0,0,1,,
Assets,Asset Value Adjustment,difference_account,Difference Account,Link,varchar(140),Account,1,0,0,0,,
Assets,Depreciation Schedule,schedule_date,Schedule Date,Date,date,,1,0,0,0,,
Assets,Depreciation Schedule,depreciation_amount,Depreciation Amount,Currency,"numeric(21,9)",Company:company:default_currency,1,0,0,0,,
Assets,Depreciation Schedule,accumulated_depreciation_amount,Accumulated Depreciation Amount,Currency,"numeric(21,9)",Company:company:default_currency,0,0,0,1,,
Assets,Depreciation Schedule,journal_entry,Journal Entry,Link,varchar(140),Journal Entry,0,0,0,1,,
Assets,Depreciation Schedule,shift,Shift,Link,varchar(140),Asset Shift Factor,0,0,0,0,,
Assets,Linked Location,location,Location,Link,varchar(140),Location,1,0,0,0,,
Assets,Location,location_name,Location Name,Data,varchar(140),,1,1,0,0,,
Assets,Location,parent_location,Parent Location,Link,varchar(140),Location,0,0,1,0,,
Assets,Location,is_container,Is Container,Check,smallint,,0,0,0,0,0,
Assets,Location,is_group,Is Group,Check,smallint,,0,0,0,0,0,
Assets,Location,latitude,Latitude,Float,"numeric(21,9)",,0,0,0,0,,parent_location.latitude
Assets,Location,longitude,Longitude,Float,"numeric(21,9)",,0,0,0,0,,parent_location.longitude
Assets,Location,area,Area,Float,"numeric(21,9)",,0,0,0,1,,
Assets,Location,area_uom,Area UOM,Link,varchar(140),UOM,0,0,0,0,,
Assets,Location,location,Location,Geolocation,text,,0,0,0,0,,
Assets,Location,lft,lft,Int,integer,,0,0,0,1,,
Assets,Location,rgt,rgt,Int,integer,,0,0,0,1,,
Assets,Location,old_parent,Old Parent,Data,varchar(140),,0,0,0,1,,
Assets,Maintenance Team Member,team_member,Team Member,Link,varchar(140),User,1,1,0,0,,
Assets,Maintenance Team Member,full_name,Full Name,Data,varchar(140),,0,0,0,1,,team_member.full_name
Assets,Maintenance Team Member,maintenance_role,Maintenance Role,Link,varchar(140),Role,1,0,0,0,,
Bulk Transaction,Bulk Transaction Log,date,Date,Date,date,,0,0,0,1,,
Bulk Transaction,Bulk Transaction Log,log_entries,Log Entries,Int,integer,,0,0,0,1,,
Bulk Transaction,Bulk Transaction Log,succeeded,Succeeded,Int,integer,,0,0,0,1,,
Bulk Transaction,Bulk Transaction Log,failed,Failed,Int,integer,,0,0,0,1,,
Bulk Transaction,Bulk Transaction Log Detail,transaction_name,Name,Dynamic Link,varchar(140),from_doctype,0,0,1,1,,
Bulk Transaction,Bulk Transaction Log Detail,transaction_status,Status,Data,varchar(140),,0,0,0,1,,
Bulk Transaction,Bulk Transaction Log Detail,error_description,Error Description,Long Text,text,,0,0,0,1,,
Bulk Transaction,Bulk Transaction Log Detail,from_doctype,From Doctype,Link,varchar(140),DocType,0,0,1,1,,
Bulk Transaction,Bulk Transaction Log Detail,to_doctype,To Doctype,Link,varchar(140),DocType,0,0,0,1,,
Bulk Transaction,Bulk Transaction Log Detail,date,Date ,Date,date,,0,0,1,1,,
Bulk Transaction,Bulk Transaction Log Detail,time,Time,Time,time(6),,0,0,0,1,,
Bulk Transaction,Bulk Transaction Log Detail,retried,Retried,Int,integer,,0,0,0,1,,
Buying,Buying Settings,supp_master_name,Supplier Naming By,Select,varchar(140),Supplier Name|Naming Series|Auto Name,0,0,0,0,Supplier Name,
Buying,Buying Settings,supplier_group,Default Supplier Group,Link,varchar(140),Supplier Group,0,0,0,0,,
Buying,Buying Settings,buying_price_list,Default Buying Price List,Link,varchar(140),Price List,0,0,0,0,,
Buying,Buying Settings,po_required,Is Purchase Order required for Purchase Invoice & Receipt creation?,Select,varchar(140),No|Yes,0,0,0,0,,
Buying,Buying Settings,pr_required,Is Purchase Receipt required for Purchase Invoice creation?,Select,varchar(140),No|Yes,0,0,0,0,,
Buying,Buying Settings,maintain_same_rate,Maintain same rate throughout the purchase  cycle,Check,smallint,,0,0,0,0,0,
Buying,Buying Settings,allow_multiple_items,Allow Item to be added multiple times in a transaction,Check,smallint,,0,0,0,0,0,
Buying,Buying Settings,backflush_raw_materials_of_subcontract_based_on,Backflush raw materials of subcontract based on,Select,varchar(140),BOM|Material Transferred for Subcontract,0,0,0,0,BOM,
Buying,Buying Settings,over_transfer_allowance,Over Transfer Allowance (%),Float,"numeric(21,9)",,0,0,0,0,,
Buying,Buying Settings,maintain_same_rate_action,Action if same rate is not maintained,Select,varchar(140),Stop|Warn,0,0,0,0,Stop,
Buying,Buying Settings,role_to_override_stop_action,Role allowed to override stop action,Link,varchar(140),Role,0,0,0,0,,
Buying,Buying Settings,bill_for_rejected_quantity_in_purchase_invoice,Bill for rejected quantity in Purchase Invoice,Check,smallint,,0,0,0,0,1,
Buying,Buying Settings,disable_last_purchase_rate,Disable last purchase rate,Check,smallint,,0,0,0,0,0,
Buying,Buying Settings,show_pay_button,Show pay button in Purchase Order portal,Check,smallint,,0,0,0,0,1,
Buying,Buying Settings,set_landed_cost_based_on_purchase_invoice_rate,Set Landed Cost Based on Purchase Invoice Rate,Check,smallint,,0,0,0,0,0,
Buying,Buying Settings,use_transaction_date_exchange_rate,Use Transaction Date Exchange Rate,Check,smallint,,0,0,0,0,0,
Buying,Buying Settings,blanket_order_allowance,Blanket Order Allowance (%),Float,"numeric(21,9)",,0,0,0,0,0,
Buying,Buying Settings,auto_create_subcontracting_order,Auto create Subcontracting Order,Check,smallint,,0,0,0,0,0,
Buying,Buying Settings,auto_create_purchase_receipt,Auto create Purchase Receipt,Check,smallint,,0,0,0,0,0,
Buying,Buying Settings,project_update_frequency,How often should project be updated of Total Purchase Cost ?,Select,varchar(140),Each Transaction|Manual,0,0,0,0,Each Transaction,
Buying,Buying Settings,allow_zero_qty_in_purchase_order,Allow Purchase Order with Zero Quantity,Check,smallint,,0,0,0,0,0,
Buying,Buying Settings,allow_zero_qty_in_request_for_quotation,Allow Request for Quotation with Zero Quantity,Check,smallint,,0,0,0,0,0,
Buying,Buying Settings,allow_zero_qty_in_supplier_quotation,Allow Supplier Quotation with Zero Quantity,Check,smallint,,0,0,0,0,0,
Buying,Buying Settings,set_valuation_rate_for_rejected_materials,Set valuation rate for rejected Materials,Check,smallint,,0,0,0,0,0,
Buying,Buying Settings,fixed_email,Fixed Outgoing Email Account,Link,varchar(140),Email Account,0,0,0,0,,
Buying,Buying Settings,validate_consumed_qty,Validate consumed quantity (as per BOM),Check,smallint,,0,0,0,0,0,
Buying,Buying Settings,allow_negative_rates_for_items,Allow negative rates for Items,Check,smallint,,0,0,0,0,0,
Buying,Buying Settings,over_order_allowance,Over Order Allowance (%),Float,"numeric(21,9)",,0,0,0,0,,
Buying,Customer Number At Supplier,company,Company,Link,varchar(140),Company,0,0,0,0,,
Buying,Customer Number At Supplier,customer_number,Customer Number,Data,varchar(140),,0,0,0,0,,
Buying,Purchase Order,title,Title,Data,varchar(140),,0,0,0,0,,
Buying,Purchase Order,naming_series,Series,Select,varchar(140),PUR-ORD-.YYYY.-,1,0,0,0,,
Buying,Purchase Order,supplier,Supplier,Link,varchar(140),Supplier,1,0,1,0,,
Buying,Purchase Order,supplier_name,Supplier Name,Data,varchar(140),,0,0,0,1,,supplier.supplier_name
Buying,Purchase Order,company,Company,Link,varchar(140),Company,1,0,0,0,,
Buying,Purchase Order,transaction_date,Date,Date,date,,1,0,1,0,Today,
Buying,Purchase Order,schedule_date,Required By,Date,date,,0,0,0,0,,
Buying,Purchase Order,order_confirmation_no,Order Confirmation No,Data,varchar(140),,0,0,0,0,,
Buying,Purchase Order,order_confirmation_date,Order Confirmation Date,Date,date,,0,0,0,0,,
Buying,Purchase Order,amended_from,Amended From,Link,varchar(140),Purchase Order,0,0,0,1,,
Buying,Purchase Order,customer,Customer,Link,varchar(140),Customer,0,0,0,1,,
Buying,Purchase Order,customer_name,Customer Name,Data,varchar(140),,0,0,0,1,,
Buying,Purchase Order,customer_contact_person,Customer Contact,Link,varchar(140),Contact,0,0,0,0,,
Buying,Purchase Order,customer_contact_display,Customer Contact,Small Text,text,,0,0,0,0,,
Buying,Purchase Order,customer_contact_mobile,Customer Mobile No,Small Text,text,Phone,0,0,0,0,,
Buying,Purchase Order,customer_contact_email,Customer Contact Email,Code,text,Email,0,0,0,0,,
Buying,Purchase Order,supplier_address,Supplier Address,Link,varchar(140),Address,0,0,0,0,,
Buying,Purchase Order,contact_person,Supplier Contact,Link,varchar(140),Contact,0,0,0,0,,
Buying,Purchase Order,address_display,Supplier Address Details,Text Editor,text,,0,0,0,1,,
Buying,Purchase Order,contact_display,Contact Name,Small Text,text,,0,0,0,1,,
Buying,Purchase Order,contact_mobile,Contact Mobile No,Small Text,text,Phone,0,0,0,1,,
Buying,Purchase Order,contact_email,Contact Email,Small Text,text,Email,0,0,0,1,,
Buying,Purchase Order,shipping_address,Shipping Address,Link,varchar(140),Address,0,0,0,0,,
Buying,Purchase Order,shipping_address_display,Shipping Address Details,Text Editor,text,,0,0,0,1,,
Buying,Purchase Order,currency,Currency,Link,varchar(140),Currency,1,0,0,0,,
Buying,Purchase Order,conversion_rate,Exchange Rate,Float,"numeric(21,9)",,1,0,0,0,,
Buying,Purchase Order,buying_price_list,Price List,Link,varchar(140),Price List,0,0,0,0,,
Buying,Purchase Order,price_list_currency,Price List Currency,Link,varchar(140),Currency,0,0,0,1,,
Buying,Purchase Order,plc_conversion_rate,Price List Exchange Rate,Float,"numeric(21,9)",,0,0,0,0,,
Buying,Purchase Order,ignore_pricing_rule,Ignore Pricing Rule,Check,smallint,,0,0,0,0,0,
Buying,Purchase Order,set_warehouse,Set Target Warehouse,Link,varchar(140),Warehouse,0,0,0,0,,
Buying,Purchase Order,is_subcontracted,Is Subcontracted,Check,smallint,,0,0,0,0,0,
Buying,Purchase Order,supplier_warehouse,Supplier Warehouse,Link,varchar(140),Warehouse,0,0,0,0,,
Buying,Purchase Order,scan_barcode,Scan Barcode,Data,varchar(140),Barcode,0,0,0,0,,
Buying,Purchase Order,total_qty,Total Quantity,Float,"numeric(21,9)",,0,0,0,1,,
Buying,Purchase Order,base_total,Total (Company Currency),Currency,"numeric(21,9)",Company:company:default_currency,0,0,0,1,,
Buying,Purchase Order,base_net_total,Net Total (Company Currency),Currency,"numeric(21,9)",Company:company:default_currency,0,0,0,1,,
Buying,Purchase Order,total,Total,Currency,"numeric(21,9)",currency,0,0,0,1,,
Buying,Purchase Order,net_total,Net Total,Currency,"numeric(21,9)",currency,0,0,0,1,,
Buying,Purchase Order,total_net_weight,Total Net Weight,Float,"numeric(21,9)",,0,0,0,1,,
Buying,Purchase Order,taxes_and_charges,Purchase Taxes and Charges Template,Link,varchar(140),Purchase Taxes and Charges Template,0,0,0,0,,
Buying,Purchase Order,shipping_rule,Shipping Rule,Link,varchar(140),Shipping Rule,0,0,0,0,,
Buying,Purchase Order,other_charges_calculation,Taxes and Charges Calculation,Text Editor,text,,0,0,0,1,,
Buying,Purchase Order,base_taxes_and_charges_added,Taxes and Charges Added (Company Currency),Currency,"numeric(21,9)",Company:company:default_currency,0,0,0,1,,
Buying,Purchase Order,base_taxes_and_charges_deducted,Taxes and Charges Deducted (Company Currency),Currency,"numeric(21,9)",Company:company:default_currency,0,0,0,1,,
Buying,Purchase Order,base_total_taxes_and_charges,Total Taxes and Charges (Company Currency),Currency,"numeric(21,9)",Company:company:default_currency,0,0,0,1,,
Buying,Purchase Order,taxes_and_charges_added,Taxes and Charges Added,Currency,"numeric(21,9)",currency,0,0,0,1,,
Buying,Purchase Order,taxes_and_charges_deducted,Taxes and Charges Deducted,Currency,"numeric(21,9)",currency,0,0,0,1,,
Buying,Purchase Order,total_taxes_and_charges,Total Taxes and Charges,Currency,"numeric(21,9)",currency,0,0,0,1,,
Buying,Purchase Order,apply_discount_on,Apply Additional Discount On,Select,varchar(140),Grand Total|Net Total,0,0,0,0,Grand Total,
Buying,Purchase Order,base_discount_amount,Additional Discount Amount (Company Currency),Currency,"numeric(21,9)",Company:company:default_currency,0,0,0,1,,
Buying,Purchase Order,additional_discount_percentage,Additional Discount Percentage,Float,"numeric(21,9)",,0,0,0,0,,
Buying,Purchase Order,discount_amount,Additional Discount Amount,Currency,"numeric(21,9)",currency,0,0,0,0,,
Buying,Purchase Order,base_grand_total,Grand Total,Currency,"numeric(21,9)",Company:company:default_currency,0,0,0,1,,
Buying,Purchase Order,base_rounding_adjustment,Rounding Adjustment,Currency,"numeric(21,9)",Company:company:default_currency,0,0,0,1,,
Buying,Purchase Order,base_in_words,In Words,Data,varchar(140),,0,0,0,1,,
Buying,Purchase Order,base_rounded_total,Rounded Total,Currency,"numeric(21,9)",Company:company:default_currency,0,0,0,1,,
Buying,Purchase Order,grand_total,Grand Total,Currency,"numeric(21,9)",currency,0,0,0,1,,
Buying,Purchase Order,rounding_adjustment,Rounding Adjustment,Currency,"numeric(21,9)",currency,0,0,0,1,,
Buying,Purchase Order,rounded_total,Rounded Total,Currency,"numeric(21,9)",currency,0,0,0,1,,
Buying,Purchase Order,disable_rounded_total,Disable Rounded Total,Check,smallint,,0,0,0,0,0,
Buying,Purchase Order,in_words,In Words,Data,varchar(140),,0,0,0,1,,
Buying,Purchase Order,advance_paid,Advance Paid (Company Currency),Currency,"numeric(21,9)",party_account_currency,0,0,0,1,,
Buying,Purchase Order,payment_terms_template,Payment Terms Template,Link,varchar(140),Payment Terms Template,0,0,0,0,,
Buying,Purchase Order,tc_name,Terms,Link,varchar(140),Terms and Conditions,0,0,0,0,,
Buying,Purchase Order,terms,Terms and Conditions,Text Editor,text,,0,0,0,0,,
Buying,Purchase Order,status,Status,Select,varchar(140),Draft|On Hold|To Receive and Bill|To Bill|To Receive|Completed|Cancelled|Closed|Delivered,1,0,1,1,Draft,
Buying,Purchase Order,ref_sq,Supplier Quotation,Link,varchar(140),Supplier Quotation,0,0,0,1,,
Buying,Purchase Order,party_account_currency,Party Account Currency,Link,varchar(140),Currency,0,0,0,1,,
Buying,Purchase Order,inter_company_order_reference,Inter Company Order Reference,Link,varchar(140),Sales Order,0,0,0,1,,
Buying,Purchase Order,per_received,% Received,Percent,"numeric(21,9)",,0,0,0,1,,
Buying,Purchase Order,per_billed,% Billed,Percent,"numeric(21,9)",,0,0,0,1,,
Buying,Purchase Order,letter_head,Letter Head,Link,varchar(140),Letter Head,0,0,0,0,,
Buying,Purchase Order,select_print_heading,Print Heading,Link,varchar(140),Print Heading,0,0,0,0,,
Buying,Purchase Order,group_same_items,Group same items,Check,smallint,,0,0,0,0,0,
Buying,Purchase Order,language,Print Language,Data,varchar(140),,0,0,0,0,,
Buying,Purchase Order,from_date,From Date,Date,date,,0,0,0,0,,
Buying,Purchase Order,to_date,To Date,Date,date,,0,0,0,0,,
Buying,Purchase Order,auto_repeat,Auto Repeat,Link,varchar(140),Auto Repeat,0,0,0,1,,
Buying,Purchase Order,tax_category,Tax Category,Link,varchar(140),Tax Category,0,0,0,0,,
Buying,Purchase Order,set_reserve_warehouse,Set Reserve Warehouse,Link,varchar(140),Warehouse,0,0,0,0,,
Buying,Purchase Order,billing_address,Company Billing Address,Link,varchar(140),Address,0,0,0,0,,
Buying,Purchase Order,billing_address_display,Billing Address Details,Text Editor,text,,0,0,0,1,,
Buying,Purchase Order,is_internal_supplier,Is Internal Supplier,Check,smallint,,0,0,0,1,0,supplier.is_internal_supplier
Buying,Purchase Order,represents_company,Represents Company,Link,varchar(140),Company,0,0,0,1,,supplier.represents_company
Buying,Purchase Order,cost_center,Cost Center,Link,varchar(140),Cost Center,0,0,0,0,,
Buying,Purchase Order,project,Project,Link,varchar(140),Project,0,0,0,0,,
Buying,Purchase Order,set_from_warehouse,Set From Warehouse,Link,varchar(140),Warehouse,0,0,0,0,,
Buying,Purchase Order,incoterm,Incoterm,Link,varchar(140),Incoterm,0,0,0,0,,
Buying,Purchase Order,named_place,Named Place,Data,varchar(140),,0,0,0,0,,
Buying,Purchase Order,advance_payment_status,Advance Payment Status,Select,varchar(140),Not Initiated|Initiated|Partially Paid|Fully Paid,0,0,0,0,,
Buying,Purchase Order,has_unit_price_items,Has Unit Price Items,Check,smallint,,0,0,0,0,0,
Buying,Purchase Order,dispatch_address,Dispatch Address,Link,varchar(140),Address,0,0,0,0,,
Buying,Purchase Order,dispatch_address_display,Dispatch Address Details,Text Editor,text,,0,0,0,1,,
Buying,Purchase Order,supplier_group,Supplier Group,Link,varchar(140),Supplier Group,0,0,0,0,,
Buying,Purchase Order,mps,MPS,Link,varchar(140),Master Production Schedule,0,0,0,1,,
Buying,Purchase Order,transaction_time,Time,Time,time(6),,0,0,0,0,Now,
Buying,Purchase Order Item,item_code,Item Code,Link,varchar(140),Item,1,0,0,0,,
Buying,Purchase Order Item,supplier_part_no,Supplier Part Number,Data,varchar(140),,0,0,0,1,,
Buying,Purchase Order Item,item_name,Item Name,Data,varchar(140),,1,0,0,0,,
Buying,Purchase Order Item,schedule_date,Required By,Date,date,,1,0,0,0,,
Buying,Purchase Order Item,expected_delivery_date,Expected Delivery Date,Date,date,,0,0,1,0,,
Buying,Purchase Order Item,description,Description,Text Editor,text,,0,0,0,0,,
Buying,Purchase Order Item,image,Image,Attach,text,,0,0,0,0,,item_code.image
Buying,Purchase Order Item,qty,Quantity,Float,"numeric(21,9)",,1,0,0,0,,
Buying,Purchase Order Item,stock_uom,Stock UOM,Link,varchar(140),UOM,1,0,0,1,,
Buying,Purchase Order Item,uom,UOM,Link,varchar(140),UOM,1,0,0,0,,
Buying,Purchase Order Item,conversion_factor,UOM Conversion Factor,Float,"numeric(21,9)",,1,0,0,0,,
Buying,Purchase Order Item,price_list_rate,Price List Rate,Currency,"numeric(21,9)",currency,0,0,0,0,,
Buying,Purchase Order Item,discount_percentage,Discount on Price List Rate (%),Percent,"numeric(21,9)",,0,0,0,0,,
Buying,Purchase Order Item,discount_amount,Discount Amount,Currency,"numeric(21,9)",currency,0,0,0,0,,
Buying,Purchase Order Item,last_purchase_rate,Last Purchase Rate,Currency,"numeric(21,9)",currency,0,0,0,1,,
Buying,Purchase Order Item,base_price_list_rate,Price List Rate (Company Currency),Currency,"numeric(21,9)",Company:company:default_currency,0,0,0,1,,
Buying,Purchase Order Item,rate,Rate,Currency,"numeric(21,9)",currency,0,0,0,0,,
Buying,Purchase Order Item,amount,Amount,Currency,"numeric(21,9)",currency,0,0,0,1,,
Buying,Purchase Order Item,base_rate,Rate (Company Currency),Currency,"numeric(21,9)",Company:company:default_currency,1,0,0,1,,
Buying,Purchase Order Item,base_amount,Amount (Company Currency),Currency,"numeric(21,9)",Company:company:default_currency,1,0,0,1,,
Buying,Purchase Order Item,pricing_rules,Pricing Rules,Small Text,text,,0,0,0,1,,
Buying,Purchase Order Item,is_free_item,Is Free Item,Check,smallint,,0,0,0,1,0,
Buying,Purchase Order Item,net_rate,Net Rate,Currency,"numeric(21,9)",currency,0,0,0,1,,
Buying,Purchase Order Item,net_amount,Net Amount,Currency,"numeric(21,9)",currency,0,0,0,1,,
Buying,Purchase Order Item,base_net_rate,Net Rate (Company Currency),Currency,"numeric(21,9)",Company:company:default_currency,0,0,0,1,,
Buying,Purchase Order Item,base_net_amount,Net Amount (Company Currency),Currency,"numeric(21,9)",Company:company:default_currency,0,0,0,1,,
Buying,Purchase Order Item,weight_per_unit,Weight Per Unit,Float,"numeric(21,9)",,0,0,0,1,,
Buying,Purchase Order Item,total_weight,Total Weight,Float,"numeric(21,9)",,0,0,0,1,,
Buying,Purchase Order Item,weight_uom,Weight UOM,Link,varchar(140),UOM,0,0,0,1,,
Buying,Purchase Order Item,warehouse,Target Warehouse,Link,varchar(140),Warehouse,0,0,0,0,,
Buying,Purchase Order Item,project,Project,Link,varchar(140),Project,0,0,0,0,,
Buying,Purchase Order Item,material_request,Material Request,Link,varchar(140),Material Request,0,0,1,1,,
Buying,Purchase Order Item,material_request_item,Material Request Item,Data,varchar(140),,0,0,1,1,,
Buying,Purchase Order Item,sales_order,Sales Order,Link,varchar(140),Sales Order,0,0,1,0,,
Buying,Purchase Order Item,sales_order_item,Sales Order Item,Data,varchar(140),,0,0,1,1,,
Buying,Purchase Order Item,supplier_quotation,Supplier Quotation,Link,varchar(140),Supplier Quotation,0,0,0,1,,
Buying,Purchase Order Item,supplier_quotation_item,Supplier Quotation Item,Link,varchar(140),Supplier Quotation Item,0,0,0,1,,
Buying,Purchase Order Item,delivered_by_supplier,To be Delivered to Customer,Check,smallint,,0,0,0,0,0,
Buying,Purchase Order Item,blanket_order,Blanket Order,Link,varchar(140),Blanket Order,0,0,0,0,,
Buying,Purchase Order Item,blanket_order_rate,Blanket Order Rate,Currency,"numeric(21,9)",,0,0,0,1,,
Buying,Purchase Order Item,item_group,Item Group,Link,varchar(140),Item Group,0,0,0,1,,
Buying,Purchase Order Item,brand,Brand,Link,varchar(140),Brand,0,0,0,1,,
Buying,Purchase Order Item,bom,BOM,Link,varchar(140),BOM,0,0,0,1,,
Buying,Purchase Order Item,stock_qty,Qty in Stock UOM,Float,"numeric(21,9)",,0,0,0,1,,
Buying,Purchase Order Item,received_qty,Received Qty,Float,"numeric(21,9)",,0,0,0,1,,
Buying,Purchase Order Item,returned_qty,Returned Qty,Float,"numeric(21,9)",,0,0,0,1,,
Buying,Purchase Order Item,billed_amt,Billed Amount,Currency,"numeric(21,9)",currency,0,0,0,1,,
Buying,Purchase Order Item,item_tax_rate,Item Tax Rate,Code,text,,0,0,0,1,,
Buying,Purchase Order Item,expense_account,Expense Account,Link,varchar(140),Account,0,0,0,0,,
Buying,Purchase Order Item,cost_center,Cost Center,Link,varchar(140),Cost Center,0,0,0,0,,
Buying,Purchase Order Item,page_break,Page Break,Check,smallint,,0,0,0,0,0,
Buying,Purchase Order Item,item_tax_template,Item Tax Template,Link,varchar(140),Item Tax Template,0,0,0,0,,
Buying,Purchase Order Item,manufacturer,Manufacturer,Link,varchar(140),Manufacturer,0,0,0,0,,
Buying,Purchase Order Item,manufacturer_part_no,Manufacturer Part Number,Data,varchar(140),,0,0,0,0,,
Buying,Purchase Order Item,against_blanket_order,Against Blanket Order,Check,smallint,,0,0,0,0,0,
Buying,Purchase Order Item,is_fixed_asset,Is Fixed Asset,Check,smallint,,0,0,0,1,0,item_code.is_fixed_asset
Buying,Purchase Order Item,stock_uom_rate,Rate of Stock UOM,Currency,"numeric(21,9)",currency,0,0,0,1,,
Buying,Purchase Order Item,actual_qty,Available Qty at Target Warehouse,Float,"numeric(21,9)",,0,0,0,1,,
Buying,Purchase Order Item,company_total_stock,Available Qty at Company,Float,"numeric(21,9)",,0,0,0,1,,
Buying,Purchase Order Item,margin_type,Margin Type,Select,varchar(140),Percentage|Amount,0,0,0,0,,
Buying,Purchase Order Item,margin_rate_or_amount,Margin Rate or Amount,Float,"numeric(21,9)",,0,0,0,0,,
Buying,Purchase Order Item,rate_with_margin,Rate With Margin,Currency,"numeric(21,9)",currency,0,0,0,1,,
Buying,Purchase Order Item,base_rate_with_margin,Rate With Margin (Company Currency),Currency,"numeric(21,9)",Company:company:default_currency,0,0,0,1,,
Buying,Purchase Order Item,production_plan,Production Plan,Link,varchar(140),Production Plan,0,0,0,1,,
Buying,Purchase Order Item,production_plan_item,Production Plan Item,Data,varchar(140),,0,0,0,1,,
Buying,Purchase Order Item,production_plan_sub_assembly_item,Production Plan Sub Assembly Item,Data,varchar(140),,0,0,0,1,,
Buying,Purchase Order Item,product_bundle,Product Bundle,Link,varchar(140),Product Bundle,0,0,0,1,,
Buying,Purchase Order Item,sales_order_packed_item,Sales Order Packed Item,Data,varchar(140),,0,0,0,0,,
Buying,Purchase Order Item,fg_item,Finished Good,Link,varchar(140),Item,0,0,0,0,,
Buying,Purchase Order Item,fg_item_qty,Finished Good Qty,Float,"numeric(21,9)",,0,0,0,0,1,
Buying,Purchase Order Item,from_warehouse,From Warehouse,Link,varchar(140),Warehouse,0,0,0,0,,
Buying,Purchase Order Item,wip_composite_asset,WIP Composite Asset,Link,varchar(140),Asset,0,0,0,0,,
Buying,Purchase Order Item,job_card,Job Card,Link,varchar(140),Job Card,0,0,0,1,,
Buying,Purchase Order Item,distributed_discount_amount,Distributed Discount Amount,Currency,"numeric(21,9)",currency,0,0,0,0,,
Buying,Purchase Order Item,subcontracted_qty,Subcontracted Quantity,Float,"numeric(21,9)",,0,0,0,1,0,
Buying,Purchase Receipt Item Supplied,main_item_code,Item Code,Link,varchar(140),Item,0,0,0,1,,
Buying,Purchase Receipt Item Supplied,rm_item_code,Raw Material Item Code,Link,varchar(140),Item,0,0,0,1,,
Buying,Purchase Receipt Item Supplied,description,Description,Text Editor,text,,0,0,0,1,,
Buying,Purchase Receipt Item Supplied,batch_no,Batch No,Link,varchar(140),Batch,0,0,0,0,,
Buying,Purchase Receipt Item Supplied,serial_no,Serial No,Text,text,,0,0,0,0,,
Buying,Purchase Receipt Item Supplied,required_qty,Available Qty For Consumption,Float,"numeric(21,9)",,0,0,0,1,,
Buying,Purchase Receipt Item Supplied,consumed_qty,Qty to Be Consumed,Float,"numeric(21,9)",,1,0,0,0,,
Buying,Purchase Receipt Item Supplied,stock_uom,Stock Uom,Link,varchar(140),UOM,0,0,0,1,,
Buying,Purchase Receipt Item Supplied,rate,Rate,Currency,"numeric(21,9)",Company:company:default_currency,0,0,0,1,,
Buying,Purchase Receipt Item Supplied,amount,Amount,Currency,"numeric(21,9)",Company:company:default_currency,0,0,0,1,,
Buying,Purchase Receipt Item Supplied,conversion_factor,Conversion Factor,Float,"numeric(21,9)",,0,0,0,1,,
Buying,Purchase Receipt Item Supplied,current_stock,Current Stock,Float,"numeric(21,9)",,0,0,0,1,,
Buying,Purchase Receipt Item Supplied,reference_name,Reference Name,Data,varchar(140),,0,0,0,1,,
Buying,Purchase Receipt Item Supplied,bom_detail_no,BOM Detail No,Data,varchar(140),,0,0,0,1,,
Buying,Purchase Receipt Item Supplied,item_name,Item Name,Data,varchar(140),,0,0,0,1,,
Buying,Purchase Receipt Item Supplied,purchase_order,Purchase Order,Link,varchar(140),Purchase Order,0,0,0,1,,
Buying,Request for Quotation,naming_series,Series,Select,varchar(140),PUR-RFQ-.YYYY.-,1,0,0,0,,
Buying,Request for Quotation,company,Company,Link,varchar(140),Company,1,0,1,0,,
Buying,Request for Quotation,vendor,Supplier,Link,varchar(140),Supplier,0,0,0,1,,
Buying,Request for Quotation,transaction_date,Date,Date,date,,1,0,1,0,Today,
Buying,Request for Quotation,email_template,Email Template,Link,varchar(140),Email Template,0,0,0,0,,
Buying,Request for Quotation,message_for_supplier,Message for Supplier,Text Editor,text,,0,0,0,0,Please supply the specified items at the best possible rates,
Buying,Request for Quotation,tc_name,Terms,Link,varchar(140),Terms and Conditions,0,0,0,0,,
Buying,Request for Quotation,terms,Terms and Conditions,Text Editor,text,,0,0,0,0,,
Buying,Request for Quotation,select_print_heading,Print Heading,Link,varchar(140),Print Heading,0,0,0,0,,
Buying,Request for Quotation,letter_head,Letter Head,Link,varchar(140),Letter Head,0,0,0,0,,
Buying,Request for Quotation,opportunity,Opportunity,Link,varchar(140),Opportunity,0,0,0,1,,
Buying,Request for Quotation,status,Status,Select,varchar(140),Draft|Submitted|Cancelled,1,0,1,1,,
Buying,Request for Quotation,amended_from,Amended From,Link,varchar(140),Request for Quotation,0,0,0,1,,
Buying,Request for Quotation,schedule_date,Required Date,Date,date,,0,0,0,0,,
Buying,Request for Quotation,incoterm,Incoterm,Link,varchar(140),Incoterm,0,0,0,0,,
Buying,Request for Quotation,named_place,Named Place,Data,varchar(140),,0,0,0,0,,
Buying,Request for Quotation,send_attached_files,Send Attached Files,Check,smallint,,0,0,0,0,1,
Buying,Request for Quotation,send_document_print,Send Document Print,Check,smallint,,0,0,0,0,0,
Buying,Request for Quotation,billing_address,Company Billing Address,Link,varchar(140),Address,0,0,0,0,,
Buying,Request for Quotation,billing_address_display,Billing Address Details,Text Editor,text,,0,0,0,1,,
Buying,Request for Quotation,has_unit_price_items,Has Unit Price Items,Check,smallint,,0,0,0,0,0,
Buying,Request for Quotation,subject,Subject,Data,varchar(140),,1,0,0,0,Request for Quotation,
Buying,Request for Quotation,mfs_html,Message for Supplier,Code,text,,0,0,0,0,,
Buying,Request for Quotation,use_html,Use HTML,Check,smallint,,0,0,0,0,0,
Buying,Request for Quotation,shipping_address,Company Shipping Address,Link,varchar(140),Address,0,0,0,0,,
Buying,Request for Quotation,shipping_address_display,Shipping Address Details,Text Editor,text,,0,0,0,1,,
Buying,Request for Quotation,title,Title,Data,varchar(140),,0,0,0,0,,
Buying,Request for Quotation Item,item_code,Item Code,Link,varchar(140),Item,1,0,1,0,,
Buying,Request for Quotation Item,supplier_part_no,Supplier Part No,Data,varchar(140),,0,0,0,1,,
Buying,Request for Quotation Item,item_name,Item Name,Data,varchar(140),,0,0,1,0,,
Buying,Request for Quotation Item,description,Description,Text Editor,text,,0,0,0,0,,
Buying,Request for Quotation Item,image,Image,Attach,text,,0,0,0,0,,item_code.image
Buying,Request for Quotation Item,qty,Quantity,Float,"numeric(21,9)",,1,0,0,0,,
Buying,Request for Quotation Item,schedule_date,Required Date,Date,date,,1,0,0,0,Today,
Buying,Request for Quotation Item,uom,UOM,Link,varchar(140),UOM,1,0,0,0,,
Buying,Request for Quotation Item,warehouse,Warehouse,Link,varchar(140),Warehouse,0,0,0,0,,
Buying,Request for Quotation Item,project_name,Project,Link,varchar(140),Project,0,0,0,0,,
Buying,Request for Quotation Item,material_request,Material Request,Link,varchar(140),Material Request,0,0,0,1,,
Buying,Request for Quotation Item,material_request_item,Material Request Item,Data,varchar(140),,0,0,0,0,,
Buying,Request for Quotation Item,brand,Brand,Link,varchar(140),Brand,0,0,0,1,,
Buying,Request for Quotation Item,item_group,Item Group,Link,varchar(140),Item Group,0,0,0,1,,
Buying,Request for Quotation Item,page_break,Page Break,Check,smallint,,0,0,0,0,0,
Buying,Request for Quotation Item,stock_uom,Stock UOM,Link,varchar(140),UOM,1,0,0,1,,
Buying,Request for Quotation Item,conversion_factor,UOM Conversion Factor,Float,"numeric(21,9)",,1,0,0,1,,
Buying,Request for Quotation Item,stock_qty,Qty as per Stock UOM,Float,"numeric(21,9)",,0,0,0,1,,
Buying,Request for Quotation Item,cost_center,Cost Center,Link,varchar(140),Cost Center,0,0,0,0,,
Buying,Request for Quotation Supplier,send_email,Send Email,Check,smallint,,0,0,0,0,1,
Buying,Request for Quotation Supplier,email_sent,Email Sent,Check,smallint,,0,0,0,1,0,
Buying,Request for Quotation Supplier,supplier,Supplier,Link,varchar(140),Supplier,1,0,0,0,,
Buying,Request for Quotation Supplier,contact,Contact,Link,varchar(140),Contact,0,0,0,0,,
Buying,Request for Quotation Supplier,quote_status,Quote Status,Select,varchar(140),Pending|Received,0,0,0,1,,
Buying,Request for Quotation Supplier,supplier_name,Supplier Name,Read Only,varchar(140),,0,0,0,0,,supplier.supplier_name
Buying,Request for Quotation Supplier,email_id,Email ID,Data,varchar(140),,0,0,0,0,,contact.email_id
Buying,Supplier,naming_series,Series,Select,varchar(140),SUP-.YYYY.-,0,0,0,0,,
Buying,Supplier,supplier_name,Supplier Name,Data,varchar(140),,1,0,0,0,,
Buying,Supplier,country,Country,Link,varchar(140),Country,0,0,0,0,,
Buying,Supplier,default_bank_account,Company Bank Account,Link,varchar(140),Bank Account,0,0,0,0,,
Buying,Supplier,tax_id,Tax ID,Data,varchar(140),,0,0,0,0,,
Buying,Supplier,tax_category,Tax Category,Link,varchar(140),Tax Category,0,0,0,0,,
Buying,Supplier,tax_withholding_category,Tax Withholding Category,Link,varchar(140),Tax Withholding Category,0,0,0,0,,
Buying,Supplier,is_transporter,Is Transporter,Check,smallint,,0,0,0,0,0,
Buying,Supplier,is_internal_supplier,Is Internal Supplier,Check,smallint,,0,0,0,0,0,
Buying,Supplier,represents_company,Represents Company,Link,varchar(140),Company,0,0,0,0,,
Buying,Supplier,image,Image,Attach Image,text,,0,0,0,0,,
Buying,Supplier,supplier_group,Supplier Group,Link,varchar(140),Supplier Group,0,0,0,0,,
Buying,Supplier,supplier_type,Supplier Type,Select,varchar(140),Company|Individual|Partnership,1,0,0,0,Company,
Buying,Supplier,language,Print Language,Link,varchar(140),Language,0,0,0,0,,
Buying,Supplier,disabled,Disabled,Check,smallint,,0,0,0,0,0,
Buying,Supplier,warn_rfqs,Warn RFQs,Check,smallint,,0,0,0,1,0,
Buying,Supplier,warn_pos,Warn POs,Check,smallint,,0,0,0,1,0,
Buying,Supplier,prevent_rfqs,Prevent RFQs,Check,smallint,,0,0,0,1,0,
Buying,Supplier,prevent_pos,Prevent POs,Check,smallint,,0,0,0,1,0,
Buying,Supplier,default_currency,Billing Currency,Link,varchar(140),Currency,0,0,0,0,,
Buying,Supplier,default_price_list,Price List,Link,varchar(140),Price List,0,0,0,0,,
Buying,Supplier,payment_terms,Payment Terms Template,Link,varchar(140),Payment Terms Template,0,0,0,0,,
Buying,Supplier,on_hold,Block Supplier,Check,smallint,,0,0,0,0,0,
Buying,Supplier,hold_type,Hold Type,Select,varchar(140),All|Invoices|Payments,0,0,0,0,All,
Buying,Supplier,release_date,Release Date,Date,date,,0,0,0,0,,
Buying,Supplier,website,Website,Data,varchar(140),,0,0,0,0,,
Buying,Supplier,supplier_details,Supplier Details,Text,text,,0,0,0,0,,
Buying,Supplier,is_frozen,Is Frozen,Check,smallint,,0,0,0,0,0,
Buying,Supplier,allow_purchase_invoice_creation_without_purchase_order,Allow purchase invoice creation without purchase order,Check,smallint,,0,0,0,0,0,
Buying,Supplier,allow_purchase_invoice_creation_without_purchase_receipt,Allow purchase invoice creation without purchase receipt,Check,smallint,,0,0,0,0,0,
Buying,Supplier,supplier_primary_contact,Primary Contact,Link,varchar(140),Contact,0,0,0,0,,
Buying,Supplier,mobile_no,Mobile No,Read Only,varchar(140),,0,0,0,0,,supplier_primary_contact.mobile_no
Buying,Supplier,email_id,Email ID,Read Only,varchar(140),,0,0,0,0,,supplier_primary_contact.email_id
Buying,Supplier,primary_address,Primary Address Preview,Text Editor,text,,0,0,0,1,,
Buying,Supplier,supplier_primary_address,Primary Address,Link,varchar(140),Address,0,0,0,0,,
Buying,Supplier,restrict_to_companies,Restrict to Companies,Check,smallint,,0,0,0,0,0,
Buying,Supplier,tax_withholding_group,Tax Withholding Group,Link,varchar(140),Tax Withholding Group,0,0,0,0,,
Buying,Supplier,gender,Gender,Link,varchar(140),Gender,0,0,0,0,,
Buying,Supplier,alias,Alias,Data,varchar(140),,0,1,0,0,,
Buying,Supplier Quotation,title,Title,Data,varchar(140),,0,0,0,0,,
Buying,Supplier Quotation,naming_series,Series,Select,varchar(140),PUR-SQTN-.YYYY.-,1,0,0,0,,
Buying,Supplier Quotation,supplier,Supplier,Link,varchar(140),Supplier,1,0,1,0,,
Buying,Supplier Quotation,supplier_name,Supplier Name,Data,varchar(140),,0,0,0,1,,supplier.supplier_name
Buying,Supplier Quotation,transaction_date,Date,Date,date,,1,0,1,0,Today,
Buying,Supplier Quotation,amended_from,Amended From,Link,varchar(140),Supplier Quotation,0,0,0,1,,
Buying,Supplier Quotation,company,Company,Link,varchar(140),Company,1,0,1,0,,
Buying,Supplier Quotation,supplier_address,Supplier Address,Link,varchar(140),Address,0,0,0,0,,
Buying,Supplier Quotation,contact_person,Contact Person,Link,varchar(140),Contact,0,0,0,0,,
Buying,Supplier Quotation,address_display,Address,Text Editor,text,,0,0,0,1,,
Buying,Supplier Quotation,contact_display,Contact,Small Text,text,,0,0,0,1,,
Buying,Supplier Quotation,contact_mobile,Mobile No,Small Text,text,Phone,0,0,0,1,,
Buying,Supplier Quotation,contact_email,Contact Email,Data,varchar(140),Email,0,0,0,1,,
Buying,Supplier Quotation,currency,Currency,Link,varchar(140),Currency,1,0,0,0,,
Buying,Supplier Quotation,conversion_rate,Exchange Rate,Float,"numeric(21,9)",,1,0,0,0,,
Buying,Supplier Quotation,buying_price_list,Price List,Link,varchar(140),Price List,0,0,0,0,,
Buying,Supplier Quotation,price_list_currency,Price List Currency,Link,varchar(140),Currency,0,0,0,1,,
Buying,Supplier Quotation,plc_conversion_rate,Price List Exchange Rate,Float,"numeric(21,9)",,0,0,0,0,,
Buying,Supplier Quotation,ignore_pricing_rule,Ignore Pricing Rule,Check,smallint,,0,0,0,0,0,
Buying,Supplier Quotation,total_qty,Total Quantity,Float,"numeric(21,9)",,0,0,0,1,,
Buying,Supplier Quotation,base_total,Total (Company Currency),Currency,"numeric(21,9)",Company:company:default_currency,0,0,0,1,,
Buying,Supplier Quotation,base_net_total,Net Total (Company Currency),Currency,"numeric(21,9)",Company:company:default_currency,0,0,0,1,,
Buying,Supplier Quotation,total,Total,Currency,"numeric(21,9)",currency,0,0,0,1,,
Buying,Supplier Quotation,net_total,Net Total,Currency,"numeric(21,9)",currency,0,0,0,1,,
Buying,Supplier Quotation,total_net_weight,Total Net Weight,Float,"numeric(21,9)",,0,0,0,1,,
Buying,Supplier Quotation,tax_category,Tax Category,Link,varchar(140),Tax Category,0,0,0,0,,
Buying,Supplier Quotation,shipping_rule,Shipping Rule,Link,varchar(140),Shipping Rule,0,0,0,0,,
Buying,Supplier Quotation,taxes_and_charges,Purchase Taxes and Charges Template,Link,varchar(140),Purchase Taxes and Charges Template,0,0,0,0,,
Buying,Supplier Quotation,other_charges_calculation,Taxes and Charges Calculation,Text Editor,text,,0,0,0,1,,
Buying,Supplier Quotation,base_taxes_and_charges_added,Taxes and Charges Added (Company Currency),Currency,"numeric(21,9)",Company:company:default_currency,0,0,0,1,,
Buying,Supplier Quotation,base_taxes_and_charges_deducted,Taxes and Charges Deducted (Company Currency),Currency,"numeric(21,9)",Company:company:default_currency,0,0,0,1,,
Buying,Supplier Quotation,base_total_taxes_and_charges,Total Taxes and Charges (Company Currency),Currency,"numeric(21,9)",Company:company:default_currency,0,0,0,1,,
Buying,Supplier Quotation,taxes_and_charges_added,Taxes and Charges Added,Currency,"numeric(21,9)",currency,0,0,0,1,,
Buying,Supplier Quotation,taxes_and_charges_deducted,Taxes and Charges Deducted,Currency,"numeric(21,9)",currency,0,0,0,1,,
Buying,Supplier Quotation,total_taxes_and_charges,Total Taxes and Charges,Currency,"numeric(21,9)",currency,0,0,0,1,,
Buying,Supplier Quotation,apply_discount_on,Apply Additional Discount On,Select,varchar(140),Grand Total|Net Total,0,0,0,0,Grand Total,
Buying,Supplier Quotation,base_discount_amount,Additional Discount Amount (Company Currency),Currency,"numeric(21,9)",Company:company:default_currency,0,0,0,1,,
Buying,Supplier Quotation,additional_discount_percentage,Additional Discount Percentage,Float,"numeric(21,9)",,0,0,0,0,,
Buying,Supplier Quotation,discount_amount,Additional Discount Amount,Currency,"numeric(21,9)",currency,0,0,0,0,,
Buying,Supplier Quotation,base_grand_total,Grand Total (Company Currency),Currency,"numeric(21,9)",Company:company:default_currency,0,0,0,1,,
Buying,Supplier Quotation,base_rounding_adjustment,Rounding Adjustment (Company Currency,Currency,"numeric(21,9)",Company:company:default_currency,0,0,0,1,,
Buying,Supplier Quotation,base_in_words,In Words (Company Currency),Data,varchar(140),,0,0,0,1,,
Buying,Supplier Quotation,base_rounded_total,Rounded Total (Company Currency),Currency,"numeric(21,9)",Company:company:default_currency,0,0,0,1,,
Buying,Supplier Quotation,grand_total,Grand Total,Currency,"numeric(21,9)",currency,0,0,0,1,,
Buying,Supplier Quotation,rounding_adjustment,Rounding Adjustment,Currency,"numeric(21,9)",currency,0,0,0,1,,
Buying,Supplier Quotation,rounded_total,Rounded Total,Currency,"numeric(21,9)",currency,0,0,0,1,,
Buying,Supplier Quotation,in_words,In Words,Data,varchar(140),,0,0,0,1,,
Buying,Supplier Quotation,disable_rounded_total,Disable Rounded Total,Check,smallint,,0,0,0,0,0,
Buying,Supplier Quotation,tc_name,Terms Template,Link,varchar(140),Terms and Conditions,0,0,0,0,,
Buying,Supplier Quotation,terms,Terms and Conditions,Text Editor,text,,0,0,0,0,,
Buying,Supplier Quotation,select_print_heading,Print Heading,Link,varchar(140),Print Heading,0,0,0,0,,
Buying,Supplier Quotation,group_same_items,Group same items,Check,smallint,,0,0,0,0,0,
Buying,Supplier Quotation,letter_head,Letter Head,Link,varchar(140),Letter Head,0,0,0,0,,
Buying,Supplier Quotation,language,Print Language,Data,varchar(140),,0,0,0,1,,
Buying,Supplier Quotation,auto_repeat,Auto Repeat,Link,varchar(140),Auto Repeat,0,0,0,1,,
Buying,Supplier Quotation,status,Status,Select,varchar(140),Draft|Submitted|Stopped|Cancelled|Expired,1,0,1,1,,
Buying,Supplier Quotation,is_subcontracted,Is Subcontracted,Check,smallint,,0,0,0,0,0,
Buying,Supplier Quotation,opportunity,Opportunity,Link,varchar(140),Opportunity,0,0,0,1,,
Buying,Supplier Quotation,valid_till,Valid Till,Date,date,,0,0,0,0,,
Buying,Supplier Quotation,quotation_number,Quotation Number,Data,varchar(140),,0,0,0,0,,
Buying,Supplier Quotation,incoterm,Incoterm,Link,varchar(140),Incoterm,0,0,0,0,,
Buying,Supplier Quotation,named_place,Named Place,Data,varchar(140),,0,0,0,0,,
Buying,Supplier Quotation,shipping_address,Shipping Address,Link,varchar(140),Address,0,0,0,0,,
Buying,Supplier Quotation,shipping_address_display,Shipping Address Details,Text Editor,text,,0,0,0,1,,
Buying,Supplier Quotation,billing_address,Company Billing Address,Link,varchar(140),Address,0,0,0,0,,
Buying,Supplier Quotation,billing_address_display,Billing Address Details,Text Editor,text,,0,0,0,1,,
Buying,Supplier Quotation,cost_center,Cost Center,Link,varchar(140),Cost Center,0,0,0,0,,
Buying,Supplier Quotation,project,Project,Link,varchar(140),Project,0,0,0,0,,
Buying,Supplier Quotation,has_unit_price_items,Has Unit Price Items,Check,smallint,,0,0,0,0,0,
Buying,Supplier Quotation Item,item_code,Item Code,Link,varchar(140),Item,1,0,1,0,,
Buying,Supplier Quotation Item,supplier_part_no,Supplier Part Number,Data,varchar(140),,0,0,0,1,,
Buying,Supplier Quotation Item,item_name,Item Name,Data,varchar(140),,0,0,1,0,,
Buying,Supplier Quotation Item,lead_time_days,Supplier Lead Time (days),Int,integer,,0,0,0,0,,
Buying,Supplier Quotation Item,description,Description,Text Editor,text,,0,0,0,0,,
Buying,Supplier Quotation Item,image,Image,Attach,text,,0,0,0,0,,
Buying,Supplier Quotation Item,qty,Quantity,Float,"numeric(21,9)",,1,0,0,0,,
Buying,Supplier Quotation Item,stock_uom,Stock UOM,Link,varchar(140),UOM,1,0,0,1,,
Buying,Supplier Quotation Item,price_list_rate,Price List Rate,Currency,"numeric(21,9)",currency,0,0,0,0,,
Buying,Supplier Quotation Item,discount_percentage,Discount on Price List Rate (%),Percent,"numeric(21,9)",,0,0,0,0,,
Buying,Supplier Quotation Item,discount_amount,Discount Amount,Currency,"numeric(21,9)",currency,0,0,0,0,,
Buying,Supplier Quotation Item,uom,UOM,Link,varchar(140),UOM,1,0,0,0,,
Buying,Supplier Quotation Item,conversion_factor,UOM Conversion Factor,Float,"numeric(21,9)",,1,0,0,1,,
Buying,Supplier Quotation Item,stock_qty,Qty as per Stock UOM,Float,"numeric(21,9)",,0,0,0,1,,
Buying,Supplier Quotation Item,base_price_list_rate,Price List Rate (Company Currency),Currency,"numeric(21,9)",Company:company:default_currency,0,0,0,1,,
Buying,Supplier Quotation Item,rate,Rate,Currency,"numeric(21,9)",currency,0,0,0,0,,
Buying,Supplier Quotation Item,amount,Amount,Currency,"numeric(21,9)",currency,0,0,0,1,,
Buying,Supplier Quotation Item,base_rate,Rate (Company Currency),Currency,"numeric(21,9)",Company:company:default_currency,1,0,0,1,,
Buying,Supplier Quotation Item,base_amount,Amount (Company Currency),Currency,"numeric(21,9)",Company:company:default_currency,1,0,0,1,,
Buying,Supplier Quotation Item,pricing_rules,Pricing Rules,Small Text,text,,0,0,0,1,,
Buying,Supplier Quotation Item,net_rate,Net Rate,Currency,"numeric(21,9)",currency,0,0,0,1,,
Buying,Supplier Quotation Item,net_amount,Net Amount,Currency,"numeric(21,9)",currency,0,0,0,1,,
Buying,Supplier Quotation Item,base_net_rate,Net Rate (Company Currency),Currency,"numeric(21,9)",Company:company:default_currency,0,0,0,1,,
Buying,Supplier Quotation Item,base_net_amount,Net Amount (Company Currency),Currency,"numeric(21,9)",Company:company:default_currency,0,0,0,1,,
Buying,Supplier Quotation Item,weight_per_unit,Weight Per Unit,Float,"numeric(21,9)",,0,0,0,1,,
Buying,Supplier Quotation Item,total_weight,Total Weight,Float,"numeric(21,9)",,0,0,0,1,,
Buying,Supplier Quotation Item,weight_uom,Weight UOM,Link,varchar(140),UOM,0,0,0,1,,
Buying,Supplier Quotation Item,warehouse,Warehouse,Link,varchar(140),Warehouse,0,0,0,0,,
Buying,Supplier Quotation Item,project,Project,Link,varchar(140),Project,0,0,0,0,,
Buying,Supplier Quotation Item,prevdoc_doctype,Reference Document Type,Data,varchar(140),,0,0,0,1,,
Buying,Supplier Quotation Item,material_request,Material Request,Link,varchar(140),Material Request,0,0,1,1,,
Buying,Supplier Quotation Item,sales_order,Sales Order,Link,varchar(140),Sales Order,0,0,1,1,,
Buying,Supplier Quotation Item,request_for_quotation,Request for Quotation,Link,varchar(140),Request for Quotation,0,0,0,1,,
Buying,Supplier Quotation Item,item_tax_template,Item Tax Template,Link,varchar(140),Item Tax Template,0,0,0,0,,
Buying,Supplier Quotation Item,material_request_item,Material Request Item,Data,varchar(140),,0,0,1,1,,
Buying,Supplier Quotation Item,request_for_quotation_item,Request for Quotation Item,Data,varchar(140),,0,0,0,1,,
Buying,Supplier Quotation Item,brand,Brand,Link,varchar(140),Brand,0,0,0,1,,
Buying,Supplier Quotation Item,item_group,Item Group,Link,varchar(140),Item Group,0,0,0,1,,
Buying,Supplier Quotation Item,item_tax_rate,Item Tax Rate,Code,text,,0,0,0,1,,
Buying,Supplier Quotation Item,page_break,Page Break,Check,smallint,,0,0,0,0,0,
Buying,Supplier Quotation Item,manufacturer,Manufacturer,Link,varchar(140),Manufacturer,0,0,0,0,,
Buying,Supplier Quotation Item,manufacturer_part_no,Manufacturer Part Number,Data,varchar(140),,0,0,0,0,,
Buying,Supplier Quotation Item,is_free_item,Is Free Item,Check,smallint,,0,0,0,1,0,
Buying,Supplier Quotation Item,expected_delivery_date,Expected Delivery Date,Date,date,,0,0,0,0,,
Buying,Supplier Quotation Item,cost_center,Cost Center,Link,varchar(140),Cost Center,0,0,0,0,,
Buying,Supplier Quotation Item,distributed_discount_amount,Distributed Discount Amount,Currency,"numeric(21,9)",currency,0,0,0,0,,
Buying,Supplier Quotation Item,margin_type,Margin Type,Select,varchar(140),Percentage|Amount,0,0,0,0,,
Buying,Supplier Quotation Item,margin_rate_or_amount,Margin Rate or Amount,Float,"numeric(21,9)",,0,0,0,0,,
Buying,Supplier Quotation Item,rate_with_margin,Rate With Margin,Currency,"numeric(21,9)",currency,0,0,0,1,,
Buying,Supplier Scorecard,supplier,Supplier,Link,varchar(140),Supplier,0,1,0,0,,
Buying,Supplier Scorecard,supplier_score,Supplier Score,Data,varchar(140),,0,0,0,1,,
Buying,Supplier Scorecard,indicator_color,Indicator Color,Data,varchar(140),,0,0,0,0,,
Buying,Supplier Scorecard,status,Status,Data,varchar(140),,0,0,0,0,,
Buying,Supplier Scorecard,period,Evaluation Period,Select,varchar(140),Per Week|Per Month|Per Year,1,0,0,0,Per Month,
Buying,Supplier Scorecard,weighting_function,Weighting Function,Small Text,text,,1,0,0,0,"{total_score} * max( 0, min ( 1 , (12 - {period_number}) / 12) )",
Buying,Supplier Scorecard,warn_rfqs,Warn for new Request for Quotations,Check,smallint,,0,0,0,1,0,
Buying,Supplier Scorecard,warn_pos,Warn for new Purchase Orders,Check,smallint,,0,0,0,1,0,
Buying,Supplier Scorecard,prevent_rfqs,Prevent RFQs,Check,smallint,,0,0,0,1,0,
Buying,Supplier Scorecard,prevent_pos,Prevent POs,Check,smallint,,0,0,0,1,0,
Buying,Supplier Scorecard,notify_supplier,Notify Supplier,Check,smallint,,0,0,0,1,0,
Buying,Supplier Scorecard,notify_employee,Notify Employee,Check,smallint,,0,0,0,1,0,
Buying,Supplier Scorecard,employee,Employee,Link,varchar(140),Employee,0,0,0,1,,
Buying,Supplier Scorecard Criteria,criteria_name,Criteria Name,Data,varchar(140),,1,1,0,0,,
Buying,Supplier Scorecard Criteria,max_score,Max Score,Float,"numeric(21,9)",,1,0,0,0,100,
Buying,Supplier Scorecard Criteria,formula,Criteria Formula,Small Text,text,,1,0,0,0,,
Buying,Supplier Scorecard Criteria,weight,Criteria Weight,Percent,"numeric(21,9)",,0,0,0,0,,
Buying,Supplier Scorecard Period,supplier,Supplier,Link,varchar(140),Supplier,1,0,0,0,,
Buying,Supplier Scorecard Period,naming_series,Naming Series,Select,varchar(140),PU-SSP-.YYYY.-,1,0,0,0,,
Buying,Supplier Scorecard Period,total_score,Period Score,Percent,"numeric(21,9)",,0,0,0,1,,
Buying,Supplier Scorecard Period,start_date,Start Date,Date,date,,1,0,0,0,,
Buying,Supplier Scorecard Period,end_date,End Date,Date,date,,1,0,0,0,,
Buying,Supplier Scorecard Period,scorecard,Supplier Scorecard Setup,Link,varchar(140),Supplier Scorecard,1,0,0,0,,
Buying,Supplier Scorecard Period,amended_from,Amended From,Link,varchar(140),Supplier Scorecard Period,0,0,0,1,,
Buying,Supplier Scorecard Scoring Criteria,criteria_name,Criteria Name,Link,varchar(140),Supplier Scorecard Criteria,1,0,0,0,,
Buying,Supplier Scorecard Scoring Criteria,score,Score,Percent,"numeric(21,9)",,0,0,0,1,,
Buying,Supplier Scorecard Scoring Criteria,weight,Criteria Weight,Percent,"numeric(21,9)",,1,0,0,0,,
Buying,Supplier Scorecard Scoring Criteria,max_score,Max Score,Float,"numeric(21,9)",,0,0,0,1,100,
Buying,Supplier Scorecard Scoring Criteria,formula,Criteria Formula,Small Text,text,,0,0,0,1,,
Buying,Supplier Scorecard Scoring Standing,standing_name,Standing Name,Link,varchar(140),Supplier Scorecard Standing,0,0,0,0,,
Buying,Supplier Scorecard Scoring Standing,standing_color,Color,Select,varchar(140),Blue|Purple|Green|Yellow|Orange|Red,0,0,0,0,,
Buying,Supplier Scorecard Scoring Standing,min_grade,Min Grade,Percent,"numeric(21,9)",,0,0,0,0,,
Buying,Supplier Scorecard Scoring Standing,max_grade,Max Grade,Percent,"numeric(21,9)",,0,0,0,0,,
Buying,Supplier Scorecard Scoring Standing,warn_rfqs,Warn RFQs,Check,smallint,,0,0,0,0,0,
Buying,Supplier Scorecard Scoring Standing,warn_pos,Warn Purchase Orders,Check,smallint,,0,0,0,0,0,
Buying,Supplier Scorecard Scoring Standing,prevent_rfqs,Prevent RFQs,Check,smallint,,0,0,0,0,0,
Buying,Supplier Scorecard Scoring Standing,prevent_pos,Prevent Purchase Orders,Check,smallint,,0,0,0,0,0,
Buying,Supplier Scorecard Scoring Standing,notify_supplier,Notify Supplier,Check,smallint,,0,0,0,0,0,
Buying,Supplier Scorecard Scoring Standing,notify_employee,Notify Employee,Check,smallint,,0,0,0,0,0,
Buying,Supplier Scorecard Scoring Standing,employee_link,Employee ,Link,varchar(140),Employee,0,0,0,0,,
Buying,Supplier Scorecard Scoring Variable,variable_label,Variable Name,Link,varchar(140),Supplier Scorecard Variable,1,0,0,1,,
Buying,Supplier Scorecard Scoring Variable,description,Description,Small Text,text,,0,0,0,1,,
Buying,Supplier Scorecard Scoring Variable,value,Value,Float,"numeric(21,9)",,0,0,0,1,,
Buying,Supplier Scorecard Scoring Variable,param_name,Parameter Name,Data,varchar(140),,0,0,0,1,,
Buying,Supplier Scorecard Scoring Variable,path,Path,Data,varchar(140),,0,0,0,1,,
Buying,Supplier Scorecard Standing,standing_name,Standing Name,Data,varchar(140),,0,1,0,0,,
Buying,Supplier Scorecard Standing,standing_color,Color,Select,varchar(140),Blue|Purple|Green|Yellow|Orange|Red,0,0,0,0,,
Buying,Supplier Scorecard Standing,min_grade,Min Grade,Percent,"numeric(21,9)",,0,0,0,0,,
Buying,Supplier Scorecard Standing,max_grade,Max Grade,Percent,"numeric(21,9)",,0,0,0,0,,
Buying,Supplier Scorecard Standing,warn_rfqs,Warn RFQs,Check,smallint,,0,0,0,0,0,
Buying,Supplier Scorecard Standing,warn_pos,Warn Purchase Orders,Check,smallint,,0,0,0,0,0,
Buying,Supplier Scorecard Standing,prevent_rfqs,Prevent RFQs,Check,smallint,,0,0,0,0,0,
Buying,Supplier Scorecard Standing,prevent_pos,Prevent Purchase Orders,Check,smallint,,0,0,0,0,0,
Buying,Supplier Scorecard Standing,notify_supplier,Notify Supplier,Check,smallint,,0,0,0,0,0,
Buying,Supplier Scorecard Standing,notify_employee,Notify Other,Check,smallint,,0,0,0,0,0,
Buying,Supplier Scorecard Standing,employee_link,Other,Link,varchar(140),Employee,0,0,0,0,,
Buying,Supplier Scorecard Variable,variable_label,Variable Name,Data,varchar(140),,1,1,0,0,,
Buying,Supplier Scorecard Variable,is_custom,Custom?,Check,smallint,,0,0,0,0,0,
Buying,Supplier Scorecard Variable,param_name,Parameter Name,Data,varchar(140),,1,1,0,0,,
Buying,Supplier Scorecard Variable,path,Path,Data,varchar(140),,1,0,0,0,,
Buying,Supplier Scorecard Variable,description,Description,Small Text,text,,0,0,0,0,,
CRM,Appointment,customer_name,Name,Data,varchar(140),,1,0,0,0,,
CRM,Appointment,customer_phone_number,Phone Number,Data,varchar(140),,0,0,0,0,,
CRM,Appointment,customer_skype,Skype ID,Data,varchar(140),,0,0,0,0,,
CRM,Appointment,customer_details,Details,Long Text,text,,0,0,0,0,,
CRM,Appointment,scheduled_time,Scheduled Time,Datetime,timestamp,,1,0,1,0,,
CRM,Appointment,status,Status,Select,varchar(140),Open|Unverified|Closed,1,0,0,0,,
CRM,Appointment,calendar_event,Calendar Event,Link,varchar(140),Event,0,0,0,0,,
CRM,Appointment,customer_email,Email,Data,varchar(140),Email,1,0,0,0,,
CRM,Appointment,appointment_with,Appointment With,Link,varchar(140),DocType,0,0,0,0,,
CRM,Appointment,party,Party,Dynamic Link,varchar(140),appointment_with,0,0,0,0,,
CRM,Appointment,created_through_portal,Created through Portal,Check,smallint,,0,0,0,1,0,
CRM,Appointment,email_verified,Email Verified,Check,smallint,,0,0,0,1,0,
CRM,Appointment,verification_token,Verification Token,Data,varchar(140),,0,0,1,1,,
CRM,Appointment Booking Settings,number_of_agents,Number of Concurrent Appointments,Int,integer,,0,0,0,1,,
CRM,Appointment Booking Settings,holiday_list,Holiday List,Link,varchar(140),Holiday List,0,0,0,0,,
CRM,Appointment Booking Settings,appointment_duration,Appointment Duration (In Minutes),Int,integer,,1,0,0,0,60,
CRM,Appointment Booking Settings,email_reminders,Notify Via Email,Check,smallint,,0,0,0,0,0,
CRM,Appointment Booking Settings,advance_booking_days,Number of days appointments can be booked in advance,Int,integer,,0,0,0,0,7,
CRM,Appointment Booking Settings,enable_scheduling,Enable Appointment Scheduling,Check,smallint,,0,0,0,0,0,
CRM,Appointment Booking Settings,success_redirect_url,Success Redirect URL,Data,varchar(140),,0,0,0,0,,
CRM,Appointment Booking Settings,verification_link_expiry_duration,Verification Link Expiry Duration,Int,integer,,0,0,0,0,30,
CRM,Appointment Booking Settings,enable_appointment_portal,Enable Appointment Booking Through Portal,Check,smallint,,0,0,0,0,0,
CRM,Appointment Booking Settings,action_for_expired_unverified_appointments,Action for Expired Unverified Appointments,Select,varchar(140),Mark as Closed|Delete Permanently,0,0,0,0,Mark as Closed,
CRM,Appointment Booking Slots,day_of_week,Day Of Week,Select,varchar(140),Sunday|Monday|Tuesday|Wednesday|Thursday|Friday|Saturday,1,0,0,0,,
CRM,Appointment Booking Slots,from_time,From Time ,Time,time(6),,1,0,0,0,,
CRM,Appointment Booking Slots,to_time,To Time,Time,time(6),,1,0,0,0,,
CRM,Availability Of Slots,day_of_week,Day Of Week,Select,varchar(140),Sunday|Monday|Tuesday|Wednesday|Thursday|Friday|Saturday,1,0,0,0,,
CRM,Availability Of Slots,from_time,From Time,Time,time(6),,1,0,0,0,,
CRM,Availability Of Slots,to_time,To Time,Time,time(6),,1,0,0,0,,
CRM,CRM Note,note,Note,Text Editor,text,,0,0,0,0,,
CRM,CRM Note,added_by,Added By,Link,varchar(140),User,0,0,0,0,,
CRM,CRM Note,added_on,Added On,Datetime,timestamp,,0,0,0,0,,
CRM,CRM Settings,campaign_naming_by,Campaign Naming By,Select,varchar(140),Campaign Name|Naming Series,0,0,0,0,,
CRM,CRM Settings,default_valid_till,Default Quotation Validity Days,Data,varchar(140),,0,0,0,0,,
CRM,CRM Settings,allow_lead_duplication_based_on_emails,Allow Lead Duplication based on Emails,Check,smallint,,0,0,0,0,0,
CRM,CRM Settings,auto_creation_of_contact,Auto Creation of Contact,Check,smallint,,0,0,0,0,1,
CRM,CRM Settings,close_opportunity_after_days,Close Replied Opportunity After Days,Int,integer,,0,0,0,0,15,
CRM,CRM Settings,carry_forward_communication_and_comments,Carry Forward Communication and Comments,Check,smallint,,0,0,0,0,0,
CRM,CRM Settings,update_timestamp_on_new_communication,Update timestamp on new communication,Check,smallint,,0,0,0,0,0,
CRM,CRM Settings,enable_opportunity_creation_from_contact_us,Enable Opportunity Creation from Contact Us,Check,smallint,,0,0,0,0,0,
CRM,CRM Settings,enable_frappe_crm_data_synchronization,Enable Frappe CRM Data Synchronization,Check,smallint,,0,0,0,0,0,
CRM,Campaign,campaign_name,Campaign Name,Data,varchar(140),,1,0,0,0,,
CRM,Campaign,naming_series,Naming Series,Select,varchar(140),SAL-CAM-.YYYY.-,0,0,0,0,,
CRM,Campaign,description,Description,Text,text,,0,0,0,0,,
CRM,Campaign Email Schedule,send_after_days,Send After (days),Int,integer,,1,0,0,0,,
CRM,Campaign Email Schedule,email_template,Email Template,Link,varchar(140),Email Template,1,0,0,0,,
CRM,Competitor,competitor_name,Competitor Name,Data,varchar(140),,1,1,0,0,,
CRM,Competitor,website,Website,Data,varchar(140),URL,0,0,0,0,,
CRM,Competitor Detail,competitor,Competitor,Link,varchar(140),Competitor,1,0,0,0,,
CRM,Contract,party_type,Party Type,Select,varchar(140),Customer|Supplier|Employee,1,0,0,0,Customer,
CRM,Contract,is_signed,Signed,Check,smallint,,0,0,0,0,0,
CRM,Contract,party_name,Party Name,Dynamic Link,varchar(140),party_type,1,0,0,0,,
CRM,Contract,party_user,Party User,Link,varchar(140),User,0,0,0,0,,
CRM,Contract,status,Status,Select,varchar(140),Unsigned|Active|Inactive|Cancelled,0,0,0,0,,
CRM,Contract,fulfilment_status,Fulfilment Status,Select,varchar(140),N/A|Unfulfilled|Partially Fulfilled|Fulfilled|Lapsed,0,0,0,0,,
CRM,Contract,start_date,Start Date,Date,date,,0,0,0,0,,
CRM,Contract,end_date,End Date,Date,date,,0,0,0,0,,
CRM,Contract,signee,Signee,Data,varchar(140),,0,0,0,0,,
CRM,Contract,signed_on,Signed On,Datetime,timestamp,,0,0,0,0,,
CRM,Contract,ip_address,IP Address,Data,varchar(140),,0,0,0,1,,
CRM,Contract,contract_template,Contract Template,Link,varchar(140),Contract Template,0,0,0,0,,
CRM,Contract,contract_terms,Contract Terms,Text Editor,text,,1,0,0,0,,
CRM,Contract,requires_fulfilment,Requires Fulfilment,Check,smallint,,0,0,0,0,0,
CRM,Contract,fulfilment_deadline,Fulfilment Deadline,Date,date,,0,0,0,0,,
CRM,Contract,document_type,Document Type,Select,varchar(140),Quotation|Project|Sales Order|Purchase Order|Sales Invoice|Purchase Invoice,0,0,0,0,,
CRM,Contract,document_name,Document Name,Dynamic Link,varchar(140),document_type,0,0,0,0,,
CRM,Contract,amended_from,Amended From,Link,varchar(140),Contract,0,0,0,1,,
CRM,Contract,signee_company,Signee (Company),Signature,text,,0,0,0,0,,
CRM,Contract,signed_by_company,Signed By (Company),Link,varchar(140),User,0,0,0,1,,
CRM,Contract,party_full_name,Party Full Name,Data,varchar(140),,0,0,0,1,,
CRM,Contract Fulfilment Checklist,fulfilled,Fulfilled,Check,smallint,,0,0,0,0,0,
CRM,Contract Fulfilment Checklist,requirement,Requirement,Data,varchar(140),,0,0,0,0,,
CRM,Contract Fulfilment Checklist,notes,Notes,Text,text,,0,0,0,0,,
CRM,Contract Fulfilment Checklist,amended_from,Amended From,Link,varchar(140),Contract Fulfilment Checklist,0,0,0,1,,
CRM,Contract Template,title,Title,Data,varchar(140),,0,1,0,0,,
CRM,Contract Template,contract_terms,Contract Terms and Conditions,Text Editor,text,,0,0,0,0,,
CRM,Contract Template,requires_fulfilment,Requires Fulfilment,Check,smallint,,0,0,0,0,0,
CRM,Contract Template Fulfilment Terms,requirement,Requirement,Data,varchar(140),,0,0,0,0,,
CRM,Email Campaign,campaign_name,Campaign,Link,varchar(140),Campaign,1,0,0,0,,
CRM,Email Campaign,status,Status,Select,varchar(140),Scheduled|In Progress|Completed|Unsubscribed,0,0,0,1,,
CRM,Email Campaign,start_date,Start Date,Date,date,,1,0,0,0,,
CRM,Email Campaign,end_date,End Date,Date,date,,0,0,0,1,,
CRM,Email Campaign,email_campaign_for,Email Campaign For ,Select,varchar(140),Lead|Contact|Email Group,1,0,0,0,Lead,
CRM,Email Campaign,recipient,Recipient,Dynamic Link,varchar(140),email_campaign_for,1,0,0,0,,
CRM,Email Campaign,sender,Sender,Link,varchar(140),User,0,0,0,0,__user,
CRM,Frappe CRM Allowed User,user,User,Link,varchar(140),User,1,0,0,0,,
CRM,Lead,naming_series,Series,Select,varchar(140),CRM-LEAD-.YYYY.-,0,0,0,0,,
CRM,Lead,lead_name,Full Name,Data,varchar(140),,0,0,1,1,,
CRM,Lead,company_name,Organization Name,Data,varchar(140),,0,0,0,0,,
CRM,Lead,email_id,Email,Data,varchar(140),Email,0,0,1,0,,
CRM,Lead,lead_owner,Lead Owner,Link,varchar(140),User,0,0,1,0,__user,
CRM,Lead,status,Status,Select,varchar(140),Lead|Open|Replied|Opportunity|Quotation|Lost Quotation|Interested|Converted|Do Not Contact,1,0,1,0,Lead,
CRM,Lead,salutation,Salutation,Link,varchar(140),Salutation,0,0,0,0,,
CRM,Lead,gender,Gender,Link,varchar(140),Gender,0,0,0,0,,
CRM,Lead,customer,From Customer,Link,varchar(140),Customer,0,0,0,0,,
CRM,Lead,image,Image,Attach Image,text,,0,0,0,0,,
CRM,Lead,phone,Phone,Data,varchar(140),Phone,0,0,0,0,,
CRM,Lead,mobile_no,Mobile No,Data,varchar(140),Phone,0,0,0,0,,
CRM,Lead,fax,Fax,Data,varchar(140),,0,0,0,0,,
CRM,Lead,type,Lead Type,Select,varchar(140),Client|Channel Partner|Consultant,0,0,0,0,,
CRM,Lead,market_segment,Market Segment,Link,varchar(140),Market Segment,0,0,0,0,,
CRM,Lead,industry,Industry,Link,varchar(140),Industry Type,0,0,0,0,,
CRM,Lead,request_type,Request Type,Select,varchar(140),Product Enquiry|Request for Information|Suggestions|Other,0,0,0,0,,
CRM,Lead,company,Company,Link,varchar(140),Company,0,0,0,0,,
CRM,Lead,website,Website,Data,varchar(140),,0,0,0,0,,
CRM,Lead,territory,Territory,Link,varchar(140),Territory,0,0,0,0,,
CRM,Lead,unsubscribed,Unsubscribed,Check,smallint,,0,0,0,0,0,
CRM,Lead,blog_subscriber,Blog Subscriber,Check,smallint,,0,0,0,0,0,
CRM,Lead,title,Title,Data,varchar(140),,0,0,0,1,,
CRM,Lead,language,Print Language,Link,varchar(140),Language,0,0,0,0,,
CRM,Lead,first_name,First Name,Data,varchar(140),,0,0,0,0,,
CRM,Lead,middle_name,Middle Name,Data,varchar(140),,0,0,0,0,,
CRM,Lead,last_name,Last Name,Data,varchar(140),,0,0,0,0,,
CRM,Lead,no_of_employees,No of Employees,Select,varchar(140),1-10|11-50|51-200|201-500|501-1000|1000+,0,0,0,0,,
CRM,Lead,whatsapp_no,WhatsApp,Data,varchar(140),Phone,0,0,0,0,,
CRM,Lead,phone_ext,Phone Ext.,Data,varchar(140),,0,0,0,0,,
CRM,Lead,qualified_by,Qualified By,Link,varchar(140),User,0,0,0,0,,
CRM,Lead,qualified_on,Qualified on,Date,date,,0,0,0,0,,
CRM,Lead,qualification_status,Qualification Status,Select,varchar(140),Unqualified|In Process|Qualified,0,0,0,0,,
CRM,Lead,job_title,Job Title,Data,varchar(140),,0,0,0,0,,
CRM,Lead,annual_revenue,Annual Revenue,Currency,"numeric(21,9)",,0,0,0,0,,
CRM,Lead,disabled,Disabled,Check,smallint,,0,0,0,0,0,
CRM,Lead,city,City,Data,varchar(140),,0,0,0,0,,
CRM,Lead,state,State/Province,Data,varchar(140),,0,0,0,0,,
CRM,Lead,country,Country,Link,varchar(140),Country,0,0,0,0,,
CRM,Lead,utm_content,Content,Data,varchar(140),,0,0,0,0,,
CRM,Lead,utm_source,Source,Link,varchar(140),UTM Source,0,0,0,0,,
CRM,Lead,utm_medium,Medium,Link,varchar(140),UTM Medium,0,0,0,0,,
CRM,Lead,utm_campaign,Campaign,Link,varchar(140),UTM Campaign,0,0,0,0,,
CRM,Lost Reason Detail,lost_reason,Opportunity Lost Reason,Link,varchar(140),Opportunity Lost Reason,0,0,0,0,,
CRM,Market Segment,market_segment,Market Segment,Data,varchar(140),,0,1,0,0,,
CRM,Opportunity,naming_series,Series,Select,varchar(140),CRM-OPP-.YYYY.-,1,0,0,0,,
CRM,Opportunity,opportunity_from,Opportunity From,Link,varchar(140),DocType,1,0,0,0,,
CRM,Opportunity,party_name,Party,Dynamic Link,varchar(140),opportunity_from,1,0,0,0,,
CRM,Opportunity,customer_name,Customer Name,Data,varchar(140),,0,0,0,1,,
CRM,Opportunity,title,Title,Data,varchar(140),,0,0,0,0,,
CRM,Opportunity,opportunity_type,Opportunity Type,Link,varchar(140),Opportunity Type,0,0,0,0,,
CRM,Opportunity,status,Status,Select,varchar(140),Open|Quotation|Converted|Lost|Replied|Closed,1,0,0,0,Open,
CRM,Opportunity,order_lost_reason,Detailed Reason,Small Text,text,,0,0,0,1,,
CRM,Opportunity,expected_closing,Expected Closing Date,Date,date,,0,0,0,0,,
CRM,Opportunity,currency,Currency,Link,varchar(140),Currency,0,0,0,0,,
CRM,Opportunity,opportunity_amount,Opportunity Amount,Currency,"numeric(21,9)",currency,0,0,0,0,,
CRM,Opportunity,sales_stage,Sales Stage,Link,varchar(140),Sales Stage,0,0,0,0,Prospecting,
CRM,Opportunity,probability,Probability (%),Percent,"numeric(21,9)",,0,0,0,0,100,
CRM,Opportunity,customer_address,Customer / Lead Address,Link,varchar(140),Address,0,0,0,0,,
CRM,Opportunity,address_display,Address,Text Editor,text,,0,0,0,1,,
CRM,Opportunity,territory,Territory,Link,varchar(140),Territory,0,0,1,0,,
CRM,Opportunity,customer_group,Customer Group,Link,varchar(140),Customer Group,0,0,1,0,,
CRM,Opportunity,contact_person,Contact Person,Link,varchar(140),Contact,0,0,0,0,,
CRM,Opportunity,contact_display,Contact,Small Text,text,,0,0,0,1,,
CRM,Opportunity,contact_email,Contact Email,Data,varchar(140),Email,0,0,0,0,,
CRM,Opportunity,contact_mobile,Contact Mobile,Data,varchar(140),Phone,0,0,0,0,,
CRM,Opportunity,company,Company,Link,varchar(140),Company,1,0,1,0,,
CRM,Opportunity,transaction_date,Opportunity Date,Date,date,,1,0,0,0,Today,
CRM,Opportunity,amended_from,Amended From,Link,varchar(140),Opportunity,0,0,0,1,,
CRM,Opportunity,first_response_time,First Response Time,Duration,"numeric(21,9)",,0,0,0,1,,
CRM,Opportunity,language,Print Language,Link,varchar(140),Language,0,0,0,0,,
CRM,Opportunity,base_opportunity_amount,Opportunity Amount (Company Currency),Currency,"numeric(21,9)",Company:company:default_currency,0,0,0,1,,
CRM,Opportunity,base_total,Total (Company Currency),Currency,"numeric(21,9)",Company:company:default_currency,0,0,0,1,,
CRM,Opportunity,total,Total,Currency,"numeric(21,9)",currency,0,0,0,1,,
CRM,Opportunity,conversion_rate,Exchange Rate,Float,"numeric(21,9)",,0,0,0,0,,
CRM,Opportunity,no_of_employees,No of Employees,Select,varchar(140),1-10|11-50|51-200|201-500|501-1000|1000+,0,0,0,0,,
CRM,Opportunity,annual_revenue,Annual Revenue,Currency,"numeric(21,9)",,0,0,0,0,,
CRM,Opportunity,industry,Industry,Link,varchar(140),Industry Type,0,0,0,0,,
CRM,Opportunity,market_segment,Market Segment,Link,varchar(140),Market Segment,0,0,0,0,,
CRM,Opportunity,opportunity_owner,Opportunity Owner,Link,varchar(140),User,0,0,0,0,,
CRM,Opportunity,website,Website,Data,varchar(140),,0,0,0,0,,
CRM,Opportunity,whatsapp,WhatsApp,Data,varchar(140),Phone,0,0,0,0,,
CRM,Opportunity,phone,Phone,Data,varchar(140),Phone,0,0,0,0,,
CRM,Opportunity,phone_ext,Phone Ext.,Data,varchar(140),,0,0,0,0,,
CRM,Opportunity,job_title,Job Title,Data,varchar(140),,0,0,0,0,,
CRM,Opportunity,city,City,Data,varchar(140),,0,0,0,0,,
CRM,Opportunity,state,State/Province,Data,varchar(140),,0,0,0,0,,
CRM,Opportunity,country,Country,Link,varchar(140),Country,0,0,0,0,,
CRM,Opportunity,utm_source,Source,Link,varchar(140),UTM Source,0,0,0,0,,
CRM,Opportunity,utm_campaign,Campaign,Link,varchar(140),UTM Campaign,0,0,0,0,,
CRM,Opportunity,utm_medium,Medium,Link,varchar(140),UTM Medium,0,0,0,0,,
CRM,Opportunity,utm_content,Content,Data,varchar(140),,0,0,0,0,,
CRM,Opportunity Item,item_code,Item Code,Link,varchar(140),Item,0,0,0,0,,
CRM,Opportunity Item,qty,Qty,Float,"numeric(21,9)",,0,0,0,0,1,
CRM,Opportunity Item,item_group,Item Group,Link,varchar(140),Item Group,0,0,0,0,,
CRM,Opportunity Item,brand,Brand,Link,varchar(140),Brand,0,0,0,0,,
CRM,Opportunity Item,uom,UOM,Link,varchar(140),UOM,0,0,0,0,,
CRM,Opportunity Item,item_name,Item Name,Data,varchar(140),,0,0,0,0,,
CRM,Opportunity Item,description,Description,Text Editor,text,,0,0,0,0,,
CRM,Opportunity Item,image,Image,Attach,text,,0,0,0,0,,item_code.image
CRM,Opportunity Item,rate,Rate,Currency,"numeric(21,9)",currency,1,0,0,0,,
CRM,Opportunity Item,base_amount,Amount (Company Currency),Currency,"numeric(21,9)",Company:company:default_currency,1,0,0,1,,
CRM,Opportunity Item,amount,Amount,Currency,"numeric(21,9)",currency,1,0,0,1,,
CRM,Opportunity Item,base_rate,Rate (Company Currency),Currency,"numeric(21,9)",Company:company:default_currency,1,0,0,1,,
CRM,Opportunity Lost Reason,lost_reason,Lost Reason,Data,varchar(140),,0,1,0,0,,
CRM,Opportunity Lost Reason Detail,lost_reason,Opportunity Lost Reason,Link,varchar(140),Opportunity Lost Reason,0,0,0,0,,
CRM,Opportunity Type,description,Description,Small Text,text,,0,0,0,0,,
CRM,Prospect,company_name,Company Name,Data,varchar(140),,0,1,0,0,,
CRM,Prospect,industry,Industry,Link,varchar(140),Industry Type,0,0,0,0,,
CRM,Prospect,market_segment,Market Segment,Link,varchar(140),Market Segment,0,0,0,0,,
CRM,Prospect,customer_group,Customer Group,Link,varchar(140),Customer Group,0,0,0,0,,
CRM,Prospect,territory,Territory,Link,varchar(140),Territory,0,0,0,0,,
CRM,Prospect,no_of_employees,No. of Employees,Select,varchar(140),1-10|11-50|51-200|201-500|501-1000|1000+,0,0,0,0,,
CRM,Prospect,annual_revenue,Annual Revenue,Currency,"numeric(21,9)",currency,0,0,0,0,,
CRM,Prospect,fax,Fax,Data,varchar(140),Phone,0,0,0,0,,
CRM,Prospect,website,Website,Data,varchar(140),,0,0,0,0,,
CRM,Prospect,prospect_owner,Prospect Owner,Link,varchar(140),User,0,0,0,0,,
CRM,Prospect,company,Company,Link,varchar(140),Company,1,0,0,0,,
CRM,Prospect Lead,lead,Lead,Link,varchar(140),Lead,1,0,0,0,,
CRM,Prospect Lead,lead_name,Lead Name,Data,varchar(140),,0,0,0,1,,lead.lead_name
CRM,Prospect Lead,status,Status,Data,varchar(140),,0,0,0,1,,lead.status
CRM,Prospect Lead,email,Email,Data,varchar(140),Email,0,0,0,1,,lead.email_id
CRM,Prospect Lead,mobile_no,Mobile No,Data,varchar(140),Phone,0,0,0,1,,lead.mobile_no
CRM,Prospect Lead,lead_owner,Lead Owner,Data,varchar(140),,0,0,0,0,,lead.lead_owner
CRM,Prospect Opportunity,opportunity,Opportunity,Link,varchar(140),Opportunity,0,0,0,0,,
CRM,Prospect Opportunity,amount,Amount,Currency,"numeric(21,9)",currency,0,0,0,0,,opportunity.opportunity_amount
CRM,Prospect Opportunity,stage,Stage,Data,varchar(140),,0,0,0,0,,opportunity.sales_stage
CRM,Prospect Opportunity,probability,Probability,Percent,"numeric(21,9)",,0,0,0,0,,opportunity.probability
CRM,Prospect Opportunity,expected_closing,Closing,Date,date,,0,0,0,0,,opportunity.expected_closing
CRM,Prospect Opportunity,currency,Currency,Link,varchar(140),Currency,0,0,0,0,,opportunity.currency
CRM,Prospect Opportunity,deal_owner,Deal Owner,Data,varchar(140),,0,0,0,0,,opportunity.opportunity_owner
CRM,Prospect Opportunity,contact_person,Contact Person,Link,varchar(140),Contact,0,0,0,0,,opportunity.contact_person
CRM,Sales Stage,stage_name,Stage Name,Data,varchar(140),,0,1,0,0,,
Communication,Communication Medium,communication_medium_type,Communication Medium Type,Select,varchar(140),Voice|Email|Chat,1,0,0,0,,
Communication,Communication Medium,catch_all,Catch All,Link,varchar(140),Employee Group,0,0,0,0,,
Communication,Communication Medium,provider,Provider,Link,varchar(140),Supplier,0,0,0,0,,
Communication,Communication Medium,disabled,Disabled,Check,smallint,,0,0,0,0,0,
Communication,Communication Medium,communication_channel,Communication Channel,Select,varchar(140),,0,0,0,0,,
Communication,Communication Medium Timeslot,day_of_week,Day of Week,Select,varchar(140),Monday|Tuesday|Wednesday|Thursday|Friday|Saturday|Sunday,1,0,0,0,,
Communication,Communication Medium Timeslot,from_time,From Time,Time,time(6),,1,0,0,0,,
Communication,Communication Medium Timeslot,to_time,To Time,Time,time(6),,1,0,0,0,,
Communication,Communication Medium Timeslot,employee_group,Employee Group,Link,varchar(140),Employee Group,1,0,0,0,,
EDI,Code List,title,Title,Data,varchar(140),,0,0,0,0,,
EDI,Code List,publisher,Publisher,Data,varchar(140),,0,0,0,0,,
EDI,Code List,version,Version,Data,varchar(140),,0,0,0,0,,
EDI,Code List,description,Description,Small Text,text,,0,0,0,0,,
EDI,Code List,canonical_uri,Canonical URI,Data,varchar(140),,0,0,0,0,,
EDI,Code List,publisher_id,Publisher ID,Data,varchar(140),,0,0,0,0,,
EDI,Code List,url,URL,Data,varchar(140),URL,0,0,0,0,,
EDI,Code List,default_common_code,Default Common Code,Link,varchar(140),Common Code,0,0,0,0,,
EDI,Common Code,code_list,Code List,Link,varchar(140),Code List,1,0,1,0,,
EDI,Common Code,title,Title,Data,varchar(140),,1,0,0,0,,
EDI,Common Code,common_code,Common Code,Data,varchar(140),,1,0,1,0,,
EDI,Common Code,additional_data,Additional Data,Code,text,,0,0,0,1,,
EDI,Common Code,description,Description,Small Text,text,,0,0,0,0,,
EDI,Common Code,canonical_uri,Canonical URI,Data,varchar(140),,0,0,0,0,,code_list.canonical_uri
ERPNext Integrations,Plaid Settings,enabled,Enabled,Check,smallint,,0,0,0,0,0,
ERPNext Integrations,Plaid Settings,automatic_sync,Synchronize all accounts every hour,Check,smallint,,0,0,0,0,0,
ERPNext Integrations,Plaid Settings,plaid_client_id,Plaid Client ID,Data,varchar(140),,0,0,0,0,,
ERPNext Integrations,Plaid Settings,plaid_secret,Plaid Secret,Password,text,,0,0,0,0,,
ERPNext Integrations,Plaid Settings,plaid_env,Plaid Environment,Select,varchar(140),sandbox|development|production,0,0,0,0,,
ERPNext Integrations,Plaid Settings,enable_european_access,Enable European Access,Check,smallint,,0,0,0,0,0,
Maintenance,Maintenance Schedule,naming_series,Series,Select,varchar(140),MAT-MSH-.YYYY.-,1,0,0,0,,
Maintenance,Maintenance Schedule,customer,Customer,Link,varchar(140),Customer,0,0,1,0,,
Maintenance,Maintenance Schedule,status,Status,Select,varchar(140),Draft|Submitted|Cancelled,1,0,0,1,Draft,
Maintenance,Maintenance Schedule,transaction_date,Transaction Date,Date,date,,1,0,0,0,,
Maintenance,Maintenance Schedule,customer_name,Customer Name,Data,varchar(140),,0,0,0,1,,
Maintenance,Maintenance Schedule,contact_person,Contact Person,Link,varchar(140),Contact,0,0,0,0,,
Maintenance,Maintenance Schedule,contact_mobile,Mobile No,Data,varchar(140),Phone,0,0,0,1,,
Maintenance,Maintenance Schedule,contact_email,Contact Email,Data,varchar(140),Email,0,0,0,1,,
Maintenance,Maintenance Schedule,contact_display,Contact,Small Text,text,,0,0,0,1,,
Maintenance,Maintenance Schedule,customer_address,Customer Address,Link,varchar(140),Address,0,0,0,0,,
Maintenance,Maintenance Schedule,address_display,Address,Text Editor,text,,0,0,0,1,,
Maintenance,Maintenance Schedule,territory,Territory,Link,varchar(140),Territory,0,0,0,0,,
Maintenance,Maintenance Schedule,customer_group,Customer Group,Link,varchar(140),Customer Group,0,0,0,0,,
Maintenance,Maintenance Schedule,company,Company,Link,varchar(140),Company,1,0,0,0,,
Maintenance,Maintenance Schedule,amended_from,Amended From,Link,varchar(140),Maintenance Schedule,0,0,0,1,,
Maintenance,Maintenance Schedule Detail,item_code,Item Code,Link,varchar(140),Item,0,0,1,1,,
Maintenance,Maintenance Schedule Detail,item_name,Item Name,Data,varchar(140),,0,0,0,1,,
Maintenance,Maintenance Schedule Detail,scheduled_date,Scheduled Date,Date,date,,1,0,1,0,,
Maintenance,Maintenance Schedule Detail,actual_date,Actual Date,Date,date,,0,0,0,1,,
Maintenance,Maintenance Schedule Detail,sales_person,Sales Person,Link,varchar(140),Sales Person,0,0,0,0,,
Maintenance,Maintenance Schedule Detail,serial_no,Serial No,Small Text,text,,0,0,0,1,,
Maintenance,Maintenance Schedule Detail,completion_status,Completion Status,Select,varchar(140),Pending|Partially Completed|Fully Completed,0,0,0,0,Pending,
Maintenance,Maintenance Schedule Detail,item_reference,Item Reference,Link,varchar(140),Maintenance Schedule Item,0,0,0,1,,
Maintenance,Maintenance Schedule Item,item_code,Item Code,Link,varchar(140),Item,1,0,1,0,,
Maintenance,Maintenance Schedule Item,item_name,Item Name,Data,varchar(140),,0,0,0,1,,item_code.item_name
Maintenance,Maintenance Schedule Item,description,Description,Text Editor,text,,0,0,0,1,,item_code.description
Maintenance,Maintenance Schedule Item,start_date,Start Date,Date,date,,1,0,1,0,,
Maintenance,Maintenance Schedule Item,end_date,End Date,Date,date,,1,0,1,0,,
Maintenance,Maintenance Schedule Item,periodicity,Periodicity,Select,varchar(140),Weekly|Monthly|Quarterly|Half Yearly|Yearly|Random,0,0,0,0,,
Maintenance,Maintenance Schedule Item,no_of_visits,No of Visits,Int,integer,,1,0,0,0,,
Maintenance,Maintenance Schedule Item,sales_person,Sales Person,Link,varchar(140),Sales Person,0,0,0,0,,
Maintenance,Maintenance Schedule Item,serial_no,Serial No,Small Text,text,,0,0,0,1,,
Maintenance,Maintenance Schedule Item,sales_order,Sales Order,Link,varchar(140),Sales Order,0,0,1,1,,
Maintenance,Maintenance Schedule Item,serial_and_batch_bundle,Serial and Batch Bundle,Link,varchar(140),Serial and Batch Bundle,0,0,0,0,,
Maintenance,Maintenance Visit,naming_series,Series,Select,varchar(140),MAT-MVS-.YYYY.-,1,0,0,0,,
Maintenance,Maintenance Visit,customer,Customer,Link,varchar(140),Customer,1,0,0,0,,
Maintenance,Maintenance Visit,customer_name,Customer Name,Data,varchar(140),,0,0,0,1,,
Maintenance,Maintenance Visit,address_display,Address,Text Editor,text,,0,0,0,1,,
Maintenance,Maintenance Visit,contact_display,Contact,Small Text,text,,0,0,0,1,,
Maintenance,Maintenance Visit,contact_mobile,Mobile No,Data,varchar(140),Phone,0,0,0,1,,
Maintenance,Maintenance Visit,contact_email,Contact Email,Data,varchar(140),Email,0,0,0,1,,
Maintenance,Maintenance Visit,mntc_date,Maintenance Date,Date,date,,1,0,0,0,Today,
Maintenance,Maintenance Visit,mntc_time,Maintenance Time,Time,time(6),,0,0,0,0,,
Maintenance,Maintenance Visit,completion_status,Completion Status,Select,varchar(140),Partially Completed|Fully Completed,1,0,0,0,,
Maintenance,Maintenance Visit,maintenance_type,Maintenance Type,Select,varchar(140),Scheduled|Unscheduled|Breakdown,1,0,0,0,Unscheduled,
Maintenance,Maintenance Visit,customer_feedback,Customer Feedback,Small Text,text,,0,0,0,0,,
Maintenance,Maintenance Visit,status,Status,Select,varchar(140),Draft|Cancelled|Submitted,1,0,0,1,Draft,
Maintenance,Maintenance Visit,amended_from,Amended From,Link,varchar(140),Maintenance Visit,0,0,0,1,,
Maintenance,Maintenance Visit,company,Company,Link,varchar(140),Company,1,0,0,0,,
Maintenance,Maintenance Visit,customer_address,Customer Address,Link,varchar(140),Address,0,0,0,0,,
Maintenance,Maintenance Visit,contact_person,Contact Person,Link,varchar(140),Contact,0,0,0,0,,
Maintenance,Maintenance Visit,territory,Territory,Link,varchar(140),Territory,0,0,0,0,,
Maintenance,Maintenance Visit,customer_group,Customer Group,Link,varchar(140),Customer Group,0,0,0,0,,
Maintenance,Maintenance Visit,maintenance_schedule,Maintenance Schedule,Link,varchar(140),Maintenance Schedule,0,0,0,1,,
Maintenance,Maintenance Visit,maintenance_schedule_detail,Maintenance Schedule Detail,Link,varchar(140),Maintenance Schedule Detail,0,0,0,0,,
Maintenance,Maintenance Visit Purpose,item_code,Item Code,Link,varchar(140),Item,0,0,0,0,,
Maintenance,Maintenance Visit Purpose,item_name,Item Name,Data,varchar(140),,0,0,0,1,,item_code.item_name
Maintenance,Maintenance Visit Purpose,serial_no,Serial No,Link,varchar(140),Serial No,0,0,0,0,,
Maintenance,Maintenance Visit Purpose,description,Description,Text Editor,text,,0,0,0,0,,item_code.description
Maintenance,Maintenance Visit Purpose,service_person,Sales Person,Link,varchar(140),Sales Person,1,0,0,0,,
Maintenance,Maintenance Visit Purpose,work_done,Work Done,Small Text,text,,1,0,0,0,,
Maintenance,Maintenance Visit Purpose,prevdoc_doctype,Document Type,Link,varchar(140),DocType,0,0,0,0,,
Maintenance,Maintenance Visit Purpose,prevdoc_docname,Against Document No,Dynamic Link,varchar(140),prevdoc_doctype,0,0,0,0,,
Maintenance,Maintenance Visit Purpose,maintenance_schedule_detail,Maintenance Schedule Detail,Data,varchar(140),Maintenance Schedule Detail,0,0,0,0,,
Manufacturing,BOM,item,Item to Manufacture,Link,varchar(140),Item,1,0,1,0,,
Manufacturing,BOM,item_name,Item Name,Data,varchar(140),,0,0,0,1,,item.item_name
Manufacturing,BOM,image,Image,Attach Image,text,image,0,0,0,1,,item.image
Manufacturing,BOM,uom,Unit Of Measure,Link,varchar(140),UOM,0,0,0,1,,item.stock_uom
Manufacturing,BOM,quantity,Quantity (Output Qty),Float,"numeric(21,9)",,1,0,0,0,1,
Manufacturing,BOM,is_active,Is Active,Check,smallint,,0,0,0,0,1,
Manufacturing,BOM,is_default,Is Default,Check,smallint,,0,0,0,0,1,
Manufacturing,BOM,with_operations,With Operations,Check,smallint,,0,0,0,0,0,
Manufacturing,BOM,inspection_required,Quality Inspection Required,Check,smallint,,0,0,0,0,0,
Manufacturing,BOM,allow_alternative_item,Allow Alternative Item,Check,smallint,,0,0,0,0,0,
Manufacturing,BOM,set_rate_of_sub_assembly_item_based_on_bom,Set rate of sub-assembly item based on BOM,Check,smallint,,0,0,0,0,1,
Manufacturing,BOM,quality_inspection_template,Quality Inspection Template,Link,varchar(140),Quality Inspection Template,0,0,0,0,,
Manufacturing,BOM,company,Company,Link,varchar(140),Company,1,0,0,0,,
Manufacturing,BOM,transfer_material_against,Transfer Material Against,Select,varchar(140),Work Order|Job Card,0,0,0,0,Work Order,
Manufacturing,BOM,conversion_rate,Conversion Rate,Float,"numeric(21,9)",,1,0,0,0,1,
Manufacturing,BOM,currency,Currency,Link,varchar(140),Currency,1,0,0,0,,
Manufacturing,BOM,rm_cost_as_per,Rate Of Materials Based On,Select,varchar(140),Valuation Rate|Last Purchase Rate|Price List,0,0,0,0,Valuation Rate,
Manufacturing,BOM,buying_price_list,Price List,Link,varchar(140),Price List,0,0,0,0,,
Manufacturing,BOM,routing,Routing,Link,varchar(140),Routing,0,0,0,0,,
Manufacturing,BOM,operating_cost,Operating Cost,Currency,"numeric(21,9)",currency,0,0,0,1,,
Manufacturing,BOM,raw_material_cost,Raw Material Cost,Currency,"numeric(21,9)",currency,0,0,0,1,,
Manufacturing,BOM,base_operating_cost,Operating Cost (Company Currency),Currency,"numeric(21,9)",Company:company:default_currency,0,0,0,1,,
Manufacturing,BOM,base_raw_material_cost,Raw Material Cost (Company Currency),Currency,"numeric(21,9)",Company:company:default_currency,0,0,0,1,,
Manufacturing,BOM,total_cost,Total Cost,Currency,"numeric(21,9)",currency,0,0,0,1,,
Manufacturing,BOM,base_total_cost,Total Cost (Company Currency),Currency,"numeric(21,9)",Company:company:default_currency,0,0,0,1,,
Manufacturing,BOM,project,Project,Link,varchar(140),Project,0,0,0,0,,
Manufacturing,BOM,amended_from,Amended From,Link,varchar(140),BOM,0,0,0,1,,
Manufacturing,BOM,description,Item Description,Small Text,text,,0,0,0,1,,item.description
Manufacturing,BOM,show_in_website,Show in Website,Check,smallint,,0,0,0,0,0,
Manufacturing,BOM,route,Route,Small Text,text,,0,0,0,1,,
Manufacturing,BOM,website_image,Website Image,Attach Image,text,,0,0,0,0,,
Manufacturing,BOM,thumbnail,Thumbnail,Data,varchar(140),,0,0,0,1,,
Manufacturing,BOM,web_long_description,Website Description,Text Editor,text,,0,0,0,0,,
Manufacturing,BOM,show_items,Show Items,Check,smallint,,0,0,0,0,0,
Manufacturing,BOM,show_operations,Show Operations,Check,smallint,,0,0,0,0,0,
Manufacturing,BOM,plc_conversion_rate,Price List Exchange Rate,Float,"numeric(21,9)",,0,0,0,0,,
Manufacturing,BOM,price_list_currency,Price List Currency,Link,varchar(140),Currency,0,0,0,1,,
Manufacturing,BOM,has_variants,Has Variants,Check,smallint,,0,0,0,1,0,item.has_variants
Manufacturing,BOM,process_loss_percentage,% Process Loss,Percent,"numeric(21,9)",,0,0,0,0,,
Manufacturing,BOM,process_loss_qty,Process Loss Qty,Float,"numeric(21,9)",,0,0,0,1,,
Manufacturing,BOM,fg_based_operating_cost,Finished Goods based Operating Cost,Check,smallint,,0,0,0,0,0,
Manufacturing,BOM,operating_cost_per_bom_quantity,Operating Cost Per BOM Quantity,Currency,"numeric(21,9)",,0,0,0,0,,
Manufacturing,BOM,bom_creator,BOM Creator,Link,varchar(140),BOM Creator,0,0,1,1,,
Manufacturing,BOM,bom_creator_item,BOM Creator Item,Data,varchar(140),,0,0,1,1,,
Manufacturing,BOM,track_semi_finished_goods,Track Semi Finished Goods,Check,smallint,,0,0,0,0,0,
Manufacturing,BOM,default_source_warehouse,Default Source Warehouse,Link,varchar(140),Warehouse,0,0,0,0,,
Manufacturing,BOM,default_target_warehouse,Default Target Warehouse,Link,varchar(140),Warehouse,0,0,0,0,,
Manufacturing,BOM,is_phantom_bom,Is Phantom BOM,Check,smallint,,0,0,0,0,0,
Manufacturing,BOM,secondary_items_cost,Secondary Items Cost,Currency,"numeric(21,9)",currency,0,0,0,1,,
Manufacturing,BOM,base_secondary_items_cost,Secondary Items Cost (Company Currency),Currency,"numeric(21,9)",Company:company:default_currency,0,0,0,1,,
Manufacturing,BOM,cost_allocation,Cost Allocation,Currency,"numeric(21,9)",currency,0,0,0,1,,
Manufacturing,BOM,cost_allocation_per,% Cost Allocation,Percent,"numeric(21,9)",,0,0,0,0,100,
Manufacturing,BOM,backflush_based_on,Based On,Select,varchar(140),BOM|Material Transferred for Manufacture,0,0,0,0,,
Manufacturing,BOM Creator,company,Company,Link,varchar(140),Company,1,0,0,0,,
Manufacturing,BOM Creator,rm_cost_as_per,Rate Of Materials Based On,Select,varchar(140),Valuation Rate|Last Purchase Rate|Price List,1,0,0,0,Valuation Rate,
Manufacturing,BOM Creator,buying_price_list,Price List,Link,varchar(140),Price List,0,0,0,0,,
Manufacturing,BOM Creator,price_list_currency,Price List Currency,Link,varchar(140),Currency,0,0,0,1,,
Manufacturing,BOM Creator,plc_conversion_rate,Price List Exchange Rate,Float,"numeric(21,9)",,0,0,0,0,,
Manufacturing,BOM Creator,currency,Currency,Link,varchar(140),Currency,1,0,0,0,,
Manufacturing,BOM Creator,conversion_rate,Conversion Rate,Float,"numeric(21,9)",,0,0,0,0,1,
Manufacturing,BOM Creator,raw_material_cost,Total Cost,Currency,"numeric(21,9)",currency,0,0,0,1,,
Manufacturing,BOM Creator,remarks,Remarks,Text Editor,text,,0,0,0,0,,
Manufacturing,BOM Creator,project,Project,Link,varchar(140),Project,0,0,0,0,,
Manufacturing,BOM Creator,item_code,Finished Good,Link,varchar(140),Item,1,0,0,0,,
Manufacturing,BOM Creator,qty,Quantity,Float,"numeric(21,9)",,1,0,0,0,,
Manufacturing,BOM Creator,item_name,Item Name,Data,varchar(140),,0,0,0,0,,item_code.item_name
Manufacturing,BOM Creator,uom,UOM,Link,varchar(140),UOM,0,0,0,0,,item_code.stock_uom
Manufacturing,BOM Creator,item_group,Item Group,Link,varchar(140),Item Group,0,0,0,0,,item_code.item_group
Manufacturing,BOM Creator,amended_from,Amended From,Link,varchar(140),BOM Creator,0,0,0,1,,
Manufacturing,BOM Creator,default_warehouse,Default Source Warehouse,Link,varchar(140),Warehouse,0,0,0,0,,
Manufacturing,BOM Creator,set_rate_based_on_warehouse,Set Valuation Rate Based on Source Warehouse,Check,smallint,,0,0,0,0,0,
Manufacturing,BOM Creator,status,Status,Select,varchar(140),Draft|Submitted|In Progress|Completed|Failed|Cancelled,0,0,0,1,Draft,
Manufacturing,BOM Creator,error_log,Error Log,Text,text,,0,0,0,1,,
Manufacturing,BOM Creator,routing,Routing,Link,varchar(140),Routing,0,0,0,0,,
Manufacturing,BOM Creator,is_phantom,Is Phantom Item,Check,smallint,,0,0,0,1,0,
Manufacturing,BOM Creator Item,item_code,Item Code,Link,varchar(140),Item,1,0,0,0,,
Manufacturing,BOM Creator Item,item_name,Item Name,Data,varchar(140),,0,0,0,0,,item_code.item_name
Manufacturing,BOM Creator Item,item_group,Item Group,Link,varchar(140),Item Group,0,0,0,0,,item_code.item_group
Manufacturing,BOM Creator Item,fg_item,Finished Goods Item,Link,varchar(140),Item,1,0,0,0,,
Manufacturing,BOM Creator Item,is_expandable,Is Expandable,Check,smallint,,0,0,0,1,0,
Manufacturing,BOM Creator Item,description,,Small Text,text,,0,0,0,0,,item_code.description
Manufacturing,BOM Creator Item,qty,Qty,Float,"numeric(21,9)",,0,0,0,0,,
Manufacturing,BOM Creator Item,rate,Rate,Currency,"numeric(21,9)",currency,0,0,0,0,,
Manufacturing,BOM Creator Item,uom,UOM,Link,varchar(140),UOM,0,0,0,0,,
Manufacturing,BOM Creator Item,stock_qty,Stock Qty,Float,"numeric(21,9)",,0,0,0,1,,
Manufacturing,BOM Creator Item,conversion_factor,Conversion Factor,Float,"numeric(21,9)",,0,0,0,0,,
Manufacturing,BOM Creator Item,stock_uom,Stock UOM,Link,varchar(140),UOM,0,0,0,1,,item_code.stock_uom
Manufacturing,BOM Creator Item,amount,Amount,Currency,"numeric(21,9)",currency,0,0,0,1,,
Manufacturing,BOM Creator Item,do_not_explode,Do Not Explode,Check,smallint,,0,0,0,0,1,
Manufacturing,BOM Creator Item,instruction,Instruction,Small Text,text,,0,0,0,0,,
Manufacturing,BOM Creator Item,base_amount,Base Amount,Currency,"numeric(21,9)",Company:company:default_currency,0,0,0,0,,
Manufacturing,BOM Creator Item,base_rate,Base Rate,Currency,"numeric(21,9)",Company:company:default_currency,0,0,0,0,,
Manufacturing,BOM Creator Item,sourced_by_supplier,Sourced by Supplier,Check,smallint,,0,0,0,0,0,
Manufacturing,BOM Creator Item,fg_reference_id,Finished Goods Reference,Data,varchar(140),,0,0,0,1,,
Manufacturing,BOM Creator Item,parent_row_no,Parent Row No,Data,varchar(140),,0,0,0,0,,
Manufacturing,BOM Creator Item,bom_created,BOM Created,Check,smallint,,0,0,0,0,0,
Manufacturing,BOM Creator Item,operation,Operation,Link,varchar(140),Operation,0,0,0,0,,
Manufacturing,BOM Creator Item,is_subcontracted,Is Subcontracted,Check,smallint,,0,0,0,1,0,
Manufacturing,BOM Creator Item,is_phantom_item,Is Phantom Item,Check,smallint,,0,0,0,1,0,
Manufacturing,BOM Explosion Item,item_code,Item Code,Link,varchar(140),Item,0,0,1,1,,
Manufacturing,BOM Explosion Item,item_name,Item Name,Data,varchar(140),,0,0,0,1,,
Manufacturing,BOM Explosion Item,source_warehouse,Source Warehouse,Link,varchar(140),Warehouse,0,0,0,1,,
Manufacturing,BOM Explosion Item,operation,Operation,Link,varchar(140),Operation,0,0,0,1,,
Manufacturing,BOM Explosion Item,description,Description,Text Editor,text,,0,0,0,1,,
Manufacturing,BOM Explosion Item,image,Image,Attach,text,,0,0,0,0,,item_code.image
Manufacturing,BOM Explosion Item,stock_qty,Stock Qty,Float,"numeric(21,9)",,0,0,0,1,,
Manufacturing,BOM Explosion Item,rate,Rate,Currency,"numeric(21,9)",Company:company:default_currency,0,0,0,1,,
Manufacturing,BOM Explosion Item,qty_consumed_per_unit,Qty Consumed Per Unit,Float,"numeric(21,9)",,0,0,0,1,,
Manufacturing,BOM Explosion Item,stock_uom,Stock UOM,Link,varchar(140),UOM,0,0,0,1,,
Manufacturing,BOM Explosion Item,amount,Amount,Currency,"numeric(21,9)",Company:company:default_currency,0,0,0,1,,
Manufacturing,BOM Explosion Item,include_item_in_manufacturing,Include Item In Manufacturing,Check,smallint,,0,0,0,1,0,
Manufacturing,BOM Explosion Item,sourced_by_supplier,Sourced by Supplier,Check,smallint,,0,0,0,1,0,
Manufacturing,BOM Explosion Item,is_sub_assembly_item,Is Sub Assembly Item,Check,smallint,,0,0,0,1,0,
Manufacturing,BOM Item,item_code,Item Code,Link,varchar(140),Item,1,0,1,0,,
Manufacturing,BOM Item,item_name,Item Name,Data,varchar(140),,0,0,0,0,,
Manufacturing,BOM Item,operation,Item operation,Link,varchar(140),Operation,0,0,0,0,,
Manufacturing,BOM Item,bom_no,BOM No,Link,varchar(140),BOM,0,0,1,0,,
Manufacturing,BOM Item,source_warehouse,Source Warehouse,Link,varchar(140),Warehouse,0,0,0,0,,
Manufacturing,BOM Item,description,Item Description,Text Editor,text,,0,0,0,0,,
Manufacturing,BOM Item,image,Image,Attach,text,,0,0,0,0,,item_code.image
Manufacturing,BOM Item,qty,Qty,Float,"numeric(21,9)",,1,0,0,0,,
Manufacturing,BOM Item,uom,UOM,Link,varchar(140),UOM,1,0,0,0,,
Manufacturing,BOM Item,stock_qty,Stock Qty,Float,"numeric(21,9)",,0,0,0,1,,
Manufacturing,BOM Item,stock_uom,Stock UOM,Link,varchar(140),UOM,0,0,0,1,,
Manufacturing,BOM Item,conversion_factor,Conversion Factor,Float,"numeric(21,9)",,0,0,0,0,,
Manufacturing,BOM Item,rate,Rate,Currency,"numeric(21,9)",currency,1,0,0,0,,
Manufacturing,BOM Item,base_rate,Basic Rate (Company Currency),Currency,"numeric(21,9)",Company:company:default_currency,0,0,0,1,,
Manufacturing,BOM Item,amount,Amount,Currency,"numeric(21,9)",currency,0,0,0,1,,
Manufacturing,BOM Item,base_amount,Amount (Company Currency),Currency,"numeric(21,9)",Company:company:default_currency,0,0,0,1,,
Manufacturing,BOM Item,qty_consumed_per_unit,Qty Consumed Per Unit,Float,"numeric(21,9)",,0,0,0,1,,
Manufacturing,BOM Item,allow_alternative_item,Allow Alternative Item,Check,smallint,,0,0,0,0,0,
Manufacturing,BOM Item,include_item_in_manufacturing,Include Item In Manufacturing,Check,smallint,,0,0,0,0,0,item_code.include_item_in_manufacturing
Manufacturing,BOM Item,original_item,Original Item,Link,varchar(140),Item,0,0,0,1,,
Manufacturing,BOM Item,has_variants,Has Variants,Check,smallint,,0,0,0,1,0,item_code.has_variants
Manufacturing,BOM Item,sourced_by_supplier,Sourced by Supplier,Check,smallint,,0,0,0,0,0,
Manufacturing,BOM Item,do_not_explode,Do Not Explode,Check,smallint,,0,0,0,0,0,
Manufacturing,BOM Item,is_stock_item,Is Stock Item,Check,smallint,,0,0,0,1,0,item_code.is_stock_item
Manufacturing,BOM Item,operation_row_id,Operation ID,Int,integer,,0,0,0,0,,
Manufacturing,BOM Item,is_sub_assembly_item,Is Sub Assembly Item,Check,smallint,,0,0,0,1,0,
Manufacturing,BOM Item,is_phantom_item,Is Phantom Item,Check,smallint,,0,0,0,1,0,
Manufacturing,BOM Operation,operation,Operation,Link,varchar(140),Operation,1,0,0,0,,
Manufacturing,BOM Operation,workstation,Workstation,Link,varchar(140),Workstation,0,0,0,0,,
Manufacturing,BOM Operation,description,Description,Text Editor,text,,0,0,0,0,,
Manufacturing,BOM Operation,hour_rate,Hour Rate,Currency,"numeric(21,2)",currency,0,0,0,0,,
Manufacturing,BOM Operation,time_in_mins,Operation Time,Float,"numeric(21,9)",,1,0,0,0,,operation.total_operation_time
Manufacturing,BOM Operation,fixed_time,Fixed Time,Check,smallint,,0,0,0,0,0,
Manufacturing,BOM Operation,operating_cost,Operating Cost,Currency,"numeric(21,9)",currency,0,0,0,1,,
Manufacturing,BOM Operation,base_hour_rate,Base Hour Rate(Company Currency),Currency,"numeric(21,9)",Company:company:default_currency,0,0,0,1,,
Manufacturing,BOM Operation,base_operating_cost,Operating Cost(Company Currency),Currency,"numeric(21,9)",Company:company:default_currency,0,0,0,1,,
Manufacturing,BOM Operation,image,Image,Attach,text,,0,0,0,0,,
Manufacturing,BOM Operation,batch_size,Batch Size,Float,"numeric(21,9)",,0,0,0,0,1,operation.batch_size
Manufacturing,BOM Operation,sequence_id,Sequence ID,Int,integer,,0,0,0,0,,
Manufacturing,BOM Operation,cost_per_unit,Cost Per Unit,Float,"numeric(21,9)",,0,0,0,1,,
Manufacturing,BOM Operation,base_cost_per_unit,Base Cost Per Unit,Float,"numeric(21,9)",,0,0,0,1,,
Manufacturing,BOM Operation,set_cost_based_on_bom_qty,Set Operating Cost Based On BOM Quantity,Check,smallint,,0,0,0,0,0,
Manufacturing,BOM Operation,workstation_type,Workstation Type,Link,varchar(140),Workstation Type,0,0,0,0,,
Manufacturing,BOM Operation,finished_good,FG / Semi FG Item,Link,varchar(140),Item,0,0,0,0,,
Manufacturing,BOM Operation,bom_no,BOM No,Link,varchar(140),BOM,0,0,0,0,,
Manufacturing,BOM Operation,finished_good_qty,Qty to Produce,Float,"numeric(21,9)",,0,0,0,0,1,
Manufacturing,BOM Operation,is_final_finished_good,Is Final Finished Good,Check,smallint,,0,0,0,0,0,
Manufacturing,BOM Operation,wip_warehouse,WIP Warehouse,Link,varchar(140),Warehouse,0,0,0,0,,
Manufacturing,BOM Operation,fg_warehouse,Finished Goods Warehouse,Link,varchar(140),Warehouse,0,0,0,0,,
Manufacturing,BOM Operation,source_warehouse,Source Warehouse,Link,varchar(140),Warehouse,0,0,0,0,,
Manufacturing,BOM Operation,is_subcontracted,Is Subcontracted,Check,smallint,,0,0,0,0,0,
Manufacturing,BOM Operation,skip_material_transfer, Skip Material Transfer,Check,smallint,,0,0,0,0,0,
Manufacturing,BOM Operation,backflush_from_wip_warehouse,Backflush Materials From WIP Warehouse,Check,smallint,,0,0,0,0,0,
Manufacturing,BOM Operation,quality_inspection_required,Quality Inspection Required,Check,smallint,,0,0,0,0,0,
Manufacturing,BOM Secondary Item,secondary_item_type,Type,Select,varchar(140),Co-Product|By-Product|Scrap|Additional Finished Good,0,0,0,0,,
Manufacturing,BOM Secondary Item,item_code,Item Code,Link,varchar(140),Item,1,0,0,0,,
Manufacturing,BOM Secondary Item,item_name,Item Name,Data,varchar(140),,0,0,0,1,,item_code.item_name
Manufacturing,BOM Secondary Item,cost,Cost,Currency,"numeric(21,9)",currency,1,0,0,1,0,
Manufacturing,BOM Secondary Item,stock_uom,Stock UOM,Link,varchar(140),UOM,0,0,0,1,,item_code.stock_uom
Manufacturing,BOM Secondary Item,uom,UOM,Link,varchar(140),UOM,1,0,0,0,,
Manufacturing,BOM Secondary Item,conversion_factor,Conversion Factor,Float,"numeric(21,9)",,1,0,0,0,1,
Manufacturing,BOM Secondary Item,image,Image,Attach Image,text,,0,0,0,1,,item_code.image
Manufacturing,BOM Secondary Item,stock_qty,Stock Qty,Float,"numeric(21,9)",,0,0,0,1,,
Manufacturing,BOM Secondary Item,qty,Qty,Float,"numeric(21,9)",,0,0,0,0,,
Manufacturing,BOM Secondary Item,cost_allocation_per,Cost Allocation %,Percent,"numeric(21,9)",,1,0,0,0,0,
Manufacturing,BOM Secondary Item,process_loss_per,Process Loss %,Percent,"numeric(21,9)",,1,0,0,0,0,
Manufacturing,BOM Secondary Item,description,Description,Text Editor,text,,0,0,0,0,,
Manufacturing,BOM Secondary Item,base_cost,Base Cost (Company Currency),Currency,"numeric(21,9)",Company:company:default_currency,1,0,0,1,0,
Manufacturing,BOM Secondary Item,is_legacy,Is Legacy,Check,smallint,,0,0,0,1,0,
Manufacturing,BOM Secondary Item,rate,Rate,Currency,"numeric(21,9)",,0,0,0,1,,
Manufacturing,BOM Secondary Item,process_loss_qty,Process Loss Qty,Float,"numeric(21,9)",,1,0,0,1,0,
Manufacturing,BOM Update Batch,level,Level,Int,integer,,0,0,0,0,,
Manufacturing,BOM Update Batch,batch_no,Batch No.,Int,integer,,0,0,0,0,,
Manufacturing,BOM Update Batch,boms_updated,BOMs Updated,Long Text,text,,0,0,0,0,,
Manufacturing,BOM Update Batch,status,Status,Select,varchar(140),Pending|Completed,0,0,0,1,,
Manufacturing,BOM Update Log,current_bom,Current BOM,Link,varchar(140),BOM,0,0,0,0,,
Manufacturing,BOM Update Log,new_bom,New BOM,Link,varchar(140),BOM,0,0,0,0,,
Manufacturing,BOM Update Log,update_type,Update Type,Select,varchar(140),Replace BOM|Update Cost,0,0,0,0,,
Manufacturing,BOM Update Log,status,Status,Select,varchar(140),Queued|In Progress|Completed|Failed|Cancelled,0,0,0,0,,
Manufacturing,BOM Update Log,amended_from,Amended From,Link,varchar(140),BOM Update Log,0,0,0,1,,
Manufacturing,BOM Update Log,error_log,Error Log,Link,varchar(140),Error Log,0,0,0,0,,
Manufacturing,BOM Update Log,processed_boms,Processed BOMs,Long Text,text,,0,0,0,0,,
Manufacturing,BOM Update Log,current_level,Current Level,Int,integer,,0,0,0,0,,
Manufacturing,BOM Update Tool,current_bom,Current BOM,Link,varchar(140),BOM,1,0,0,0,,
Manufacturing,BOM Update Tool,new_bom,New BOM,Link,varchar(140),BOM,1,0,0,0,,
Manufacturing,BOM Website Item,item_code,Item Code,Link,varchar(140),Item,0,0,1,0,,
Manufacturing,BOM Website Item,item_name,Item Name,Data,varchar(140),Workstation,0,0,0,0,,
Manufacturing,BOM Website Item,description,Item Description,Text Editor,text,,0,0,0,0,,
Manufacturing,BOM Website Item,qty,Qty,Float,"numeric(21,9)",,0,0,0,0,,
Manufacturing,BOM Website Item,website_image,Image,Attach,text,,0,0,0,0,,
Manufacturing,BOM Website Operation,operation,Operation,Link,varchar(140),Operation,1,0,0,0,,
Manufacturing,BOM Website Operation,workstation,Workstation,Link,varchar(140),Workstation,0,0,0,0,,
Manufacturing,BOM Website Operation,time_in_mins,Operation Time,Float,"numeric(21,9)",,1,0,0,0,,
Manufacturing,BOM Website Operation,website_image,Image,Attach,text,,0,0,0,0,,
Manufacturing,BOM Website Operation,thumbnail,Thumbnail,Data,varchar(140),,0,0,0,0,,
Manufacturing,Blanket Order,naming_series,Series,Select,varchar(140),MFG-BLR-.YYYY.-,1,0,0,0,,
Manufacturing,Blanket Order,blanket_order_type,Order Type,Select,varchar(140),Selling|Purchasing,1,0,0,0,,
Manufacturing,Blanket Order,customer,Customer,Link,varchar(140),Customer,0,0,0,0,,
Manufacturing,Blanket Order,customer_name,Customer Name,Data,varchar(140),,0,0,0,1,,customer.customer_name
Manufacturing,Blanket Order,supplier,Supplier,Link,varchar(140),Supplier,0,0,0,0,,
Manufacturing,Blanket Order,supplier_name,Supplier Name,Data,varchar(140),,0,0,0,1,,supplier.supplier_name
Manufacturing,Blanket Order,from_date,From Date,Date,date,,1,0,0,0,,
Manufacturing,Blanket Order,to_date,To Date,Date,date,,1,0,0,0,,
Manufacturing,Blanket Order,company,Company,Link,varchar(140),Company,1,0,1,0,,
Manufacturing,Blanket Order,amended_from,Amended From,Link,varchar(140),Blanket Order,0,0,0,1,,
Manufacturing,Blanket Order,tc_name,Terms,Link,varchar(140),Terms and Conditions,0,0,0,0,,
Manufacturing,Blanket Order,terms,Terms and Conditions Details,Text Editor,text,,0,0,0,0,,
Manufacturing,Blanket Order,order_no,Order No,Data,varchar(140),,0,0,0,0,,
Manufacturing,Blanket Order,order_date,Order Date,Date,date,,0,0,0,0,,
Manufacturing,Blanket Order Item,item_code,Item Code,Link,varchar(140),Item,1,0,1,0,,
Manufacturing,Blanket Order Item,item_name,Item Name,Data,varchar(140),,0,0,0,0,,item_code.item_name
Manufacturing,Blanket Order Item,qty,Quantity,Float,"numeric(21,9)",,0,0,0,0,,
Manufacturing,Blanket Order Item,rate,Rate,Currency,"numeric(21,9)",,1,0,0,0,,
Manufacturing,Blanket Order Item,ordered_qty,Ordered Quantity,Float,"numeric(21,9)",,0,0,0,1,,
Manufacturing,Blanket Order Item,terms_and_conditions,Terms and Conditions,Text,text,,0,0,0,0,,
Manufacturing,Blanket Order Item,party_item_code,Party Item Code,Data,varchar(140),,0,0,0,1,,
Manufacturing,Downtime Entry,workstation,Workstation / Machine,Link,varchar(140),Workstation,1,0,0,0,,
Manufacturing,Downtime Entry,from_time,From Time,Datetime,timestamp,,1,0,0,0,,
Manufacturing,Downtime Entry,to_time,To Time,Datetime,timestamp,,1,0,0,0,,
Manufacturing,Downtime Entry,operator,Operator,Link,varchar(140),Employee,1,0,0,0,,
Manufacturing,Downtime Entry,downtime,Downtime,Float,"numeric(21,9)",,0,0,0,1,,
Manufacturing,Downtime Entry,stop_reason,Stop Reason,Select,varchar(140),Excessive machine set up time|Unplanned machine maintenance|On-machine press checks|Machine operator errors|Machine malfunction|Electricity down|Other,1,0,0,0,,
Manufacturing,Downtime Entry,remarks,Remarks,Text,text,,0,0,0,0,,
Manufacturing,Downtime Entry,naming_series,Naming Series,Select,varchar(140),DT-,1,0,0,0,,
Manufacturing,Job Card,work_order,Work Order,Link,varchar(140),Work Order,1,0,1,0,,
Manufacturing,Job Card,bom_no,Final BOM,Link,varchar(140),BOM,0,0,0,1,,work_order.bom_no
Manufacturing,Job Card,workstation,Workstation,Link,varchar(140),Workstation,1,0,0,0,,
Manufacturing,Job Card,operation,Operation,Link,varchar(140),Operation,1,0,0,0,,
Manufacturing,Job Card,posting_date,Posting Date,Date,date,,0,0,0,0,Today,
Manufacturing,Job Card,company,Company,Link,varchar(140),Company,1,0,0,0,,
Manufacturing,Job Card,for_quantity,Qty To Manufacture,Float,"numeric(21,9)",,0,0,0,0,,
Manufacturing,Job Card,wip_warehouse,WIP Warehouse,Link,varchar(140),Warehouse,0,0,0,0,,
Manufacturing,Job Card,total_completed_qty,Total Completed Qty,Float,"numeric(21,9)",,0,0,0,1,0,
Manufacturing,Job Card,total_time_in_mins,Total Time in Mins,Float,"numeric(21,9)",,0,0,0,1,,
Manufacturing,Job Card,operation_id,Operation ID,Data,varchar(140),,0,0,0,1,,
Manufacturing,Job Card,transferred_qty,Transferred Raw Materials,Float,"numeric(21,9)",,0,0,0,1,0,
Manufacturing,Job Card,requested_qty,Requested Qty,Float,"numeric(21,9)",,0,0,0,1,0,
Manufacturing,Job Card,project,Project,Link,varchar(140),Project,0,0,0,0,,
Manufacturing,Job Card,remarks,Remarks,Small Text,text,,0,0,0,0,,
Manufacturing,Job Card,status,Status,Select,varchar(140),Open|Work In Progress|Partially Transferred|Material Transferred|On Hold|Submitted|To Manufacture|Cancelled|Completed,0,0,0,1,Open,
Manufacturing,Job Card,amended_from,Amended From,Link,varchar(140),Job Card,0,0,0,1,,
Manufacturing,Job Card,naming_series,Naming Series,Select,varchar(140),PO-JOB.#####,1,0,0,0,PO-JOB.#####,
Manufacturing,Job Card,production_item,Final Product,Link,varchar(140),Item,0,0,0,1,,work_order.production_item
Manufacturing,Job Card,barcode,Barcode,Barcode,text,,0,0,0,1,,
Manufacturing,Job Card,item_name,Item Name,Read Only,varchar(140),,0,0,0,1,,production_item.item_name
Manufacturing,Job Card,sequence_id,Sequence Id,Int,integer,,0,0,0,1,,
Manufacturing,Job Card,quality_inspection,Quality Inspection,Link,varchar(140),Quality Inspection,0,0,0,0,,
Manufacturing,Job Card,hour_rate,Hour Rate,Currency,"numeric(21,9)",,0,0,0,0,,
Manufacturing,Job Card,is_corrective_job_card,Is Corrective Job Card,Check,smallint,,0,0,0,1,0,
Manufacturing,Job Card,for_job_card,For Job Card,Link,varchar(140),Job Card,0,0,0,1,,
Manufacturing,Job Card,for_operation,For Operation,Link,varchar(140),Operation,0,0,0,0,,for_job_card.operation
Manufacturing,Job Card,serial_no,Serial No,Small Text,text,,0,0,0,1,,
Manufacturing,Job Card,batch_no,Batch No,Link,varchar(140),Batch,0,0,0,1,,
Manufacturing,Job Card,quality_inspection_template,Quality Inspection Template,Link,varchar(140),Quality Inspection Template,0,0,0,0,,operation.quality_inspection_template
Manufacturing,Job Card,workstation_type,Workstation Type,Link,varchar(140),Workstation Type,0,0,0,0,,
Manufacturing,Job Card,expected_start_date,Expected Start Date,Datetime,timestamp,,0,0,0,0,,
Manufacturing,Job Card,expected_end_date,Expected End Date,Datetime,timestamp,,0,0,0,0,,
Manufacturing,Job Card,serial_and_batch_bundle,Serial and Batch Bundle,Link,varchar(140),Serial and Batch Bundle,0,0,0,1,,
Manufacturing,Job Card,process_loss_qty,Process Loss Qty,Float,"numeric(21,9)",,0,0,0,1,,
Manufacturing,Job Card,time_required,Expected Time Required (In Mins),Float,"numeric(21,9)",,0,0,0,0,,
Manufacturing,Job Card,actual_start_date,Actual Start Date,Datetime,timestamp,,0,0,0,1,,
Manufacturing,Job Card,actual_end_date,Actual End Date,Datetime,timestamp,,0,0,0,1,,
Manufacturing,Job Card,finished_good,Item to Manufacture,Link,varchar(140),Item,0,0,0,1,,
Manufacturing,Job Card,target_warehouse,Target Warehouse,Link,varchar(140),Warehouse,0,0,0,0,,
Manufacturing,Job Card,operation_row_id,Operation Row ID,Int,integer,,0,0,0,0,,
Manufacturing,Job Card,source_warehouse,Source Warehouse,Link,varchar(140),Warehouse,0,0,0,0,,
Manufacturing,Job Card,semi_fg_bom,Manufacturing BOM,Link,varchar(140),BOM,0,0,0,1,,
Manufacturing,Job Card,is_subcontracted, Is Subcontracted,Check,smallint,,0,0,0,1,0,
Manufacturing,Job Card,manufactured_qty,Manufactured Qty,Float,"numeric(21,9)",,0,0,0,1,,
Manufacturing,Job Card,skip_material_transfer,Skip Material Transfer to WIP,Check,smallint,,0,0,0,0,0,
Manufacturing,Job Card,backflush_from_wip_warehouse,Backflush Materials From WIP Warehouse,Check,smallint,,0,0,0,0,0,
Manufacturing,Job Card,is_paused,Is Paused,Check,smallint,,0,0,0,1,0,
Manufacturing,Job Card,track_semi_finished_goods,Track Semi Finished Goods,Check,smallint,,0,0,0,0,0,work_order.track_semi_finished_goods
Manufacturing,Job Card,pending_qty,Pending Qty,Float,"numeric(21,9)",,0,0,0,0,,
Manufacturing,Job Card Item,item_code,Item Code,Link,varchar(140),Item,1,0,0,0,,
Manufacturing,Job Card Item,source_warehouse,Source Warehouse,Link,varchar(140),Warehouse,0,0,0,0,,
Manufacturing,Job Card Item,uom,UOM,Link,varchar(140),UOM,0,0,0,0,,
Manufacturing,Job Card Item,item_name,Item Name,Data,varchar(140),,0,0,0,1,,
Manufacturing,Job Card Item,description,Description,Text,text,,0,0,0,1,,
Manufacturing,Job Card Item,required_qty,Required Qty,Float,"numeric(21,9)",,0,0,0,0,,
Manufacturing,Job Card Item,allow_alternative_item,Allow Alternative Item,Check,smallint,,0,0,0,0,0,
Manufacturing,Job Card Item,item_group,Item Group,Link,varchar(140),Item Group,0,0,0,1,,item_code.item_group
Manufacturing,Job Card Item,stock_uom,Stock UOM,Link,varchar(140),UOM,0,0,0,0,,item_code.stock_uom
Manufacturing,Job Card Item,transferred_qty,Transferred Qty,Float,"numeric(21,9)",,0,0,0,1,,
Manufacturing,Job Card Item,consumed_qty,Consumed Qty,Float,"numeric(21,9)",,0,0,0,1,,
Manufacturing,Job Card Operation,status,Status,Select,varchar(140),Complete|Pause|Pending|Work In Progress,0,0,0,1,Pending,
Manufacturing,Job Card Operation,completed_time,Completed Time,Data,varchar(140),,0,0,0,1,,
Manufacturing,Job Card Operation,sub_operation,Operation,Link,varchar(140),Operation,0,0,0,1,,
Manufacturing,Job Card Operation,completed_qty,Completed Qty,Float,"numeric(21,9)",,0,0,0,1,,
Manufacturing,Job Card Scheduled Time,from_time,From Time,Datetime,timestamp,,0,0,0,0,,
Manufacturing,Job Card Scheduled Time,to_time,To Time,Datetime,timestamp,,0,0,0,0,,
Manufacturing,Job Card Scheduled Time,time_in_mins,Time (In Mins),Float,"numeric(21,9)",,0,0,0,0,,
Manufacturing,Job Card Secondary Item,item_code,Secondary Item Code,Link,varchar(140),Item,1,0,0,0,,
Manufacturing,Job Card Secondary Item,item_name,Secondary Item Name,Data,varchar(140),,0,0,0,0,,item_code.item_name
Manufacturing,Job Card Secondary Item,description,Description,Small Text,text,,0,0,0,1,,item_code.description
Manufacturing,Job Card Secondary Item,stock_qty,Qty,Float,"numeric(21,9)",,1,0,0,0,,
Manufacturing,Job Card Secondary Item,stock_uom,Stock UOM,Link,varchar(140),UOM,0,0,0,1,,item_code.stock_uom
Manufacturing,Job Card Secondary Item,secondary_item_type,Type,Select,varchar(140),Co-Product|By-Product|Scrap|Additional Finished Good,1,0,0,0,,
Manufacturing,Job Card Secondary Item,bom_secondary_item,BOM Secondary Item Reference,Data,varchar(140),,0,0,0,1,,
Manufacturing,Job Card Time Log,from_time,From Time,Datetime,timestamp,,0,0,0,0,,
Manufacturing,Job Card Time Log,to_time,To Time,Datetime,timestamp,,0,0,0,0,,
Manufacturing,Job Card Time Log,time_in_mins,Time In Mins,Float,"numeric(21,9)",,0,0,0,0,,
Manufacturing,Job Card Time Log,completed_qty,Completed Qty,Float,"numeric(21,9)",,0,0,0,0,0,
Manufacturing,Job Card Time Log,employee,Employee,Link,varchar(140),Employee,0,0,0,0,,
Manufacturing,Job Card Time Log,operation,Sub Operation,Link,varchar(140),Operation,0,0,0,0,,
Manufacturing,Manufacturing Settings,allow_overtime,Allow Overtime,Check,smallint,,0,0,0,0,0,
Manufacturing,Manufacturing Settings,allow_production_on_holidays,Allow Production on Holidays,Check,smallint,,0,0,0,0,0,
Manufacturing,Manufacturing Settings,capacity_planning_for_days,Capacity Planning For (Days),Int,integer,,0,0,0,0,30,
Manufacturing,Manufacturing Settings,mins_between_operations,Time Between Operations (Mins),Int,integer,,0,0,0,0,,
Manufacturing,Manufacturing Settings,overproduction_percentage_for_sales_order,Overproduction Percentage For Sales Order,Percent,"numeric(21,9)",,0,0,0,0,,
Manufacturing,Manufacturing Settings,overproduction_percentage_for_work_order,Overproduction Percentage For Work Order,Percent,"numeric(21,9)",,0,0,0,0,,
Manufacturing,Manufacturing Settings,backflush_raw_materials_based_on,Backflush Raw Materials Based On,Select,varchar(140),BOM|Material Transferred for Manufacture,0,0,0,0,BOM,
Manufacturing,Manufacturing Settings,material_consumption,Allow Continuous Material Consumption,Check,smallint,,0,0,0,0,0,
Manufacturing,Manufacturing Settings,update_bom_costs_automatically,Update BOM Cost Automatically,Check,smallint,,0,0,0,0,0,
Manufacturing,Manufacturing Settings,disable_capacity_planning,Disable Capacity Planning,Check,smallint,,0,0,0,0,0,
Manufacturing,Manufacturing Settings,make_serial_no_batch_from_work_order,Make Serial No / Batch from Work Order,Check,smallint,,0,0,0,0,0,
Manufacturing,Manufacturing Settings,add_corrective_operation_cost_in_finished_good_valuation,Add Corrective Operation Cost in Finished Good Valuation,Check,smallint,,0,0,0,0,0,
Manufacturing,Manufacturing Settings,job_card_excess_transfer,Allow Excess Material Transfer,Check,smallint,,0,0,0,0,0,
Manufacturing,Manufacturing Settings,get_rm_cost_from_consumption_entry,Get Raw Materials Cost from Consumption Entry,Check,smallint,,0,0,0,0,0,
Manufacturing,Manufacturing Settings,validate_components_quantities_per_bom,Validate Components and Quantities Per BOM,Check,smallint,,0,0,0,0,0,
Manufacturing,Manufacturing Settings,enforce_time_logs,Enforce Time Logs,Check,smallint,,0,0,0,0,0,
Manufacturing,Manufacturing Settings,transfer_extra_materials_percentage,Transfer Extra Raw Materials to WIP (%),Percent,"numeric(21,9)",,0,0,0,0,,
Manufacturing,Manufacturing Settings,allow_editing_of_items_and_quantities_in_work_order,Allow Editing of Items and Quantities in Work Order,Check,smallint,,0,0,0,0,0,
Manufacturing,Manufacturing Settings,set_op_cost_and_secondary_items_from_sub_assemblies,Set Operating Cost / Secondary Items From Sub-assemblies,Check,smallint,,0,0,0,0,0,
Manufacturing,Master Production Schedule,company,Company,Link,varchar(140),Company,1,0,0,0,,
Manufacturing,Master Production Schedule,posting_date,Posting Date,Date,date,,1,0,0,0,Today,
Manufacturing,Master Production Schedule,naming_series,Naming Series,Select,varchar(140),MPS.YY.-.######,1,0,0,0,MPS.YY.-.######,
Manufacturing,Master Production Schedule,parent_warehouse,Parent Warehouse,Link,varchar(140),Warehouse,0,0,0,0,,
Manufacturing,Master Production Schedule,from_date,From Date,Date,date,,1,0,0,0,,
Manufacturing,Master Production Schedule,to_date,To Date,Date,date,,0,0,0,0,,
Manufacturing,Master Production Schedule,amended_from,Amended From,Link,varchar(140),Master Production Schedule,0,0,1,1,,
Manufacturing,Master Production Schedule,sales_forecast,Sales Forecast,Link,varchar(140),Sales Forecast,0,0,0,0,,
Manufacturing,Master Production Schedule Item,item_code,Item Code,Link,varchar(140),Item,0,0,0,1,,
Manufacturing,Master Production Schedule Item,warehouse,Warehouse,Link,varchar(140),Warehouse,0,0,0,1,,
Manufacturing,Master Production Schedule Item,delivery_date,Delivery Date,Date,date,,0,0,0,1,,
Manufacturing,Master Production Schedule Item,planned_qty,Planned Qty,Float,"numeric(21,9)",,0,0,0,0,,
Manufacturing,Master Production Schedule Item,order_release_date,Start Date,Date,date,,0,0,0,0,,
Manufacturing,Master Production Schedule Item,item_name,Item Name,Data,varchar(140),,0,0,0,1,,
Manufacturing,Master Production Schedule Item,bom_no,BOM No,Link,varchar(140),BOM,0,0,0,0,,
Manufacturing,Master Production Schedule Item,uom,UOM,Link,varchar(140),UOM,0,0,0,0,,
Manufacturing,Master Production Schedule Item,cumulative_lead_time,Lead Time,Int,integer,,0,0,0,1,,
Manufacturing,Material Request Plan Item,item_code,Item Code,Link,varchar(140),Item,1,0,1,0,,
Manufacturing,Material Request Plan Item,item_name,Item Name,Data,varchar(140),,0,0,0,0,,
Manufacturing,Material Request Plan Item,warehouse,For Warehouse,Link,varchar(140),Warehouse,1,0,1,0,,
Manufacturing,Material Request Plan Item,material_request_type,Type,Select,varchar(140),Purchase|Material Transfer|Material Issue|Manufacture|Subcontracting|Customer Provided,0,0,0,0,,
Manufacturing,Material Request Plan Item,quantity,Required Qty,Float,"numeric(21,9)",,1,0,0,0,,
Manufacturing,Material Request Plan Item,projected_qty,Projected Qty,Float,"numeric(21,9)",,0,0,0,1,,
Manufacturing,Material Request Plan Item,actual_qty,Qty In Stock,Float,"numeric(21,9)",,0,0,0,1,0,
Manufacturing,Material Request Plan Item,min_order_qty,Minimum Order Quantity,Float,"numeric(21,9)",,0,0,0,1,,
Manufacturing,Material Request Plan Item,sales_order,Sales Order,Link,varchar(140),Sales Order,0,0,0,1,,
Manufacturing,Material Request Plan Item,requested_qty,Requested Qty,Float,"numeric(21,9)",,0,0,0,1,0,
Manufacturing,Material Request Plan Item,description,Description,Text Editor,text,,0,0,0,0,,
Manufacturing,Material Request Plan Item,uom,UOM,Link,varchar(140),UOM,0,0,0,1,,
Manufacturing,Material Request Plan Item,from_warehouse,From Warehouse,Link,varchar(140),Warehouse,0,0,1,0,,
Manufacturing,Material Request Plan Item,safety_stock,Safety Stock,Float,"numeric(21,9)",,0,0,0,1,,item_code.safety_stock
Manufacturing,Material Request Plan Item,ordered_qty,Ordered Qty,Float,"numeric(21,9)",,0,0,0,1,,
Manufacturing,Material Request Plan Item,reserved_qty_for_production,Reserved Qty for Production,Float,"numeric(21,9)",,0,0,0,1,,
Manufacturing,Material Request Plan Item,required_bom_qty,Reqd Qty (BOM),Float,"numeric(21,9)",,0,0,0,1,,
Manufacturing,Material Request Plan Item,conversion_factor,Conversion Factor,Float,"numeric(21,9)",,0,0,0,1,,
Manufacturing,Material Request Plan Item,schedule_date,Required By,Date,date,,0,0,0,0,,
Manufacturing,Material Request Plan Item,stock_reserved_qty,Stock Reserved Qty,Float,"numeric(21,9)",,0,0,0,1,,
Manufacturing,Material Request Plan Item,from_bom,From BOM,Link,varchar(140),BOM,0,0,0,1,,
Manufacturing,Material Request Plan Item,sub_assembly_item_reference,Sub Assembly Item Reference,Data,varchar(140),,0,0,0,1,,
Manufacturing,Material Request Plan Item,main_item_code,Main Item Code,Link,varchar(140),Item,0,0,0,1,,
Manufacturing,Operation,workstation,Default Workstation,Link,varchar(140),Workstation,0,0,0,0,,
Manufacturing,Operation,description,Description,Text,text,,0,0,0,0,,
Manufacturing,Operation,work_instruction,Work Instructions,Text Editor,text,,0,0,0,0,,
Manufacturing,Operation,total_operation_time,Total Operation Time,Float,"numeric(21,9)",,0,0,0,1,,
Manufacturing,Operation,batch_size,Batch Size,Int,integer,,0,0,0,0,1,
Manufacturing,Operation,create_job_card_based_on_batch_size,Create Job Card based on Batch Size,Check,smallint,,0,0,0,0,0,
Manufacturing,Operation,is_corrective_operation,Is Corrective Operation,Check,smallint,,0,0,0,0,0,
Manufacturing,Operation,quality_inspection_template,Quality Inspection Template,Link,varchar(140),Quality Inspection Template,0,0,0,0,,
Manufacturing,Plant Floor,floor_name,Floor Name,Data,varchar(140),,0,1,0,0,,
Manufacturing,Plant Floor,warehouse,Warehouse,Link,varchar(140),Warehouse,0,0,0,0,,
Manufacturing,Plant Floor,company,Company,Link,varchar(140),Company,0,0,0,0,,
Manufacturing,Production Plan,naming_series,Naming Series,Select,varchar(140),MFG-PP-.YYYY.-,1,0,0,0,,
Manufacturing,Production Plan,company,Company,Link,varchar(140),Company,1,0,0,0,,
Manufacturing,Production Plan,get_items_from,Get Items From,Select,varchar(140),Sales Order|Material Request,0,0,0,0,,
Manufacturing,Production Plan,posting_date,Posting Date,Date,date,,1,0,0,0,Today,
Manufacturing,Production Plan,item_code,Item Code,Link,varchar(140),Item,0,0,0,0,,
Manufacturing,Production Plan,customer,Customer,Link,varchar(140),Customer,0,0,0,0,,
Manufacturing,Production Plan,warehouse,Warehouse,Link,varchar(140),Warehouse,0,0,0,0,,
Manufacturing,Production Plan,project,Project,Link,varchar(140),Project,0,0,0,0,,
Manufacturing,Production Plan,from_date,From Date,Date,date,,0,0,0,0,,
Manufacturing,Production Plan,to_date,To Date,Date,date,,0,0,0,0,,
Manufacturing,Production Plan,include_non_stock_items,Include Non Stock Items,Check,smallint,,0,0,0,0,1,
Manufacturing,Production Plan,include_subcontracted_items,Include Subcontracted Items,Check,smallint,,0,0,0,0,1,
Manufacturing,Production Plan,ignore_existing_ordered_qty,Consider Projected Qty in Calculation (RM),Check,smallint,,0,0,0,0,1,
Manufacturing,Production Plan,total_planned_qty,Total Planned Qty,Float,"numeric(21,9)",,0,0,0,1,0,
Manufacturing,Production Plan,total_produced_qty,Total Produced Qty,Float,"numeric(21,9)",,0,0,0,1,0,
Manufacturing,Production Plan,status,Status,Select,varchar(140),Draft|Submitted|Not Started|In Process|Completed|Closed|Cancelled|Material Requested,0,0,1,1,Draft,
Manufacturing,Production Plan,amended_from,Amended From,Link,varchar(140),Production Plan,0,0,0,1,,
Manufacturing,Production Plan,for_warehouse,For Warehouse,Link,varchar(140),Warehouse,0,0,0,0,,
Manufacturing,Production Plan,raw_material_group_warehouse,Raw Material Group Warehouse,Link,varchar(140),Warehouse,0,0,0,0,,
Manufacturing,Production Plan,sales_order_status,Sales Order Status,Select,varchar(140),To Deliver and Bill|To Bill|To Deliver,0,0,0,0,,
Manufacturing,Production Plan,include_safety_stock,Include Safety Stock in Required Qty Calculation,Check,smallint,,0,0,0,0,0,
Manufacturing,Production Plan,combine_items,Consolidate Sales Order Items,Check,smallint,,0,0,0,0,0,
Manufacturing,Production Plan,from_delivery_date,From Delivery Date,Date,date,,0,0,0,0,,
Manufacturing,Production Plan,to_delivery_date,To Delivery Date,Date,date,,0,0,0,0,,
Manufacturing,Production Plan,combine_sub_items,Consolidate Sub Assembly Items,Check,smallint,,0,0,0,0,0,
Manufacturing,Production Plan,skip_available_sub_assembly_item,Consider Projected Qty in Calculation,Check,smallint,,0,0,0,0,1,
Manufacturing,Production Plan,sub_assembly_warehouse,Sub Assembly Warehouse,Link,varchar(140),Warehouse,0,0,0,0,,
Manufacturing,Production Plan,consider_minimum_order_qty,Consider Minimum Order Qty,Check,smallint,,0,0,0,0,0,
Manufacturing,Production Plan,reserve_stock,Reserve Stock,Check,smallint,,0,0,0,0,0,
Manufacturing,Production Plan Item,include_exploded_items,Include Exploded Items,Check,smallint,,0,0,0,0,1,
Manufacturing,Production Plan Item,item_code,Item Code,Link,varchar(140),Item,1,0,0,0,,
Manufacturing,Production Plan Item,bom_no,BOM No,Link,varchar(140),BOM,1,0,0,0,,
Manufacturing,Production Plan Item,planned_qty,Planned Qty,Float,"numeric(21,9)",,1,0,0,0,,
Manufacturing,Production Plan Item,warehouse,Finished Goods Warehouse,Link,varchar(140),Warehouse,0,0,0,0,,
Manufacturing,Production Plan Item,planned_start_date,Planned Start Date,Datetime,timestamp,,1,0,0,0,Today,
Manufacturing,Production Plan Item,pending_qty,Pending Qty,Float,"numeric(21,9)",,0,0,0,1,0,
Manufacturing,Production Plan Item,ordered_qty,Ordered Qty,Float,"numeric(21,9)",,0,0,0,1,0,
Manufacturing,Production Plan Item,produced_qty,Produced Qty,Float,"numeric(21,9)",,0,0,0,1,0,
Manufacturing,Production Plan Item,description,Description,Text Editor,text,,0,0,0,1,,
Manufacturing,Production Plan Item,stock_uom,UOM,Link,varchar(140),UOM,1,0,0,1,,
Manufacturing,Production Plan Item,sales_order,Sales Order,Link,varchar(140),Sales Order,0,0,0,1,,
Manufacturing,Production Plan Item,sales_order_item,Sales Order Item,Data,varchar(140),,0,0,0,0,,
Manufacturing,Production Plan Item,material_request,Material Request,Link,varchar(140),Material Request,0,0,0,1,,
Manufacturing,Production Plan Item,material_request_item,material_request_item,Data,varchar(140),,0,0,0,0,,
Manufacturing,Production Plan Item,product_bundle_item,Product Bundle Item,Link,varchar(140),Item,0,0,0,1,,
Manufacturing,Production Plan Item,item_reference,Item Reference,Data,varchar(140),,0,0,0,0,,
Manufacturing,Production Plan Item,temporary_name,temporary name,Data,varchar(140),,0,0,0,0,,
Manufacturing,Production Plan Item Reference,sales_order,Sales Order Reference,Link,varchar(140),Sales Order,0,0,0,0,,
Manufacturing,Production Plan Item Reference,sales_order_item,Sales Order Item,Data,varchar(140),,0,0,0,0,,
Manufacturing,Production Plan Item Reference,qty,Qty,Float,"numeric(21,9)",,0,0,0,0,,
Manufacturing,Production Plan Item Reference,item_reference,Item Reference,Data,varchar(140),,0,0,0,0,,
Manufacturing,Production Plan Material Request,material_request,Material Request,Link,varchar(140),Material Request,1,0,0,0,,
Manufacturing,Production Plan Material Request,material_request_date,Material Request Date,Date,date,,0,0,0,1,,material_request.transaction_date
Manufacturing,Production Plan Material Request Warehouse,warehouse,Warehouse,Link,varchar(140),Warehouse,0,0,0,0,,
Manufacturing,Production Plan Sales Order,sales_order,Sales Order,Link,varchar(140),Sales Order,1,0,0,0,,
Manufacturing,Production Plan Sales Order,sales_order_date,Sales Order Date,Date,date,,0,0,0,1,,
Manufacturing,Production Plan Sales Order,customer,Customer,Link,varchar(140),Customer,0,0,0,1,,
Manufacturing,Production Plan Sales Order,grand_total,Grand Total,Currency,"numeric(21,9)",,0,0,0,1,,
Manufacturing,Production Plan Sales Order,status,Status,Data,varchar(140),,0,0,0,0,,
Manufacturing,Production Plan Sub Assembly Item,item_name,Item Name,Data,varchar(140),,0,0,0,1,,sub_assembly_item_code.item_name
Manufacturing,Production Plan Sub Assembly Item,qty,Qty to Order,Float,"numeric(21,9)",,0,0,0,1,,
Manufacturing,Production Plan Sub Assembly Item,purchase_order,Purchase Order,Link,varchar(140),Purchase Order,0,0,0,1,,
Manufacturing,Production Plan Sub Assembly Item,received_qty,Received Qty,Float,"numeric(21,9)",,0,0,0,1,,
Manufacturing,Production Plan Sub Assembly Item,bom_no,BOM No,Link,varchar(140),BOM,0,0,0,0,,
Manufacturing,Production Plan Sub Assembly Item,production_plan_item,Production Plan Item,Data,varchar(140),,0,0,0,1,,
Manufacturing,Production Plan Sub Assembly Item,parent_item_code,Finished Good,Link,varchar(140),Item,0,0,0,1,,
Manufacturing,Production Plan Sub Assembly Item,bom_level,Level (BOM),Int,integer,,0,0,0,1,,
Manufacturing,Production Plan Sub Assembly Item,uom,UOM,Link,varchar(140),UOM,0,0,0,1,,
Manufacturing,Production Plan Sub Assembly Item,stock_uom,Stock UOM,Link,varchar(140),UOM,0,0,0,1,,
Manufacturing,Production Plan Sub Assembly Item,description,description,Small Text,text,,0,0,0,1,,
Manufacturing,Production Plan Sub Assembly Item,production_item,Sub Assembly Item Code,Link,varchar(140),Item,0,0,0,1,,
Manufacturing,Production Plan Sub Assembly Item,indent,Indent,Int,integer,,0,0,0,0,,
Manufacturing,Production Plan Sub Assembly Item,fg_warehouse,Target Warehouse,Link,varchar(140),Warehouse,0,0,0,0,,
Manufacturing,Production Plan Sub Assembly Item,type_of_manufacturing,Manufacturing Type,Select,varchar(140),In House|Subcontract|Material Request,0,0,0,0,In House,
Manufacturing,Production Plan Sub Assembly Item,supplier,Supplier,Link,varchar(140),Supplier,0,0,0,0,,
Manufacturing,Production Plan Sub Assembly Item,schedule_date,Schedule Date,Datetime,timestamp,,0,0,0,0,,
Manufacturing,Production Plan Sub Assembly Item,actual_qty,Actual Qty,Float,"numeric(21,9)",,0,0,0,1,,
Manufacturing,Production Plan Sub Assembly Item,projected_qty,Projected Qty,Float,"numeric(21,9)",,0,0,0,1,,
Manufacturing,Production Plan Sub Assembly Item,wo_produced_qty,Produced Qty,Float,"numeric(21,9)",,0,0,0,1,,
Manufacturing,Production Plan Sub Assembly Item,required_qty,Required Qty,Float,"numeric(21,9)",,0,0,0,0,,
Manufacturing,Production Plan Sub Assembly Item,stock_reserved_qty,Stock Reserved Qty,Float,"numeric(21,9)",,0,0,0,1,,
Manufacturing,Production Plan Sub Assembly Item,ordered_qty,Ordered Qty,Float,"numeric(21,9)",,0,0,0,1,,
Manufacturing,Production Plan Sub Assembly Item,sales_order,Sales Order,Link,varchar(140),Sales Order,0,0,0,1,,
Manufacturing,Production Plan Sub Assembly Item,sales_order_item,Sales Order Item,Data,varchar(140),,0,0,0,0,,
Manufacturing,Routing,routing_name,Routing Name,Data,varchar(140),,0,1,0,0,,
Manufacturing,Routing,disabled,Disabled,Check,smallint,,0,0,0,0,0,
Manufacturing,Sales Forecast,naming_series,Naming Series,Select,varchar(140),SF.YY.-.######,1,0,0,0,SF.YY.-.######,
Manufacturing,Sales Forecast,company,Company,Link,varchar(140),Company,1,0,0,0,,
Manufacturing,Sales Forecast,posting_date,Posting Date,Date,date,,0,0,0,0,Today,
Manufacturing,Sales Forecast,parent_warehouse,Parent Warehouse,Link,varchar(140),Warehouse,1,0,0,0,,
Manufacturing,Sales Forecast,from_date,From Date,Date,date,,1,0,0,0,Today,
Manufacturing,Sales Forecast,amended_from,Amended From,Link,varchar(140),Sales Forecast,0,0,1,1,,
Manufacturing,Sales Forecast,demand_number,Number of Weeks / Months,Int,integer,,1,0,0,0,6,
Manufacturing,Sales Forecast,status,Status,Select,varchar(140),Planned|MPS Generated|Cancelled,0,0,0,1,,
Manufacturing,Sales Forecast,frequency,Frequency,Select,varchar(140),Weekly|Monthly,1,0,0,0,Monthly,
Manufacturing,Sales Forecast Item,item_code,Item Code,Link,varchar(140),Item,1,0,0,1,,
Manufacturing,Sales Forecast Item,item_name,Item Name,Data,varchar(140),,0,0,0,1,,item_code.item_name
Manufacturing,Sales Forecast Item,uom,UOM,Link,varchar(140),UOM,0,0,0,1,,item_code.sales_uom
Manufacturing,Sales Forecast Item,delivery_date,Delivery Date,Date,date,,0,0,0,1,,
Manufacturing,Sales Forecast Item,demand_qty,Demand Qty,Float,"numeric(21,9)",,1,0,0,0,,
Manufacturing,Sales Forecast Item,warehouse,Warehouse,Link,varchar(140),Warehouse,0,0,0,1,,
Manufacturing,Sub Operation,operation,Operation,Link,varchar(140),Operation,1,0,0,0,,
Manufacturing,Sub Operation,time_in_mins,Operation Time,Float,"numeric(21,9)",,0,0,0,0,0,
Manufacturing,Sub Operation,description,Description,Small Text,text,,0,0,0,0,,
Manufacturing,Work Order,naming_series,Series,Select,varchar(140),MFG-WO-.YYYY.-,1,0,0,0,,
Manufacturing,Work Order,status,Status,Select,varchar(140),Draft|Submitted|Not Started|In Process|Stock Reserved|Stock Partially Reserved|Completed|Stopped|Closed|Cancelled,1,0,1,1,Draft,
Manufacturing,Work Order,production_item,Item To Manufacture,Link,varchar(140),Item,1,0,0,0,,
Manufacturing,Work Order,item_name,Item Name,Data,varchar(140),,0,0,0,1,,production_item.item_name
Manufacturing,Work Order,image,Image,Attach Image,text,image,0,0,0,1,,production_item.image
Manufacturing,Work Order,bom_no,BOM No,Link,varchar(140),BOM,1,0,0,0,,
Manufacturing,Work Order,allow_alternative_item,Allow Alternative Item,Check,smallint,,0,0,0,0,0,
Manufacturing,Work Order,use_multi_level_bom,Use Multi-Level BOM,Check,smallint,,0,0,0,0,1,
Manufacturing,Work Order,skip_transfer,Skip Material Transfer to WIP Warehouse,Check,smallint,,0,0,0,0,0,
Manufacturing,Work Order,company,Company,Link,varchar(140),Company,1,0,0,0,,
Manufacturing,Work Order,qty,Qty To Manufacture,Float,"numeric(21,9)",,1,0,0,0,1.0,
Manufacturing,Work Order,material_transferred_for_manufacturing,Material Transferred for Manufacturing,Float,"numeric(21,9)",,0,0,0,1,0,
Manufacturing,Work Order,produced_qty,Manufactured Qty,Float,"numeric(21,9)",,0,0,0,1,0,
Manufacturing,Work Order,sales_order,Sales Order,Link,varchar(140),Sales Order,0,0,0,0,,
Manufacturing,Work Order,project,Project,Link,varchar(140),Project,0,0,0,0,,
Manufacturing,Work Order,from_wip_warehouse,Backflush Raw Materials From Work-in-Progress Warehouse,Check,smallint,,0,0,0,0,0,
Manufacturing,Work Order,wip_warehouse,Work-in-Progress Warehouse,Link,varchar(140),Warehouse,0,0,0,0,,
Manufacturing,Work Order,fg_warehouse,Target Warehouse,Link,varchar(140),Warehouse,0,0,0,0,,
Manufacturing,Work Order,scrap_warehouse,Scrap Warehouse,Link,varchar(140),Warehouse,0,0,0,0,,
Manufacturing,Work Order,planned_start_date,Planned Start Date,Datetime,timestamp,,1,0,0,0,now,
Manufacturing,Work Order,actual_start_date,Actual Start Date,Datetime,timestamp,,0,0,0,0,,
Manufacturing,Work Order,planned_end_date,Planned End Date,Datetime,timestamp,,0,0,0,0,,
Manufacturing,Work Order,actual_end_date,Actual End Date,Datetime,timestamp,,0,0,0,0,,
Manufacturing,Work Order,expected_delivery_date,Expected Delivery Date,Date,date,,0,0,0,0,,
Manufacturing,Work Order,transfer_material_against,Transfer Material Against,Select,varchar(140),Work Order|Job Card,0,0,0,0,,bom_no.transfer_material_against
Manufacturing,Work Order,planned_operating_cost,Planned Operating Cost,Currency,"numeric(21,9)",Company:company:default_currency,0,0,0,1,,
Manufacturing,Work Order,actual_operating_cost,Actual Operating Cost,Currency,"numeric(21,9)",Company:company:default_currency,0,0,0,1,,
Manufacturing,Work Order,additional_operating_cost,Additional Operating Cost,Currency,"numeric(21,9)",Company:company:default_currency,0,0,0,0,,
Manufacturing,Work Order,total_operating_cost,Total Operating Cost,Currency,"numeric(21,9)",Company:company:default_currency,0,0,0,1,,
Manufacturing,Work Order,description,Item Description,Small Text,text,,0,0,0,1,,
Manufacturing,Work Order,stock_uom,Stock UOM,Link,varchar(140),UOM,0,0,0,1,,production_item.stock_uom
Manufacturing,Work Order,material_request,Material Request,Link,varchar(140),Material Request,0,0,0,1,,
Manufacturing,Work Order,material_request_item,Material Request Item,Data,varchar(140),,0,0,0,1,,
Manufacturing,Work Order,sales_order_item,Sales Order Item,Data,varchar(140),,0,0,0,1,,
Manufacturing,Work Order,production_plan,Production Plan,Link,varchar(140),Production Plan,0,0,1,1,,
Manufacturing,Work Order,production_plan_item,Production Plan Item,Data,varchar(140),,0,0,0,1,,
Manufacturing,Work Order,product_bundle_item,Product Bundle Item,Link,varchar(140),Item,0,0,0,1,,
Manufacturing,Work Order,amended_from,Amended From,Link,varchar(140),Work Order,0,0,0,1,,
Manufacturing,Work Order,update_consumed_material_cost_in_project,Update Consumed Material Cost In Project,Check,smallint,,0,0,0,0,1,
Manufacturing,Work Order,source_warehouse,Source Warehouse,Link,varchar(140),Warehouse,0,0,0,0,,
Manufacturing,Work Order,lead_time,Lead Time,Float,"numeric(21,9)",,0,0,0,1,,
Manufacturing,Work Order,has_serial_no,Has Serial No,Check,smallint,,0,0,0,1,0,production_item.has_serial_no
Manufacturing,Work Order,has_batch_no,Has Batch No,Check,smallint,,0,0,0,1,0,production_item.has_batch_no
Manufacturing,Work Order,batch_size,Batch Size,Float,"numeric(21,9)",,0,0,0,0,0,
Manufacturing,Work Order,corrective_operation_cost,Corrective Operation Cost,Currency,"numeric(21,9)",,0,0,0,1,,
Manufacturing,Work Order,production_plan_sub_assembly_item,Production Plan Sub Assembly Item,Data,varchar(140),,0,0,0,1,,
Manufacturing,Work Order,process_loss_qty,Process Loss Qty,Float,"numeric(21,9)",,0,0,0,1,,
Manufacturing,Work Order,track_semi_finished_goods,Track Semi Finished Goods,Check,smallint,,0,0,0,1,0,bom_no.track_semi_finished_goods
Manufacturing,Work Order,reserve_stock,Reserve Stock,Check,smallint,,0,0,0,0,0,
Manufacturing,Work Order,disassembled_qty,Disassembled Qty,Float,"numeric(21,9)",,0,0,0,1,,
Manufacturing,Work Order,mps,MPS,Link,varchar(140),Master Production Schedule,0,0,0,1,,
Manufacturing,Work Order,additional_transferred_qty,Additional Transferred Qty,Float,"numeric(21,9)",,0,0,0,1,0,
Manufacturing,Work Order,subcontracting_inward_order,Subcontracting Inward Order,Link,varchar(140),Subcontracting Inward Order,0,0,0,1,,
Manufacturing,Work Order,subcontracting_inward_order_item,Subcontracting Inward Order Item,Data,varchar(140),,0,0,0,1,,
Manufacturing,Work Order,max_producible_qty,Max Producible Qty,Float,"numeric(21,9)",,0,0,0,1,,
Manufacturing,Work Order Additional Item,item_code,Item Code,Link,varchar(140),Item,0,0,0,0,,
Manufacturing,Work Order Additional Item,secondary_item_type,Type,Data,varchar(140),,0,0,0,0,,
Manufacturing,Work Order Additional Item,qty,Qty,Float,"numeric(21,9)",,0,0,0,0,,
Manufacturing,Work Order Additional Item,uom,UOM,Link,varchar(140),UOM,0,0,0,0,,
Manufacturing,Work Order Additional Item,amount,Amount,Currency,"numeric(21,9)",,0,0,0,0,,
Manufacturing,Work Order Additional Item,rate,Rate,Currency,"numeric(21,9)",,0,0,0,0,,
Manufacturing,Work Order Item,operation,Operation,Link,varchar(140),Operation,0,0,0,0,,
Manufacturing,Work Order Item,item_code,Item Code,Link,varchar(140),Item,0,0,1,0,,
Manufacturing,Work Order Item,source_warehouse,Source Warehouse,Link,varchar(140),Warehouse,0,0,0,0,,
Manufacturing,Work Order Item,item_name,Item Name,Data,varchar(140),,0,0,0,1,,
Manufacturing,Work Order Item,description,Description,Text,text,,0,0,0,1,,
Manufacturing,Work Order Item,required_qty,Required Qty,Float,"numeric(21,9)",,0,0,0,0,,
Manufacturing,Work Order Item,transferred_qty,Transferred Qty,Float,"numeric(21,9)",,0,0,0,1,,
Manufacturing,Work Order Item,allow_alternative_item,Allow Alternative Item,Check,smallint,,0,0,0,0,0,
Manufacturing,Work Order Item,include_item_in_manufacturing,Include Item In Manufacturing,Check,smallint,,0,0,0,0,0,
Manufacturing,Work Order Item,consumed_qty,Consumed Qty,Float,"numeric(21,9)",,0,0,0,1,,
Manufacturing,Work Order Item,available_qty_at_source_warehouse,Available Qty at Source Warehouse,Float,"numeric(21,9)",,0,0,0,1,,
Manufacturing,Work Order Item,available_qty_at_wip_warehouse,Available Qty at WIP Warehouse,Float,"numeric(21,9)",,0,0,0,1,,
Manufacturing,Work Order Item,rate,Rate,Currency,"numeric(21,9)",,0,0,0,1,,
Manufacturing,Work Order Item,amount,Amount,Currency,"numeric(21,9)",,0,0,0,1,,
Manufacturing,Work Order Item,returned_qty,Returned Qty ,Float,"numeric(21,9)",,0,0,0,1,,
Manufacturing,Work Order Item,operation_row_id,Operation Row Id,Int,integer,,0,0,0,1,,
Manufacturing,Work Order Item,stock_uom,Stock UOM,Link,varchar(140),UOM,0,0,0,1,,item_code.stock_uom
Manufacturing,Work Order Item,stock_reserved_qty,Stock Reserved Qty,Float,"numeric(21,9)",,0,0,0,1,,
Manufacturing,Work Order Item,is_additional_item,Is Additional Item,Check,smallint,,0,0,0,1,0,
Manufacturing,Work Order Item,voucher_detail_reference,Voucher Detail Reference,Data,varchar(140),,0,0,0,1,,
Manufacturing,Work Order Item,is_customer_provided_item,Is Customer Provided Item,Check,smallint,,0,0,0,1,0,item_code.is_customer_provided_item
Manufacturing,Work Order Operation,operation,Operation,Link,varchar(140),Operation,1,0,0,0,,
Manufacturing,Work Order Operation,bom,BOM,Link,varchar(140),BOM,0,0,0,0,,
Manufacturing,Work Order Operation,description,Operation Description,Text Editor,text,,0,0,0,0,,
Manufacturing,Work Order Operation,completed_qty,Completed Qty,Float,"numeric(21,9)",,0,0,0,0,,
Manufacturing,Work Order Operation,status,Status,Select,varchar(140),Pending|Work in Progress|Completed,0,0,0,0,Pending,
Manufacturing,Work Order Operation,workstation,Workstation,Link,varchar(140),Workstation,0,0,0,0,,
Manufacturing,Work Order Operation,planned_start_time,Planned Start Time,Datetime,timestamp,,0,0,0,1,,
Manufacturing,Work Order Operation,planned_end_time,Planned End Time,Datetime,timestamp,,0,0,0,1,,
Manufacturing,Work Order Operation,time_in_mins,Time,Float,"numeric(21,9)",,1,0,0,0,,
Manufacturing,Work Order Operation,hour_rate,Hour Rate,Float,"numeric(21,9)",,0,0,0,1,,
Manufacturing,Work Order Operation,planned_operating_cost,Planned Operating Cost,Currency,"numeric(21,9)",Company:company:default_currency,0,0,0,1,,
Manufacturing,Work Order Operation,actual_start_time,Actual Start Time,Datetime,timestamp,,0,0,0,1,,
Manufacturing,Work Order Operation,actual_end_time,Actual End Time,Datetime,timestamp,,0,0,0,1,,
Manufacturing,Work Order Operation,actual_operation_time,Actual Operation Time,Float,"numeric(21,9)",,0,0,0,1,,
Manufacturing,Work Order Operation,actual_operating_cost,Actual Operating Cost,Currency,"numeric(21,9)",Company:company:default_currency,0,0,0,1,,
Manufacturing,Work Order Operation,batch_size,Batch Size,Float,"numeric(21,9)",,0,0,0,0,1,
Manufacturing,Work Order Operation,sequence_id,Sequence ID,Int,integer,,0,0,0,0,,
Manufacturing,Work Order Operation,workstation_type,Workstation Type,Link,varchar(140),Workstation Type,0,0,0,0,,
Manufacturing,Work Order Operation,process_loss_qty,Process Loss Qty,Float,"numeric(21,9)",,0,0,0,1,,
Manufacturing,Work Order Operation,bom_no,BOM No (For Semi-Finished Goods),Link,varchar(140),BOM,0,0,0,1,,
Manufacturing,Work Order Operation,finished_good,Semi Finished Goods / Finished Goods,Link,varchar(140),Item,0,0,0,1,,
Manufacturing,Work Order Operation,wip_warehouse,WIP WH,Link,varchar(140),Warehouse,0,0,0,0,,
Manufacturing,Work Order Operation,fg_warehouse,Finished Goods Warehouse,Link,varchar(140),Warehouse,0,0,0,0,,
Manufacturing,Work Order Operation,source_warehouse,Source Warehouse,Link,varchar(140),Warehouse,0,0,0,0,,
Manufacturing,Work Order Operation,is_subcontracted,Is Subcontracted,Check,smallint,,0,0,0,1,0,
Manufacturing,Work Order Operation,skip_material_transfer,Skip Material Transfer,Check,smallint,,0,0,0,1,0,
Manufacturing,Work Order Operation,backflush_from_wip_warehouse,Backflush Materials From WIP Warehouse,Check,smallint,,0,0,0,1,0,
Manufacturing,Work Order Operation,quality_inspection_required,Quality Inspection Required,Check,smallint,,0,0,0,0,0,
Manufacturing,Work Order Operation,pending_qty,Pending Qty,Float,"numeric(21,9)",,0,0,0,1,,
Manufacturing,Workstation,workstation_name,Workstation Name,Data,varchar(140),,1,1,0,0,,
Manufacturing,Workstation,description,Description,Text,text,,0,0,0,0,,
Manufacturing,Workstation,hour_rate,Net Hour Rate,Currency,"numeric(21,9)",,0,0,0,1,,
Manufacturing,Workstation,holiday_list,Holiday List,Link,varchar(140),Holiday List,0,0,0,0,,
Manufacturing,Workstation,production_capacity,Job Capacity,Int,integer,,1,0,0,0,1,
Manufacturing,Workstation,workstation_type,Workstation Type,Link,varchar(140),Workstation Type,0,0,0,0,,
Manufacturing,Workstation,plant_floor,Plant Floor,Link,varchar(140),Plant Floor,0,0,0,0,,
Manufacturing,Workstation,status,Status,Select,varchar(140),Production|Off|Idle|Problem|Maintenance|Setup,0,0,0,0,,
Manufacturing,Workstation,on_status_image,Active Status,Attach Image,text,,0,0,0,0,,
Manufacturing,Workstation,off_status_image,Inactive Status,Attach Image,text,,0,0,0,0,,
Manufacturing,Workstation,warehouse,Warehouse,Link,varchar(140),Warehouse,0,0,0,0,,
Manufacturing,Workstation,total_working_hours,Total Working Hours,Float,"numeric(21,9)",,0,0,0,0,,
Manufacturing,Workstation,disabled,Disabled,Check,smallint,,0,0,0,0,0,
Manufacturing,Workstation Cost,operating_cost,Operating Cost,Currency,"numeric(21,9)",,1,0,0,0,,
Manufacturing,Workstation Cost,operating_component,Operating Component,Link,varchar(140),Workstation Operating Component,1,0,0,0,,
Manufacturing,Workstation Operating Component,component_name,Component Name,Data,varchar(140),,1,1,0,0,,
Manufacturing,Workstation Operating Component Account,company,Company,Link,varchar(140),Company,1,0,0,0,,
Manufacturing,Workstation Operating Component Account,expense_account,Expense Account,Link,varchar(140),Account,0,0,0,0,,
Manufacturing,Workstation Type,workstation_type,Workstation Type,Data,varchar(140),,1,1,0,0,,
Manufacturing,Workstation Type,hour_rate,Net Hour Rate,Currency,"numeric(21,9)",,0,0,0,1,,
Manufacturing,Workstation Type,description,Description,Small Text,text,,0,0,0,0,,
Manufacturing,Workstation Working Hour,start_time,Start Time,Time,time(6),,1,0,0,0,,
Manufacturing,Workstation Working Hour,end_time,End Time,Time,time(6),,1,0,0,0,,
Manufacturing,Workstation Working Hour,enabled,Enabled,Check,smallint,,0,0,0,0,1,
Manufacturing,Workstation Working Hour,hours,Hours,Float,"numeric(21,9)",,0,0,0,1,,
Portal,Website Attribute,attribute,Attribute,Link,varchar(140),Item Attribute,1,0,0,0,,
Portal,Website Filter Field,fieldname,Fieldname,Autocomplete,varchar(140),,0,0,0,0,,
Projects,Activity Cost,activity_type,Activity Type,Link,varchar(140),Activity Type,1,0,0,0,,
Projects,Activity Cost,employee,Employee,Link,varchar(140),Employee,0,0,0,0,,
Projects,Activity Cost,employee_name,Employee Name,Data,varchar(140),,0,0,0,1,,
Projects,Activity Cost,department,Department,Link,varchar(140),Department,0,0,0,1,,employee.department
Projects,Activity Cost,billing_rate,Billing Rate,Currency,"numeric(21,9)",,0,0,0,0,0,
Projects,Activity Cost,costing_rate,Costing Rate,Currency,"numeric(21,9)",,0,0,0,0,0,
Projects,Activity Cost,title,title,Data,varchar(140),,0,0,0,1,,
Projects,Activity Type,activity_type,Activity Type,Data,varchar(140),,1,1,0,0,,
Projects,Activity Type,costing_rate,Default Costing Rate,Currency,"numeric(21,9)",,0,0,0,0,,
Projects,Activity Type,billing_rate,Default Billing Rate,Currency,"numeric(21,9)",,0,0,0,0,,
Projects,Activity Type,disabled,Disabled,Check,smallint,,0,0,0,0,0,
Projects,Dependent Task,task,Task,Link,varchar(140),Task,0,0,0,0,,
Projects,Project,project_name,Project Name,Data,varchar(140),,1,1,0,0,,
Projects,Project,status,Status,Select,varchar(140),Open|On hold|Completed|Cancelled,0,0,1,0,Open,
Projects,Project,project_type,Project Type,Link,varchar(140),Project Type,0,0,0,0,,
Projects,Project,is_active,Is Active,Select,varchar(140),Yes|No,0,0,0,0,,
Projects,Project,percent_complete_method,% Complete Method,Select,varchar(140),Manual|Task Completion|Task Progress|Task Weight,0,0,0,0,Task Completion,
Projects,Project,percent_complete,% Completed,Percent,"numeric(21,9)",,0,0,0,0,,
Projects,Project,project_template,From Template,Link,varchar(140),Project Template,0,0,0,0,,
Projects,Project,expected_start_date,Expected Start Date,Date,date,,0,0,0,0,,
Projects,Project,expected_end_date,Expected End Date,Date,date,,0,0,0,0,,
Projects,Project,priority,Priority,Select,varchar(140),Medium|Low|High,0,0,0,0,,
Projects,Project,department,Department,Link,varchar(140),Department,0,0,0,0,,
Projects,Project,customer,Customer,Link,varchar(140),Customer,0,0,1,0,,
Projects,Project,sales_order,Sales Order,Link,varchar(140),Sales Order,0,0,0,0,,
Projects,Project,copied_from,Copied From,Data,varchar(140),,0,0,0,1,,
Projects,Project,notes,Notes,Text Editor,text,,0,0,0,0,,
Projects,Project,actual_start_date,Actual Start Date (via Timesheet),Date,date,,0,0,0,1,,
Projects,Project,actual_time,Actual Time in Hours (via Timesheet),Float,"numeric(21,9)",,0,0,0,1,,
Projects,Project,actual_end_date,Actual End Date (via Timesheet),Date,date,,0,0,0,1,,
Projects,Project,estimated_costing,Estimated Cost,Currency,"numeric(21,9)",Company:company:default_currency,0,0,0,0,,
Projects,Project,total_costing_amount,Total Costing Amount (via Timesheet),Currency,"numeric(21,9)",,0,0,0,1,,
Projects,Project,total_purchase_cost,Total Purchase Cost (via Purchase Invoice),Currency,"numeric(21,9)",,0,0,0,1,,
Projects,Project,company,Company,Link,varchar(140),Company,1,0,0,0,,
Projects,Project,total_sales_amount,Total Sales Amount (via Sales Order),Currency,"numeric(21,9)",,0,0,0,1,,
Projects,Project,total_billable_amount,Total Billable Amount (via Timesheet),Currency,"numeric(21,9)",,0,0,0,1,,
Projects,Project,total_billed_amount,Total Billed Amount (via Sales Invoice),Currency,"numeric(21,9)",,0,0,0,1,,
Projects,Project,total_consumed_material_cost,Total Consumed Material Cost (via Stock Entry),Currency,"numeric(21,9)",,0,0,0,1,,
Projects,Project,cost_center,Default Cost Center,Link,varchar(140),Cost Center,0,0,0,0,,
Projects,Project,gross_margin,Gross Margin,Currency,"numeric(21,9)",Company:company:default_currency,0,0,0,1,,
Projects,Project,per_gross_margin,Gross Margin %,Percent,"numeric(21,9)",,0,0,0,1,,
Projects,Project,collect_progress,Collect Progress,Check,smallint,,0,0,1,0,0,
Projects,Project,holiday_list,Holiday List,Link,varchar(140),Holiday List,0,0,0,0,,
Projects,Project,frequency,Frequency To Collect Progress,Select,varchar(140),Hourly|Twice Daily|Daily|Weekly,0,0,0,0,,
Projects,Project,from_time,From Time,Time,time(6),,0,0,0,0,,
Projects,Project,to_time,To Time,Time,time(6),,0,0,0,0,,
Projects,Project,first_email,First Email,Time,time(6),,0,0,0,0,,
Projects,Project,second_email,Second Email,Time,time(6),,0,0,0,0,,
Projects,Project,daily_time_to_send,Daily Time to send,Time,time(6),,0,0,0,0,,
Projects,Project,day_to_send,Day to Send,Select,varchar(140),Monday|Tuesday|Wednesday|Thursday|Friday|Saturday|Sunday,0,0,0,0,,
Projects,Project,weekly_time_to_send,Weekly Time to send,Time,time(6),,0,0,0,0,,
Projects,Project,message,Message,Text,text,,0,0,0,0,,
Projects,Project,naming_series,Series,Select,varchar(140),PROJ-.####,1,0,0,0,,
Projects,Project,subject,Subject,Data,varchar(140),,0,0,0,0,,
Projects,Project Template,project_type,Project Type,Link,varchar(140),Project Type,0,0,0,0,,
Projects,Project Template,disabled,Disabled,Check,smallint,,0,0,0,0,0,
Projects,Project Template Task,task,Task,Link,varchar(140),Task,1,0,0,0,,
Projects,Project Template Task,subject,Subject,Read Only,varchar(140),,0,0,0,0,,task.subject
Projects,Project Type,project_type,Project Type,Data,varchar(140),,1,1,0,0,,
Projects,Project Type,description,Description,Text,text,,0,0,0,0,,
Projects,Project Update,naming_series,Series,Data,varchar(140),PROJ-UPD-.YYYY.-,0,0,0,0,,
Projects,Project Update,project,Project,Link,varchar(140),Project,1,0,0,0,,
Projects,Project Update,sent,Sent,Check,smallint,,0,0,0,1,0,
Projects,Project Update,date,Date,Date,date,,0,0,1,1,,
Projects,Project Update,time,Time,Time,time(6),,0,0,0,1,,
Projects,Project Update,amended_from,Amended From,Link,varchar(140),Project Update,0,0,0,1,,
Projects,Project User,user,User,Link,varchar(140),User,1,0,1,0,,
Projects,Project User,email,Email,Read Only,varchar(140),,0,0,0,0,,user.email
Projects,Project User,image,Image,Read Only,varchar(140),,0,0,0,0,,user.user_image
Projects,Project User,full_name,Full Name,Read Only,varchar(140),,0,0,0,0,,user.full_name
Projects,Project User,welcome_email_sent,Welcome email sent,Check,smallint,,0,0,0,0,0,
Projects,Project User,view_attachments,View attachments,Check,smallint,,0,0,0,0,0,
Projects,Project User,hide_timesheets,Hide timesheets,Check,smallint,,0,0,0,0,0,
Projects,Project User,project_status,Project Status,Text,text,,0,0,0,0,,
Projects,Projects Settings,ignore_workstation_time_overlap,Ignore Workstation Time Overlap,Check,smallint,,0,0,0,0,0,
Projects,Projects Settings,ignore_user_time_overlap,Ignore User Time Overlap,Check,smallint,,0,0,0,0,0,
Projects,Projects Settings,ignore_employee_time_overlap,Ignore Employee Time Overlap,Check,smallint,,0,0,0,0,0,
Projects,Projects Settings,fetch_timesheet_in_sales_invoice,Fetch Timesheet in Sales Invoice,Check,smallint,,0,0,0,0,0,
Projects,Task,subject,Subject,Data,varchar(140),,1,0,1,0,,
Projects,Task,project,Project,Link,varchar(140),Project,0,0,1,0,,
Projects,Task,issue,Issue,Link,varchar(140),Issue,0,0,0,0,,
Projects,Task,type,Type,Link,varchar(140),Task Type,0,0,0,0,,
Projects,Task,is_group,Is Group,Check,smallint,,0,0,0,0,0,
Projects,Task,status,Status,Select,varchar(140),Open|Working|Pending Review|Overdue|Template|Completed|Cancelled,0,0,0,0,,
Projects,Task,priority,Priority,Select,varchar(140),Low|Medium|High|Urgent,0,0,1,0,,
Projects,Task,color,Color,Color,varchar(140),,0,0,0,0,,
Projects,Task,parent_task,Parent Task,Link,varchar(140),Task,0,0,1,0,,
Projects,Task,exp_start_date,Expected Start Date,Datetime,timestamp,,0,0,0,0,,
Projects,Task,expected_time,Expected Time (in hours),Float,"numeric(21,9)",,0,0,0,0,0,
Projects,Task,task_weight,Weight,Float,"numeric(21,9)",,0,0,0,0,,type.weight
Projects,Task,exp_end_date,Expected End Date,Datetime,timestamp,,0,0,1,0,,
Projects,Task,progress,% Progress,Percent,"numeric(21,9)",,0,0,0,0,,
Projects,Task,is_milestone,Is Milestone,Check,smallint,,0,0,0,0,0,
Projects,Task,description,Task Description,Text Editor,text,,0,0,0,0,,
Projects,Task,depends_on_tasks,Depends on Tasks,Code,text,,0,0,0,1,,
Projects,Task,act_start_date,Actual Start Date (via Timesheet),Date,date,,0,0,0,1,,
Projects,Task,actual_time,Actual Time in Hours (via Timesheet),Float,"numeric(21,9)",,0,0,0,1,,
Projects,Task,act_end_date,Actual End Date (via Timesheet),Date,date,,0,0,0,1,,
Projects,Task,total_costing_amount,Total Costing Amount (via Timesheet),Currency,"numeric(21,9)",Company:company:default_currency,0,0,0,1,,
Projects,Task,total_billing_amount,Total Billable Amount (via Timesheet),Currency,"numeric(21,9)",,0,0,0,1,,
Projects,Task,review_date,Review Date,Date,date,,0,0,0,0,,
Projects,Task,closing_date,Closing Date,Date,date,,0,0,0,0,,
Projects,Task,department,Department,Link,varchar(140),Department,0,0,0,0,,
Projects,Task,company,Company,Link,varchar(140),Company,0,0,0,0,,project.company
Projects,Task,lft,lft,Int,integer,,0,0,0,1,,
Projects,Task,rgt,rgt,Int,integer,,0,0,0,1,,
Projects,Task,old_parent,Old Parent,Data,varchar(140),,0,0,0,1,,
Projects,Task,completed_by,Completed By,Link,varchar(140),User,0,0,0,0,,
Projects,Task,is_template,Is Template,Check,smallint,,0,0,0,0,0,
Projects,Task,start,Begin On (Days),Int,integer,,0,0,0,0,,
Projects,Task,duration,Duration (Days),Int,integer,,0,0,0,0,,
Projects,Task,completed_on,Completed On,Date,date,,0,0,0,0,,
Projects,Task,template_task,Template Task,Data,varchar(140),,0,0,0,0,,
Projects,Task Depends On,task,Task,Link,varchar(140),Task,0,0,0,0,,
Projects,Task Depends On,subject,Subject,Text,text,,0,0,0,1,,task.subject
Projects,Task Depends On,project,Project,Text,text,,0,0,0,1,,
Projects,Task Type,weight,Weight,Float,"numeric(21,9)",,0,0,0,0,,
Projects,Task Type,description,Description,Small Text,text,,0,0,0,0,,
Projects,Timesheet,title,Title,Data,varchar(140),,0,0,0,0,,
Projects,Timesheet,naming_series,Series,Select,varchar(140),TS-.YYYY.-,1,0,0,0,,
Projects,Timesheet,company,Company,Link,varchar(140),Company,0,0,0,0,,
Projects,Timesheet,sales_invoice,Sales Invoice,Link,varchar(140),Sales Invoice,0,0,0,1,,
Projects,Timesheet,status,Status,Select,varchar(140),Draft|Submitted|Partially Billed|Billed|Payslip|Completed|Cancelled,0,0,0,1,Draft,
Projects,Timesheet,employee,Employee,Link,varchar(140),Employee,0,0,0,0,,
Projects,Timesheet,employee_name,Employee Name,Data,varchar(140),,0,0,0,1,,employee.employee_name
Projects,Timesheet,department,Department,Link,varchar(140),Department,0,0,0,1,,employee.department
Projects,Timesheet,user,User,Link,varchar(140),User,0,0,0,1,,
Projects,Timesheet,start_date,Start Date,Date,date,,0,0,0,1,,
Projects,Timesheet,end_date,End Date,Date,date,,0,0,0,1,,
Projects,Timesheet,total_hours,Total Working Hours,Float,"numeric(21,9)",,0,0,0,1,0,
Projects,Timesheet,total_billable_hours,Total Billable Hours,Float,"numeric(21,9)",,0,0,0,1,,
Projects,Timesheet,total_billed_hours,Total Billed Hours,Float,"numeric(21,9)",,0,0,0,1,,
Projects,Timesheet,total_costing_amount,Total Costing Amount,Currency,"numeric(21,9)",currency,0,0,0,1,,
Projects,Timesheet,total_billable_amount,Total Billable Amount,Currency,"numeric(21,9)",currency,0,0,0,1,0,
Projects,Timesheet,total_billed_amount,Total Billed Amount,Currency,"numeric(21,9)",currency,0,0,0,1,,
Projects,Timesheet,per_billed,% Amount Billed,Percent,"numeric(21,9)",,0,0,0,1,,
Projects,Timesheet,note,Note,Text Editor,text,,0,0,0,0,,
Projects,Timesheet,amended_from,Amended From,Link,varchar(140),Timesheet,0,0,0,1,,
Projects,Timesheet,parent_project,Project,Link,varchar(140),Project,0,0,0,0,,
Projects,Timesheet,customer,Customer,Link,varchar(140),Customer,0,0,0,0,,
Projects,Timesheet,currency,Currency,Link,varchar(140),Currency,0,0,0,0,,customer.default_currency
Projects,Timesheet,base_total_costing_amount,Base Total Costing Amount,Currency,"numeric(21,9)",,0,0,0,1,,
Projects,Timesheet,base_total_billable_amount,Base Total Billable Amount,Currency,"numeric(21,9)",,0,0,0,1,,
Projects,Timesheet,base_total_billed_amount,Base Total Billed Amount,Currency,"numeric(21,9)",,0,0,0,1,,
Projects,Timesheet,exchange_rate,Exchange Rate,Float,"numeric(21,9)",,0,0,0,0,1,
Projects,Timesheet Detail,activity_type,Activity Type,Link,varchar(140),Activity Type,0,0,0,0,,
Projects,Timesheet Detail,from_time,From Time,Datetime,timestamp,,0,0,0,0,,
Projects,Timesheet Detail,expected_hours,Expected Hrs,Float,"numeric(21,9)",,0,0,0,0,,
Projects,Timesheet Detail,hours,Hrs,Float,"numeric(21,9)",,0,0,0,0,,
Projects,Timesheet Detail,to_time,To Time,Datetime,timestamp,,0,0,0,0,,
Projects,Timesheet Detail,completed,Completed,Check,smallint,,0,0,0,0,0,
Projects,Timesheet Detail,project,Project,Link,varchar(140),Project,0,0,0,0,,
Projects,Timesheet Detail,task,Task,Link,varchar(140),Task,0,0,0,0,,
Projects,Timesheet Detail,billing_hours,Billing Hours,Float,"numeric(21,9)",,0,0,0,0,,
Projects,Timesheet Detail,billing_rate,Billing Rate,Currency,"numeric(21,9)",currency,0,0,0,0,,
Projects,Timesheet Detail,billing_amount,Billing Amount,Currency,"numeric(21,9)",currency,0,0,0,1,0,
Projects,Timesheet Detail,costing_rate,Costing Rate,Currency,"numeric(21,9)",currency,0,0,0,0,,
Projects,Timesheet Detail,costing_amount,Costing Amount,Currency,"numeric(21,9)",currency,0,0,0,1,0,
Projects,Timesheet Detail,sales_invoice,Sales Invoice,Link,varchar(140),Sales Invoice,0,0,0,1,,
Projects,Timesheet Detail,is_billable,Is Billable,Check,smallint,,0,0,0,0,0,
Projects,Timesheet Detail,project_name,Project Name,Data,varchar(140),,0,0,0,1,,project.project_name
Projects,Timesheet Detail,description,Description,Small Text,text,,0,0,0,0,,
Projects,Timesheet Detail,base_billing_rate,Billing Rate,Currency,"numeric(21,9)",,0,0,0,1,,
Projects,Timesheet Detail,base_billing_amount,Billing Amount,Currency,"numeric(21,9)",,0,0,0,1,,
Projects,Timesheet Detail,base_costing_rate,Costing Rate,Currency,"numeric(21,9)",,0,0,0,1,,
Projects,Timesheet Detail,base_costing_amount,Costing Amount,Currency,"numeric(21,9)",,0,0,0,1,,
Quality Management,Non Conformance,subject,Subject,Data,varchar(140),,1,0,0,0,,
Quality Management,Non Conformance,procedure,Procedure,Link,varchar(140),Quality Procedure,1,0,0,0,,
Quality Management,Non Conformance,status,Status,Select,varchar(140),Open|Resolved|Cancelled,1,0,0,0,,
Quality Management,Non Conformance,details,Details,Text Editor,text,,0,0,0,0,,
Quality Management,Non Conformance,process_owner,Process Owner,Data,varchar(140),,0,0,0,1,,procedure.process_owner
Quality Management,Non Conformance,full_name,Full Name,Data,varchar(140),,0,0,0,1,,procedure.process_owner_full_name
Quality Management,Non Conformance,corrective_action,Corrective Action,Text Editor,text,,0,0,0,0,,
Quality Management,Non Conformance,preventive_action,Preventive Action,Text Editor,text,,0,0,0,0,,
Quality Management,Quality Action,goal,Goal,Link,varchar(140),Quality Goal,0,0,0,0,,review.goal
Quality Management,Quality Action,date,Date,Date,date,,0,0,0,1,Today,
Quality Management,Quality Action,procedure,Procedure,Link,varchar(140),Quality Procedure,0,0,0,0,,
Quality Management,Quality Action,status,Status,Select,varchar(140),Open|Completed,0,0,0,1,Open,
Quality Management,Quality Action,corrective_preventive,Corrective/Preventive,Select,varchar(140),Corrective|Preventive,1,0,0,0,Corrective,
Quality Management,Quality Action,review,Review,Link,varchar(140),Quality Review,0,0,0,0,,
Quality Management,Quality Action,feedback,Feedback,Link,varchar(140),Quality Feedback,0,0,0,0,,
Quality Management,Quality Action Resolution,problem,Problem,Long Text,text,,0,0,0,0,,
Quality Management,Quality Action Resolution,resolution,Resolution,Text Editor,text,,0,0,0,0,,
Quality Management,Quality Action Resolution,status,Status,Select,varchar(140),Open|Completed,0,0,0,0,,
Quality Management,Quality Action Resolution,responsible,Responsible,Link,varchar(140),User,0,0,0,0,,
Quality Management,Quality Action Resolution,completion_by,Completion By,Date,date,,0,0,0,0,,
Quality Management,Quality Feedback,template,Template,Link,varchar(140),Quality Feedback Template,1,0,0,0,,
Quality Management,Quality Feedback,document_type,Type,Select,varchar(140),User|Customer,1,0,0,0,,
Quality Management,Quality Feedback,document_name,Feedback By,Dynamic Link,varchar(140),document_type,1,0,0,0,,
Quality Management,Quality Feedback Parameter,parameter,Parameter,Data,varchar(140),,0,0,0,1,,
Quality Management,Quality Feedback Parameter,rating,Rating,Select,varchar(140),1|2|3|4|5,1,0,0,0,1,
Quality Management,Quality Feedback Parameter,feedback,Feedback,Text Editor,text,,0,0,0,0,,
Quality Management,Quality Feedback Template,template,Template Name,Data,varchar(140),,1,1,0,0,,
Quality Management,Quality Feedback Template Parameter,parameter,Parameter,Data,varchar(140),,0,0,0,0,,
Quality Management,Quality Goal,frequency,Monitoring Frequency,Select,varchar(140),None|Daily|Weekly|Monthly|Quarterly,0,0,0,0,None,
Quality Management,Quality Goal,procedure,Procedure,Link,varchar(140),Quality Procedure,0,0,0,0,,
Quality Management,Quality Goal,date,Date,Select,varchar(140),1|2|3|4|5|6|7|8|9|10|11|12|13|14|15|16|17|18|19|20|21|22|23|24|25|26|27|28|29|30,0,0,0,0,,
Quality Management,Quality Goal,weekday,Weekday,Select,varchar(140),Monday|Tuesday|Wednesday|Thursday|Friday|Saturday,0,0,0,0,,
Quality Management,Quality Goal,goal,Goal,Data,varchar(140),,1,1,0,0,,
Quality Management,Quality Goal Objective,objective,Objective,Text,text,,1,0,0,0,,
Quality Management,Quality Goal Objective,target,Target,Data,varchar(140),,0,0,0,0,,
Quality Management,Quality Goal Objective,uom,UOM,Link,varchar(140),UOM,0,0,0,0,,
Quality Management,Quality Meeting,status,Status,Select,varchar(140),Open|Closed,0,0,0,0,Open,
Quality Management,Quality Meeting Agenda,agenda,Agenda,Text Editor,text,,0,0,0,0,,
Quality Management,Quality Meeting Minutes,minute,Minute,Text Editor,text,,0,0,0,0,,
Quality Management,Quality Meeting Minutes,document_type,Document Type,Select,varchar(140),Quality Review|Quality Action|Quality Feedback,1,0,0,0,,
Quality Management,Quality Meeting Minutes,document_name,Document Name,Dynamic Link,varchar(140),document_type,0,0,0,0,,
Quality Management,Quality Procedure,parent_quality_procedure,Parent Procedure,Link,varchar(140),Quality Procedure,0,0,0,0,,
Quality Management,Quality Procedure,is_group,Is Group,Check,smallint,,0,0,0,1,0,
Quality Management,Quality Procedure,lft,Left Index,Int,integer,,0,0,0,1,,
Quality Management,Quality Procedure,rgt,Right Index,Int,integer,,0,0,0,1,,
Quality Management,Quality Procedure,old_parent,old_parent,Data,varchar(140),,0,0,0,1,,
Quality Management,Quality Procedure,quality_procedure_name,Quality Procedure,Data,varchar(140),,1,1,0,0,,
Quality Management,Quality Procedure,process_owner,Process Owner,Link,varchar(140),User,0,0,0,0,,
Quality Management,Quality Procedure,process_owner_full_name,Process Owner Full Name,Data,varchar(140),,0,0,0,0,,process_owner.full_name
Quality Management,Quality Procedure Process,process_description,Process Description,Text Editor,text,,0,0,0,0,,
Quality Management,Quality Procedure Process,procedure,Sub Procedure,Link,varchar(140),Quality Procedure,0,0,0,0,,
Quality Management,Quality Review,date,Date,Date,date,,0,0,0,1,Today,
Quality Management,Quality Review,procedure,Procedure,Link,varchar(140),Quality Procedure,0,0,0,1,,goal.procedure
Quality Management,Quality Review,additional_information,Additional Information,Text,text,,0,0,0,0,,
Quality Management,Quality Review,status,Status,Select,varchar(140),Open|Passed|Failed,0,0,0,1,Open,
Quality Management,Quality Review,goal,Goal,Link,varchar(140),Quality Goal,1,0,0,0,,
Quality Management,Quality Review Objective,objective,Objective,Text,text,,0,0,0,1,,
Quality Management,Quality Review Objective,target,Target,Data,varchar(140),,0,0,0,1,,
Quality Management,Quality Review Objective,uom,UOM,Link,varchar(140),UOM,0,0,0,1,,target_unit
Quality Management,Quality Review Objective,review,Review,Text Editor,text,,0,0,0,0,,
Quality Management,Quality Review Objective,status,Status,Select,varchar(140),Open|Passed|Failed,0,0,0,0,Open,
Regional,Import Supplier Invoice,company,Company,Link,varchar(140),Company,1,0,0,0,,
Regional,Import Supplier Invoice,item_code,Item Code,Link,varchar(140),Item,1,0,0,0,,
Regional,Import Supplier Invoice,supplier_group,Supplier Group,Link,varchar(140),Supplier Group,1,0,0,0,,
Regional,Import Supplier Invoice,tax_account,Tax Account,Link,varchar(140),Account,1,0,0,0,,
Regional,Import Supplier Invoice,zip_file,Zip File,Attach,text,,0,0,0,0,,
Regional,Import Supplier Invoice,status,Status,Data,varchar(140),,0,0,0,1,,
Regional,Import Supplier Invoice,invoice_series,Invoice Series,Select,varchar(140),ACC-PINV-.YYYY.-,1,0,0,0,,
Regional,Import Supplier Invoice,default_buying_price_list,Default Buying Price List,Link,varchar(140),Price List,1,0,0,0,,
Regional,Lower Deduction Certificate,certificate_no,Certificate No,Data,varchar(140),,1,1,0,0,,
Regional,Lower Deduction Certificate,supplier,Supplier,Link,varchar(140),Supplier,1,0,0,0,,
Regional,Lower Deduction Certificate,pan_no,PAN No,Data,varchar(140),,1,0,0,0,,supplier.pan
Regional,Lower Deduction Certificate,valid_upto,Valid Up To,Date,date,,1,0,0,0,,
Regional,Lower Deduction Certificate,rate,Rate Of TDS As Per Certificate,Percent,"numeric(21,9)",,1,0,0,0,,
Regional,Lower Deduction Certificate,certificate_limit,Certificate Limit,Currency,"numeric(21,9)",,1,0,0,0,,
Regional,Lower Deduction Certificate,valid_from,Valid From,Date,date,,1,0,0,0,,
Regional,Lower Deduction Certificate,fiscal_year,Fiscal Year,Link,varchar(140),Fiscal Year,1,0,0,0,,
Regional,Lower Deduction Certificate,tax_withholding_category,Tax Withholding Category,Link,varchar(140),Tax Withholding Category,1,0,0,0,,
Regional,Lower Deduction Certificate,company,Company,Link,varchar(140),Company,1,0,0,0,,
Regional,South Africa VAT Settings,company,Company,Link,varchar(140),Company,1,1,0,0,,
Regional,UAE VAT Account,account,Account,Link,varchar(140),Account,0,0,0,0,,
Regional,UAE VAT Settings,company,Company,Link,varchar(140),Company,1,1,0,0,,
Selling,Customer,naming_series,Series,Select,varchar(140),CUST-.YYYY.-,0,0,0,0,,
Selling,Customer,customer_name,Customer Name,Data,varchar(140),,1,0,1,0,,
Selling,Customer,gender,Gender,Link,varchar(140),Gender,0,0,0,0,,
Selling,Customer,customer_type,Customer Type,Select,varchar(140),Company|Individual|Partnership,1,0,0,0,Company,
Selling,Customer,default_bank_account,Company Bank Account,Link,varchar(140),Bank Account,0,0,0,0,,
Selling,Customer,lead_name,Lead,Link,varchar(140),Lead,0,0,0,1,,
Selling,Customer,image,Image,Attach Image,text,,0,0,0,0,,
Selling,Customer,account_manager,Account Manager,Link,varchar(140),User,0,0,0,0,,
Selling,Customer,customer_group,Customer Group,Link,varchar(140),Customer Group,0,0,1,0,,
Selling,Customer,territory,Territory,Link,varchar(140),Territory,0,0,0,0,,
Selling,Customer,tax_id,Tax ID,Data,varchar(140),,0,0,0,0,,
Selling,Customer,tax_category,Tax Category,Link,varchar(140),Tax Category,0,0,0,0,,
Selling,Customer,disabled,Disabled,Check,smallint,,0,0,0,0,0,
Selling,Customer,is_internal_customer,Is Internal Customer,Check,smallint,,0,0,0,0,0,
Selling,Customer,represents_company,Represents Company,Link,varchar(140),Company,0,1,0,0,,
Selling,Customer,default_currency,Billing Currency,Link,varchar(140),Currency,0,0,0,0,,
Selling,Customer,default_price_list,Price List,Link,varchar(140),Price List,0,0,0,0,,
Selling,Customer,language,Print Language,Link,varchar(140),Language,0,0,0,0,,
Selling,Customer,website,Website,Data,varchar(140),,0,0,0,0,,
Selling,Customer,customer_primary_contact,Customer Primary Contact,Link,varchar(140),Contact,0,0,0,0,,
Selling,Customer,mobile_no,Mobile No,Read Only,varchar(140),Mobile,0,0,0,0,,customer_primary_contact.mobile_no
Selling,Customer,email_id,Email Id,Read Only,varchar(140),Email,0,0,0,0,,customer_primary_contact.email_id
Selling,Customer,customer_primary_address,Customer Primary Address,Link,varchar(140),Address,0,0,0,0,,
Selling,Customer,primary_address,Primary Address,Text Editor,text,,0,0,0,1,,
Selling,Customer,payment_terms,Payment Terms Template,Link,varchar(140),Payment Terms Template,0,0,0,0,,
Selling,Customer,customer_details,Customer Details,Text,text,,0,0,0,0,,
Selling,Customer,market_segment,Market Segment,Link,varchar(140),Market Segment,0,0,0,0,,
Selling,Customer,industry,Industry,Link,varchar(140),Industry Type,0,0,0,0,,
Selling,Customer,is_frozen,Is Frozen,Check,smallint,,0,0,0,0,0,
Selling,Customer,loyalty_program,Loyalty Program,Link,varchar(140),Loyalty Program,0,0,0,0,,
Selling,Customer,loyalty_program_tier,Loyalty Program Tier,Data,varchar(140),,0,0,0,1,,
Selling,Customer,default_sales_partner,Sales Partner,Link,varchar(140),Sales Partner,0,0,0,0,,
Selling,Customer,default_commission_rate,Commission Rate,Float,"numeric(21,9)",,0,0,0,0,,
Selling,Customer,customer_pos_id,Customer POS ID,Data,varchar(140),,0,0,0,1,,
Selling,Customer,so_required,Allow sales invoice creation without sales order,Check,smallint,,0,0,0,0,0,
Selling,Customer,dn_required,Allow sales invoice creation without delivery note,Check,smallint,,0,0,0,0,0,
Selling,Customer,tax_withholding_category,Tax Withholding Category,Link,varchar(140),Tax Withholding Category,0,0,0,0,,
Selling,Customer,opportunity_name,Opportunity,Link,varchar(140),Opportunity,0,0,0,1,,
Selling,Customer,restrict_to_companies,Restrict to Companies,Check,smallint,,0,0,0,0,0,
Selling,Customer,prospect_name,Prospect,Link,varchar(140),Prospect,0,0,0,1,,
Selling,Customer,first_name,First Name,Read Only,varchar(140),,0,0,0,0,,customer_primary_contact.first_name
Selling,Customer,last_name,Last Name,Read Only,varchar(140),,0,0,0,0,,customer_primary_contact.last_name
Selling,Customer,tax_withholding_group,Tax Withholding Group,Link,varchar(140),Tax Withholding Group,0,0,0,0,,
Selling,Customer,alias,Alias,Data,varchar(140),,0,1,0,0,,
Selling,Customer Credit Limit,credit_limit,Credit Limit,Currency,"numeric(21,9)",,0,0,0,0,,
Selling,Customer Credit Limit,overdue_billing_threshold,Overdue Limit,Currency,"numeric(21,9)",,0,0,0,0,,
Selling,Customer Credit Limit,company,Company,Link,varchar(140),Company,0,0,0,0,,
Selling,Customer Credit Limit,bypass_credit_limit_check,Bypass credit limit check at sales order,Check,smallint,,0,0,0,0,0,
Selling,Delivery Schedule Item,item_code,Item Code,Link,varchar(140),Item,0,0,0,1,,
Selling,Delivery Schedule Item,qty,Qty,Float,"numeric(21,9)",,0,0,0,1,,
Selling,Delivery Schedule Item,conversion_factor,Conversion Factor,Float,"numeric(21,9)",,0,0,0,1,,
Selling,Delivery Schedule Item,stock_qty,Stock Qty,Float,"numeric(21,9)",,0,0,0,1,,
Selling,Delivery Schedule Item,delivery_date,Delivery Date,Date,date,,0,0,0,1,,
Selling,Delivery Schedule Item,sales_order,Sales Order,Link,varchar(140),Sales Order,0,0,1,1,,
Selling,Delivery Schedule Item,sales_order_item,Sales Order Item,Data,varchar(140),,0,0,1,1,,
Selling,Delivery Schedule Item,warehouse,Warehouse,Link,varchar(140),Warehouse,0,0,0,1,,
Selling,Delivery Schedule Item,uom,UOM,Link,varchar(140),UOM,0,0,0,1,,
Selling,Delivery Schedule Item,stock_uom,Stock UOM,Link,varchar(140),UOM,0,0,0,1,,
Selling,Industry Type,industry,Industry,Data,varchar(140),,1,1,0,0,,
Selling,Installation Note,naming_series,Series,Select,varchar(140),MAT-INS-.YYYY.-,1,0,0,0,,
Selling,Installation Note,customer,Customer,Link,varchar(140),Customer,1,0,1,0,,
Selling,Installation Note,customer_address,Customer Address,Link,varchar(140),Address,0,0,0,0,,
Selling,Installation Note,contact_person,Contact Person,Link,varchar(140),Contact,0,0,0,0,,
Selling,Installation Note,customer_name,Name,Data,varchar(140),,0,0,0,1,,
Selling,Installation Note,address_display,Address,Text Editor,text,,0,0,0,1,,
Selling,Installation Note,contact_display,Contact,Small Text,text,,0,0,0,1,,
Selling,Installation Note,contact_mobile,Mobile No,Small Text,text,Phone,0,0,0,1,,
Selling,Installation Note,contact_email,Contact Email,Data,varchar(140),Email,0,0,0,1,,
Selling,Installation Note,territory,Territory,Link,varchar(140),Territory,1,0,1,0,,
Selling,Installation Note,customer_group,Customer Group,Link,varchar(140),Customer Group,0,0,0,0,,
Selling,Installation Note,inst_date,Installation Date,Date,date,,1,0,1,0,,
Selling,Installation Note,inst_time,Installation Time,Time,time(6),,0,0,0,0,,
Selling,Installation Note,status,Status,Select,varchar(140),Draft|Submitted|Cancelled,1,0,0,1,Draft,
Selling,Installation Note,company,Company,Link,varchar(140),Company,1,0,0,0,,
Selling,Installation Note,amended_from,Amended From,Link,varchar(140),Installation Note,0,0,0,1,,
Selling,Installation Note,remarks,Remarks,Small Text,text,,0,0,0,0,,
Selling,Installation Note,project,Project,Link,varchar(140),Project,0,0,0,0,,
Selling,Installation Note Item,item_code,Item Code,Link,varchar(140),Item,1,0,0,0,,
Selling,Installation Note Item,serial_no,Serial No,Small Text,text,,0,0,0,0,,
Selling,Installation Note Item,qty,Installed Qty,Float,"numeric(21,9)",,1,0,0,0,,
Selling,Installation Note Item,description,Description,Text Editor,text,,0,0,0,1,,
Selling,Installation Note Item,prevdoc_detail_docname,Against Document Detail No,Data,varchar(140),,0,0,0,1,,
Selling,Installation Note Item,prevdoc_docname,Against Document No,Data,varchar(140),,0,0,1,1,,
Selling,Installation Note Item,prevdoc_doctype,Document Type,Data,varchar(140),,0,0,1,1,,
Selling,Installation Note Item,serial_and_batch_bundle,Serial and Batch Bundle,Link,varchar(140),Serial and Batch Bundle,0,0,0,0,,
Selling,Party Specific Item,party_type,Party Type,Select,varchar(140),Customer|Customer Group|Supplier|Supplier Group,1,0,0,0,,
Selling,Party Specific Item,party,Party Name,Dynamic Link,varchar(140),party_type,1,0,0,0,,
Selling,Party Specific Item,restrict_based_on,Restrict Items Based On,Select,varchar(140),Item|Item Group|Brand,1,0,0,0,,
Selling,Party Specific Item,based_on_value,Based On Value,Dynamic Link,varchar(140),restrict_based_on,1,0,0,0,,
Selling,Product Bundle,new_item_code,Parent Item,Link,varchar(140),Item,1,0,0,0,,
Selling,Product Bundle,description,Description,Data,varchar(140),,0,0,0,0,,
Selling,Product Bundle,is_active,Is Active,Check,smallint,,0,0,0,0,1,
Selling,Product Bundle,disabled,Disabled,Check,smallint,,0,0,0,0,0,
Selling,Product Bundle,amended_from,Amended From,Link,varchar(140),Product Bundle,0,0,0,1,,
Selling,Product Bundle Item,item_code,Item,Link,varchar(140),Item,1,0,0,0,,
Selling,Product Bundle Item,qty,Qty,Float,"numeric(21,9)",,1,0,0,0,,
Selling,Product Bundle Item,description,Description,Text Editor,text,,0,0,0,0,,item_code.description
Selling,Product Bundle Item,rate,Rate,Float,"numeric(21,9)",,0,0,0,0,,
Selling,Product Bundle Item,uom,UOM,Link,varchar(140),UOM,0,0,0,1,,item_code.stock_uom
Selling,Proforma Invoice,naming_series,Series,Select,varchar(140),PRO-.YYYY.-,1,0,0,0,,
Selling,Proforma Invoice,sales_order,Sales Order,Link,varchar(140),Sales Order,1,0,0,1,,
Selling,Proforma Invoice,customer,Customer,Link,varchar(140),Customer,0,0,0,1,,sales_order.customer
Selling,Proforma Invoice,customer_name,Customer Name,Data,varchar(140),,0,0,0,1,,customer.customer_name
Selling,Proforma Invoice,proforma_date,Date,Date,date,,1,0,0,0,Today,
Selling,Proforma Invoice,company,Company,Link,varchar(140),Company,1,0,0,1,,sales_order.company
Selling,Proforma Invoice,currency,Currency,Link,varchar(140),Currency,0,0,0,1,,sales_order.currency
Selling,Proforma Invoice,based_on,Based On,Select,varchar(140),Quantity|Amount,0,0,0,1,Quantity,
Selling,Proforma Invoice,hide_item_qty,Hide Item Quantity in Print,Check,smallint,,0,0,0,1,0,
Selling,Proforma Invoice,total_qty,Total Quantity,Float,"numeric(21,9)",,0,0,0,1,,
Selling,Proforma Invoice,grand_total,Grand Total,Currency,"numeric(21,9)",currency,0,0,0,1,,
Selling,Proforma Invoice,print_format,Print Format,Link,varchar(140),Print Format,0,0,0,1,,
Selling,Proforma Invoice,letter_head,Letter Head,Link,varchar(140),Letter Head,0,0,0,1,,
Selling,Proforma Invoice,proforma_pdf,Proforma PDF,Attach,text,,0,0,0,1,,
Selling,Proforma Invoice,status,Status,Select,varchar(140),Draft|Issued|Cancelled,0,0,0,1,Draft,
Selling,Proforma Invoice,sent_on,Sent On,Datetime,timestamp,,0,0,0,1,,
Selling,Proforma Invoice,emailed_to,Emailed To,Small Text,text,,0,0,0,1,,
Selling,Proforma Invoice,amended_from,Amended From,Link,varchar(140),Proforma Invoice,0,0,0,1,,
Selling,Proforma Invoice Item,item_code,Item Code,Link,varchar(140),Item,1,0,0,0,,
Selling,Proforma Invoice Item,item_name,Item Name,Data,varchar(140),,0,0,0,1,,item_code.item_name
Selling,Proforma Invoice Item,qty,Quantity,Float,"numeric(21,9)",,1,0,0,0,,
Selling,Proforma Invoice Item,uom,UOM,Link,varchar(140),UOM,0,0,0,1,,
Selling,Proforma Invoice Item,rate,Rate,Currency,"numeric(21,9)",,0,0,0,1,,
Selling,Proforma Invoice Item,amount,Amount,Currency,"numeric(21,9)",,0,0,0,1,,
Selling,Proforma Invoice Item,so_detail,Sales Order Item,Data,varchar(140),,0,0,0,1,,
Selling,Quotation,naming_series,Series,Select,varchar(140),SAL-QTN-.YYYY.-,1,0,0,0,,
Selling,Quotation,quotation_to,Quotation To,Link,varchar(140),DocType,1,0,0,0,Customer,
Selling,Quotation,party_name,Party,Dynamic Link,varchar(140),quotation_to,0,0,1,0,,
Selling,Quotation,customer_name,Customer Name,Data,varchar(140),,0,0,0,1,,
Selling,Quotation,amended_from,Amended From,Link,varchar(140),Quotation,0,0,0,1,,
Selling,Quotation,company,Company,Link,varchar(140),Company,1,0,0,0,,
Selling,Quotation,transaction_date,Date,Date,date,,1,0,1,0,Today,
Selling,Quotation,valid_till,Valid Till,Date,date,,0,0,0,0,,
Selling,Quotation,order_type,Order Type,Select,varchar(140),Sales|Maintenance|Shopping Cart,1,0,0,0,Sales,
Selling,Quotation,customer_address,Customer Address,Link,varchar(140),Address,0,0,0,0,,
Selling,Quotation,address_display,Address,Text Editor,text,,0,0,0,1,,
Selling,Quotation,contact_person,Contact Person,Link,varchar(140),Contact,0,0,0,0,,
Selling,Quotation,contact_display,Contact,Small Text,text,,0,0,0,1,,
Selling,Quotation,contact_mobile,Mobile No,Small Text,text,Phone,0,0,0,1,,
Selling,Quotation,contact_email,Contact Email,Data,varchar(140),Email,0,0,0,1,,
Selling,Quotation,shipping_address_name,Shipping Address,Link,varchar(140),Address,0,0,0,0,,
Selling,Quotation,shipping_address,Shipping Address,Text Editor,text,,0,0,0,1,,
Selling,Quotation,customer_group,Customer Group,Link,varchar(140),Customer Group,0,0,0,0,,
Selling,Quotation,territory,Territory,Link,varchar(140),Territory,0,0,0,0,,
Selling,Quotation,currency,Currency,Link,varchar(140),Currency,1,0,0,0,,
Selling,Quotation,conversion_rate,Exchange Rate,Float,"numeric(21,9)",,1,0,0,0,,
Selling,Quotation,selling_price_list,Price List,Link,varchar(140),Price List,1,0,0,0,,
Selling,Quotation,price_list_currency,Price List Currency,Link,varchar(140),Currency,1,0,0,1,,
Selling,Quotation,plc_conversion_rate,Price List Exchange Rate,Float,"numeric(21,9)",,1,0,0,0,,
Selling,Quotation,ignore_pricing_rule,Ignore Pricing Rule,Check,smallint,,0,0,0,0,0,
Selling,Quotation,total_qty,Total Quantity,Float,"numeric(21,9)",,0,0,0,1,,
Selling,Quotation,base_total,Total (Company Currency),Currency,"numeric(21,9)",Company:company:default_currency,0,0,0,1,,
Selling,Quotation,base_net_total,Net Total (Company Currency),Currency,"numeric(21,9)",Company:company:default_currency,0,0,0,1,,
Selling,Quotation,total,Total,Currency,"numeric(21,9)",currency,0,0,0,1,,
Selling,Quotation,net_total,Net Total,Currency,"numeric(21,9)",currency,0,0,0,1,,
Selling,Quotation,total_net_weight,Total Net Weight,Float,"numeric(21,9)",,0,0,0,1,,
Selling,Quotation,tax_category,Tax Category,Link,varchar(140),Tax Category,0,0,0,0,,
Selling,Quotation,shipping_rule,Shipping Rule,Link,varchar(140),Shipping Rule,0,0,0,0,,
Selling,Quotation,taxes_and_charges,Sales Taxes and Charges Template,Link,varchar(140),Sales Taxes and Charges Template,0,0,0,0,,
Selling,Quotation,other_charges_calculation,Taxes and Charges Calculation,Text Editor,text,,0,0,0,1,,
Selling,Quotation,base_total_taxes_and_charges,Total Taxes and Charges (Company Currency),Currency,"numeric(21,9)",Company:company:default_currency,0,0,0,1,,
Selling,Quotation,total_taxes_and_charges,Total Taxes and Charges,Currency,"numeric(21,9)",currency,0,0,0,1,,
Selling,Quotation,coupon_code,Coupon Code,Link,varchar(140),Coupon Code,0,0,0,0,,
Selling,Quotation,referral_sales_partner,Referral Sales Partner,Link,varchar(140),Sales Partner,0,0,0,0,,
Selling,Quotation,apply_discount_on,Apply Additional Discount On,Select,varchar(140),Grand Total|Net Total,0,0,0,0,Grand Total,
Selling,Quotation,base_discount_amount,Additional Discount Amount (Company Currency),Currency,"numeric(21,9)",Company:company:default_currency,0,0,0,1,,
Selling,Quotation,additional_discount_percentage,Additional Discount Percentage,Float,"numeric(21,9)",,0,0,0,0,,
Selling,Quotation,discount_amount,Additional Discount Amount,Currency,"numeric(21,9)",currency,0,0,0,0,,
Selling,Quotation,base_grand_total,Grand Total,Currency,"numeric(21,9)",Company:company:default_currency,0,0,0,1,,
Selling,Quotation,base_rounding_adjustment,Rounding Adjustment,Currency,"numeric(21,9)",Company:company:default_currency,0,0,0,1,,
Selling,Quotation,base_in_words,In Words,Data,varchar(140),,0,0,0,1,,
Selling,Quotation,base_rounded_total,Rounded Total,Currency,"numeric(21,9)",Company:company:default_currency,0,0,0,1,,
Selling,Quotation,grand_total,Grand Total,Currency,"numeric(21,9)",currency,0,0,0,1,,
Selling,Quotation,rounding_adjustment,Rounding Adjustment,Currency,"numeric(21,9)",currency,0,0,0,1,,
Selling,Quotation,rounded_total,Rounded Total,Currency,"numeric(21,9)",currency,0,0,0,1,,
Selling,Quotation,in_words,In Words,Data,varchar(140),,0,0,0,1,,
Selling,Quotation,payment_terms_template,Payment Terms Template,Link,varchar(140),Payment Terms Template,0,0,0,0,,
Selling,Quotation,tc_name,Terms,Link,varchar(140),Terms and Conditions,0,0,0,0,,
Selling,Quotation,terms,Term Details,Text Editor,text,,0,0,0,0,,
Selling,Quotation,letter_head,Letter Head,Link,varchar(140),Letter Head,0,0,0,0,,
Selling,Quotation,group_same_items,Group same items,Check,smallint,,0,0,0,0,0,
Selling,Quotation,select_print_heading,Print Heading,Link,varchar(140),Print Heading,0,0,0,0,,
Selling,Quotation,language,Print Language,Link,varchar(140),Language,0,0,0,1,,
Selling,Quotation,auto_repeat,Auto Repeat,Link,varchar(140),Auto Repeat,0,0,0,1,,
Selling,Quotation,order_lost_reason,Detailed Reason,Small Text,text,,0,0,0,0,,
Selling,Quotation,status,Status,Select,varchar(140),Draft|Open|Replied|Partially Ordered|Ordered|Lost|Cancelled|Expired,1,0,0,1,Draft,
Selling,Quotation,enq_det,Opportunity Item,Text,text,,0,0,0,1,,
Selling,Quotation,supplier_quotation,Supplier Quotation,Link,varchar(140),Supplier Quotation,0,0,0,0,,
Selling,Quotation,opportunity,Opportunity,Link,varchar(140),Opportunity,0,0,0,1,,
Selling,Quotation,company_address,Company Address Name,Link,varchar(140),Address,0,0,0,0,,
Selling,Quotation,company_address_display,Company Address,Text Editor,text,,0,0,0,1,,
Selling,Quotation,scan_barcode,Scan Barcode,Data,varchar(140),Barcode,0,0,0,0,,
Selling,Quotation,incoterm,Incoterm,Link,varchar(140),Incoterm,0,0,0,0,,
Selling,Quotation,named_place,Named Place,Data,varchar(140),,0,0,0,0,,
Selling,Quotation,utm_campaign,Campaign,Link,varchar(140),UTM Campaign,0,0,0,0,,
Selling,Quotation,utm_source,Source,Link,varchar(140),UTM Source,0,0,0,0,,
Selling,Quotation,utm_medium,Medium,Link,varchar(140),UTM Medium,0,0,0,0,,
Selling,Quotation,utm_content,Content,Data,varchar(140),,0,0,0,0,,
Selling,Quotation,disable_rounded_total,Disable Rounded Total,Check,smallint,,0,0,0,0,0,
Selling,Quotation,company_contact_person,Company Contact Person,Link,varchar(140),Contact,0,0,0,0,,
Selling,Quotation,has_unit_price_items,Has Unit Price Items,Check,smallint,,0,0,0,0,0,
Selling,Quotation,title,Title,Data,varchar(140),,0,0,0,0,,
Selling,Quotation Item,item_code,Item Code,Link,varchar(140),Item,0,0,1,0,,
Selling,Quotation Item,is_product_bundle,Is Product Bundle,Check,smallint,,0,0,0,1,0,
Selling,Quotation Item,product_bundle,Product Bundle,Link,varchar(140),Product Bundle,0,0,0,0,,
Selling,Quotation Item,customer_item_code,Customer's Item Code,Data,varchar(140),,0,0,0,1,,
Selling,Quotation Item,item_name,Item Name,Data,varchar(140),,1,0,0,0,,
Selling,Quotation Item,description,Description,Text Editor,text,,0,0,0,0,,
Selling,Quotation Item,image,Image,Attach,text,,0,0,0,0,,item_code.image
Selling,Quotation Item,qty,Quantity,Float,"numeric(21,9)",,1,0,0,0,,
Selling,Quotation Item,stock_uom,Stock UOM,Link,varchar(140),UOM,0,0,0,1,,
Selling,Quotation Item,uom,UOM,Link,varchar(140),UOM,1,0,0,0,,
Selling,Quotation Item,conversion_factor,UOM Conversion Factor,Float,"numeric(21,9)",,1,0,0,1,,
Selling,Quotation Item,stock_qty,Qty as per Stock UOM,Float,"numeric(21,9)",,0,0,0,1,,
Selling,Quotation Item,price_list_rate,Price List Rate,Currency,"numeric(21,9)",currency,0,0,0,1,,
Selling,Quotation Item,base_price_list_rate,Price List Rate (Company Currency),Currency,"numeric(21,9)",Company:company:default_currency,0,0,0,1,,
Selling,Quotation Item,margin_type,Margin Type,Select,varchar(140),Percentage|Amount,0,0,0,0,,
Selling,Quotation Item,margin_rate_or_amount,Margin Rate or Amount,Float,"numeric(21,9)",,0,0,0,0,,
Selling,Quotation Item,rate_with_margin,Rate With Margin,Currency,"numeric(21,9)",currency,0,0,0,1,,
Selling,Quotation Item,discount_percentage,Discount (%) on Price List Rate with Margin,Percent,"numeric(21,9)",,0,0,0,0,,
Selling,Quotation Item,discount_amount,Discount Amount,Currency,"numeric(21,9)",currency,0,0,0,0,,
Selling,Quotation Item,base_rate_with_margin,Rate With Margin (Company Currency),Currency,"numeric(21,9)",Company:company:default_currency,0,0,0,1,,
Selling,Quotation Item,rate,Rate,Currency,"numeric(21,9)",currency,0,0,0,0,,
Selling,Quotation Item,net_rate,Net Rate,Currency,"numeric(21,9)",currency,0,0,0,1,,
Selling,Quotation Item,amount,Amount,Currency,"numeric(21,9)",currency,0,0,0,1,,
Selling,Quotation Item,net_amount,Net Amount,Currency,"numeric(21,9)",currency,0,0,0,1,,
Selling,Quotation Item,base_rate,Rate (Company Currency),Currency,"numeric(21,9)",Company:company:default_currency,0,0,0,1,,
Selling,Quotation Item,base_net_rate,Net Rate (Company Currency),Currency,"numeric(21,9)",Company:company:default_currency,0,0,0,1,,
Selling,Quotation Item,base_amount,Amount (Company Currency),Currency,"numeric(21,9)",Company:company:default_currency,0,0,0,1,,
Selling,Quotation Item,base_net_amount,Net Amount (Company Currency),Currency,"numeric(21,9)",Company:company:default_currency,0,0,0,1,,
Selling,Quotation Item,pricing_rules,Pricing Rules,Small Text,text,,0,0,0,1,,
Selling,Quotation Item,is_free_item,Is Free Item,Check,smallint,,0,0,0,1,0,
Selling,Quotation Item,weight_per_unit,Weight Per Unit,Float,"numeric(21,9)",,0,0,0,1,,
Selling,Quotation Item,total_weight,Total Weight,Float,"numeric(21,9)",,0,0,0,1,,
Selling,Quotation Item,weight_uom,Weight UOM,Link,varchar(140),UOM,0,0,0,1,,
Selling,Quotation Item,warehouse,Warehouse,Link,varchar(140),Warehouse,0,0,0,0,,
Selling,Quotation Item,projected_qty,Projected Qty,Float,"numeric(21,9)",,0,0,0,1,,
Selling,Quotation Item,actual_qty,Qty (Warehouse),Float,"numeric(21,9)",,0,0,0,1,,
Selling,Quotation Item,prevdoc_doctype,Against Doctype,Link,varchar(140),DocType,0,0,0,1,,
Selling,Quotation Item,prevdoc_docname,Against Docname,Dynamic Link,varchar(140),prevdoc_doctype,0,0,0,1,,
Selling,Quotation Item,item_tax_rate,Item Tax Rate,Code,text,,0,0,0,1,,
Selling,Quotation Item,item_tax_template,Item Tax Template,Link,varchar(140),Item Tax Template,0,0,0,0,,
Selling,Quotation Item,page_break,Page Break,Check,smallint,,0,0,0,0,0,
Selling,Quotation Item,item_group,Item Group,Link,varchar(140),Item Group,0,0,0,1,,
Selling,Quotation Item,brand,Brand,Link,varchar(140),Brand,0,0,0,1,,
Selling,Quotation Item,additional_notes,Additional Notes,Text,text,,0,0,0,0,,
Selling,Quotation Item,blanket_order,Blanket Order,Link,varchar(140),Blanket Order,0,0,0,0,,
Selling,Quotation Item,blanket_order_rate,Blanket Order Rate,Currency,"numeric(21,9)",,0,0,0,1,,
Selling,Quotation Item,against_blanket_order,Against Blanket Order,Check,smallint,,0,0,0,0,0,
Selling,Quotation Item,valuation_rate,Valuation Rate,Currency,"numeric(21,9)",Company:company:default_currency,0,0,0,1,,
Selling,Quotation Item,gross_profit,Gross Profit,Currency,"numeric(21,9)",Company:company:default_currency,0,0,0,1,,
Selling,Quotation Item,stock_uom_rate,Rate of Stock UOM,Currency,"numeric(21,9)",currency,0,0,0,1,,
Selling,Quotation Item,is_alternative,Is Alternative,Check,smallint,,0,0,0,0,0,
Selling,Quotation Item,has_alternative_item,Has Alternative Item,Check,smallint,,0,0,0,1,0,
Selling,Quotation Item,distributed_discount_amount,Distributed Discount Amount,Currency,"numeric(21,9)",currency,0,0,0,0,,
Selling,Quotation Item,company_total_stock,Qty (Company),Float,"numeric(21,9)",,0,0,0,1,,
Selling,Quotation Item,ordered_qty,Ordered Qty,Float,"numeric(21,9)",,1,0,0,1,0,
Selling,SMS Center,send_to,Send To,Select,varchar(140),All Contact|All Customer Contact|All Supplier Contact|All Sales Partner Contact|All Lead (Open)|All Employee (Active)|All Sales Person,0,0,0,0,,
Selling,SMS Center,customer,Customer,Link,varchar(140),Customer,0,0,0,0,,
Selling,SMS Center,supplier,Supplier,Link,varchar(140),Supplier,0,0,0,0,,
Selling,SMS Center,sales_partner,Sales Partner,Link,varchar(140),Sales Partner,0,0,0,0,,
Selling,SMS Center,department,Department,Link,varchar(140),Department,0,0,0,0,,
Selling,SMS Center,branch,Branch,Link,varchar(140),Branch,0,0,0,0,,
Selling,SMS Center,receiver_list,Receiver List,Code,text,,0,0,0,0,,
Selling,SMS Center,message,Message,Text,text,,1,0,0,0,,
Selling,SMS Center,total_characters,Total Characters,Int,integer,,0,0,0,1,,
Selling,SMS Center,total_messages,Total Message(s),Int,integer,,0,0,0,1,,
Selling,Sales Order,naming_series,Series,Select,varchar(140),SAL-ORD-.YYYY.-,1,0,0,0,,
Selling,Sales Order,customer,Customer,Link,varchar(140),Customer,1,0,1,0,,
Selling,Sales Order,customer_name,Customer Name,Data,varchar(140),,0,0,0,1,,customer.customer_name
Selling,Sales Order,order_type,Order Type,Select,varchar(140),Sales|Maintenance|Shopping Cart,1,0,0,0,Sales,
Selling,Sales Order,amended_from,Amended From,Link,varchar(140),Sales Order,0,0,0,1,,
Selling,Sales Order,company,Company,Link,varchar(140),Company,1,0,0,0,,
Selling,Sales Order,transaction_date,Date,Date,date,,1,0,1,0,Today,
Selling,Sales Order,delivery_date,Delivery Date,Date,date,,0,0,0,0,,
Selling,Sales Order,po_no,Customer's Purchase Order,Data,varchar(140),,0,0,0,0,,
Selling,Sales Order,po_date,Customer's Purchase Order Date,Date,date,,0,0,0,0,,
Selling,Sales Order,tax_id,Tax Id,Data,varchar(140),,0,0,0,1,,customer.tax_id
Selling,Sales Order,customer_address,Customer Address,Link,varchar(140),Address,0,0,0,0,,
Selling,Sales Order,address_display,Address,Text Editor,text,,0,0,0,1,,
Selling,Sales Order,contact_person,Contact Person,Link,varchar(140),Contact,0,0,0,0,,
Selling,Sales Order,contact_display,Contact,Small Text,text,,0,0,0,1,,
Selling,Sales Order,contact_mobile,Mobile No,Small Text,text,Phone,0,0,0,1,,
Selling,Sales Order,contact_email,Contact Email,Data,varchar(140),Email,0,0,0,1,,
Selling,Sales Order,company_address_display,Company Address,Text Editor,text,,0,0,0,1,,
Selling,Sales Order,company_address,Company Address Name,Link,varchar(140),Address,0,0,0,0,,
Selling,Sales Order,shipping_address_name,Shipping Address Name,Link,varchar(140),Address,0,0,0,0,,
Selling,Sales Order,shipping_address,Shipping Address,Text Editor,text,,0,0,0,1,,
Selling,Sales Order,customer_group,Customer Group,Link,varchar(140),Customer Group,0,0,0,0,,
Selling,Sales Order,territory,Territory,Link,varchar(140),Territory,0,0,0,0,,
Selling,Sales Order,currency,Currency,Link,varchar(140),Currency,1,0,0,0,,
Selling,Sales Order,conversion_rate,Exchange Rate,Float,"numeric(21,9)",,1,0,0,0,,
Selling,Sales Order,selling_price_list,Price List,Link,varchar(140),Price List,1,0,0,0,,
Selling,Sales Order,price_list_currency,Price List Currency,Link,varchar(140),Currency,1,0,0,1,,
Selling,Sales Order,plc_conversion_rate,Price List Exchange Rate,Float,"numeric(21,9)",,1,0,0,0,,
Selling,Sales Order,ignore_pricing_rule,Ignore Pricing Rule,Check,smallint,,0,0,0,0,0,
Selling,Sales Order,set_warehouse,Set Source Warehouse,Link,varchar(140),Warehouse,0,0,0,0,,
Selling,Sales Order,scan_barcode,Scan Barcode,Data,varchar(140),Barcode,0,0,0,0,,
Selling,Sales Order,total_qty,Total Quantity,Float,"numeric(21,9)",,0,0,0,1,,
Selling,Sales Order,base_total,Total (Company Currency),Currency,"numeric(21,9)",Company:company:default_currency,0,0,0,1,,
Selling,Sales Order,base_net_total,Net Total (Company Currency),Currency,"numeric(21,9)",Company:company:default_currency,0,0,0,1,,
Selling,Sales Order,total,Total,Currency,"numeric(21,9)",currency,0,0,0,1,,
Selling,Sales Order,net_total,Net Total,Currency,"numeric(21,9)",currency,0,0,0,1,,
Selling,Sales Order,total_net_weight,Total Net Weight,Float,"numeric(21,9)",,0,0,0,1,,
Selling,Sales Order,tax_category,Tax Category,Link,varchar(140),Tax Category,0,0,0,0,,
Selling,Sales Order,shipping_rule,Shipping Rule,Link,varchar(140),Shipping Rule,0,0,0,0,,
Selling,Sales Order,taxes_and_charges,Sales Taxes and Charges Template,Link,varchar(140),Sales Taxes and Charges Template,0,0,0,0,,
Selling,Sales Order,other_charges_calculation,Taxes and Charges Calculation,Text Editor,text,,0,0,0,1,,
Selling,Sales Order,base_total_taxes_and_charges,Total Taxes and Charges (Company Currency),Currency,"numeric(21,9)",Company:company:default_currency,0,0,0,1,,
Selling,Sales Order,total_taxes_and_charges,Total Taxes and Charges,Currency,"numeric(21,9)",currency,0,0,0,1,,
Selling,Sales Order,loyalty_points,Loyalty Points,Int,integer,,0,0,0,1,,
Selling,Sales Order,loyalty_amount,Loyalty Amount,Currency,"numeric(21,9)",Company:company:default_currency,0,0,0,1,,
Selling,Sales Order,coupon_code,Coupon Code,Link,varchar(140),Coupon Code,0,0,0,0,,
Selling,Sales Order,apply_discount_on,Apply Additional Discount On,Select,varchar(140),Grand Total|Net Total,0,0,0,0,Grand Total,
Selling,Sales Order,base_discount_amount,Additional Discount Amount,Currency,"numeric(21,9)",Company:company:default_currency,0,0,0,1,,
Selling,Sales Order,additional_discount_percentage,Additional Discount Percentage,Float,"numeric(21,9)",,0,0,0,0,,
Selling,Sales Order,discount_amount,Additional Discount Amount,Currency,"numeric(21,9)",currency,0,0,0,0,,
Selling,Sales Order,base_grand_total,Grand Total,Currency,"numeric(21,9)",Company:company:default_currency,0,0,0,1,,
Selling,Sales Order,base_rounding_adjustment,Rounding Adjustment,Currency,"numeric(21,9)",Company:company:default_currency,0,0,0,1,,
Selling,Sales Order,base_rounded_total,Rounded Total,Currency,"numeric(21,9)",Company:company:default_currency,0,0,0,1,,
Selling,Sales Order,base_in_words,In Words,Data,varchar(140),,0,0,0,1,,
Selling,Sales Order,grand_total,Grand Total,Currency,"numeric(21,9)",currency,0,0,0,1,,
Selling,Sales Order,rounding_adjustment,Rounding Adjustment,Currency,"numeric(21,9)",currency,0,0,0,1,,
Selling,Sales Order,rounded_total,Rounded Total,Currency,"numeric(21,9)",currency,0,0,0,1,,
Selling,Sales Order,in_words,In Words,Data,varchar(140),,0,0,0,1,,
Selling,Sales Order,advance_paid,Advance Paid,Currency,"numeric(21,9)",party_account_currency,0,0,0,1,,
Selling,Sales Order,payment_terms_template,Payment Terms Template,Link,varchar(140),Payment Terms Template,0,0,0,0,,
Selling,Sales Order,tc_name,Terms,Link,varchar(140),Terms and Conditions,0,0,0,0,,
Selling,Sales Order,terms,Terms and Conditions Details,Text Editor,text,,0,0,0,0,,
Selling,Sales Order,inter_company_order_reference,Inter Company Order Reference,Link,varchar(140),Purchase Order,0,0,1,1,,
Selling,Sales Order,project,Project,Link,varchar(140),Project,0,0,1,0,,
Selling,Sales Order,party_account_currency,Party Account Currency,Link,varchar(140),Currency,0,0,0,1,,
Selling,Sales Order,language,Print Language,Link,varchar(140),Language,0,0,0,1,,customer.language
Selling,Sales Order,letter_head,Letter Head,Link,varchar(140),Letter Head,0,0,0,0,,
Selling,Sales Order,select_print_heading,Print Heading,Link,varchar(140),Print Heading,0,0,0,0,,
Selling,Sales Order,group_same_items,Group same items,Check,smallint,,0,0,0,0,0,
Selling,Sales Order,status,Status,Select,varchar(140),Draft|On Hold|To Pay|To Deliver and Bill|To Bill|To Deliver|Completed|Cancelled|Closed,1,0,1,1,Draft,
Selling,Sales Order,delivery_status,Delivery Status,Select,varchar(140),Not Delivered|Fully Delivered|Partly Delivered|Closed|Not Applicable,0,0,0,0,,
Selling,Sales Order,per_delivered,%  Delivered,Percent,"numeric(21,9)",,0,0,0,1,,
Selling,Sales Order,per_billed,% Amount Billed,Percent,"numeric(21,9)",,0,0,0,1,,
Selling,Sales Order,billing_status,Billing Status,Select,varchar(140),Not Billed|Fully Billed|Partly Billed|Closed,0,0,0,0,,
Selling,Sales Order,sales_partner,Sales Partner,Link,varchar(140),Sales Partner,0,0,0,0,,
Selling,Sales Order,commission_rate,Commission Rate,Float,"numeric(21,9)",,0,0,0,0,,sales_partner.commission_rate
Selling,Sales Order,total_commission,Total Commission,Currency,"numeric(21,9)",Company:company:default_currency,0,0,0,0,,
Selling,Sales Order,from_date,From Date,Date,date,,0,0,0,0,,
Selling,Sales Order,to_date,To Date,Date,date,,0,0,0,0,,
Selling,Sales Order,auto_repeat,Auto Repeat,Link,varchar(140),Auto Repeat,0,0,0,0,,
Selling,Sales Order,contact_phone,Phone,Data,varchar(140),Phone,0,0,0,1,,
Selling,Sales Order,skip_delivery_note,Skip Delivery Note,Check,smallint,,0,0,0,0,0,
Selling,Sales Order,is_internal_customer,Is Internal Customer,Check,smallint,,0,0,0,1,0,customer.is_internal_customer
Selling,Sales Order,represents_company,Represents Company,Link,varchar(140),Company,0,0,0,1,,customer.represents_company
Selling,Sales Order,disable_rounded_total,Disable Rounded Total,Check,smallint,,0,0,0,0,0,
Selling,Sales Order,dispatch_address_name,Dispatch Address Name,Link,varchar(140),Address,0,0,0,0,,
Selling,Sales Order,dispatch_address,Dispatch Address,Text Editor,text,,0,0,0,1,,
Selling,Sales Order,amount_eligible_for_commission,Amount Eligible for Commission,Currency,"numeric(21,9)",Company:company:default_currency,0,0,0,1,,
Selling,Sales Order,per_picked,% Picked,Percent,"numeric(21,9)",,0,0,0,1,,
Selling,Sales Order,cost_center,Cost Center,Link,varchar(140),Cost Center,0,0,0,0,,
Selling,Sales Order,incoterm,Incoterm,Link,varchar(140),Incoterm,0,0,0,0,,
Selling,Sales Order,named_place,Named Place,Data,varchar(140),,0,0,0,0,,
Selling,Sales Order,reserve_stock,Reserve Stock,Check,smallint,,0,0,0,0,0,
Selling,Sales Order,advance_payment_status,Advance Payment Status,Select,varchar(140),Not Requested|Requested|Partially Paid|Fully Paid,0,0,0,0,,
Selling,Sales Order,utm_medium,Medium,Link,varchar(140),UTM Medium,0,0,0,0,,
Selling,Sales Order,utm_content,Content,Data,varchar(140),,0,0,0,0,,
Selling,Sales Order,utm_source,Source,Link,varchar(140),UTM Source,0,0,0,0,,
Selling,Sales Order,utm_campaign,Campaign,Link,varchar(140),UTM Campaign,0,0,0,0,,
Selling,Sales Order,company_contact_person,Company Contact Person,Link,varchar(140),Contact,0,0,0,0,,
Selling,Sales Order,has_unit_price_items,Has Unit Price Items,Check,smallint,,0,0,0,0,0,
Selling,Sales Order,is_subcontracted,Is Subcontracted,Check,smallint,,0,0,0,0,0,
Selling,Sales Order,transaction_time,Time,Time,time(6),,0,0,0,0,Now,
Selling,Sales Order,ignore_default_payment_terms_template,Ignore Default Payment Terms Template,Check,smallint,,0,0,0,1,0,
Selling,Sales Order,title,Title,Data,varchar(140),,0,0,0,0,,
Selling,Sales Order Item,item_code,Item Code,Link,varchar(140),Item,1,0,0,0,,
Selling,Sales Order Item,is_product_bundle,Is Product Bundle,Check,smallint,,0,0,0,1,0,
Selling,Sales Order Item,product_bundle,Product Bundle,Link,varchar(140),Product Bundle,0,0,0,0,,
Selling,Sales Order Item,customer_item_code,Customer's Item Code,Data,varchar(140),,0,0,0,1,,
Selling,Sales Order Item,ensure_delivery_based_on_produced_serial_no,Ensure Delivery Based on Produced Serial No,Check,smallint,,0,0,0,0,0,
Selling,Sales Order Item,item_name,Item Name,Data,varchar(140),,1,0,0,0,,
Selling,Sales Order Item,description,Description,Text Editor,text,,0,0,0,0,,
Selling,Sales Order Item,delivery_date,Delivery Date,Date,date,,0,0,0,0,,
Selling,Sales Order Item,image,Image,Attach,text,,0,0,0,0,,item_code.image
Selling,Sales Order Item,qty,Quantity,Float,"numeric(21,9)",,1,0,0,0,,
Selling,Sales Order Item,stock_uom,Stock UOM,Link,varchar(140),UOM,0,0,0,1,,
Selling,Sales Order Item,uom,UOM,Link,varchar(140),UOM,1,0,0,0,,
Selling,Sales Order Item,conversion_factor,UOM Conversion Factor,Float,"numeric(21,9)",,1,0,0,1,,
Selling,Sales Order Item,stock_qty,Qty as per Stock UOM,Float,"numeric(21,9)",,0,0,0,1,,
Selling,Sales Order Item,price_list_rate,Price List Rate,Currency,"numeric(21,9)",currency,0,0,0,1,,
Selling,Sales Order Item,base_price_list_rate,Price List Rate (Company Currency),Currency,"numeric(21,9)",Company:company:default_currency,0,0,0,1,,
Selling,Sales Order Item,margin_type,Margin Type,Select,varchar(140),Percentage|Amount,0,0,0,0,,
Selling,Sales Order Item,margin_rate_or_amount,Margin Rate or Amount,Float,"numeric(21,9)",,0,0,0,0,,
Selling,Sales Order Item,rate_with_margin,Rate With Margin,Currency,"numeric(21,9)",currency,0,0,0,1,,
Selling,Sales Order Item,discount_percentage,Discount (%) on Price List Rate with Margin,Percent,"numeric(21,9)",,0,0,0,0,,
Selling,Sales Order Item,discount_amount,Discount Amount,Currency,"numeric(21,9)",currency,0,0,0,0,,
Selling,Sales Order Item,base_rate_with_margin,Rate With Margin (Company Currency),Currency,"numeric(21,9)",Company:company:default_currency,0,0,0,1,,
Selling,Sales Order Item,rate,Rate,Currency,"numeric(21,9)",currency,0,0,0,0,,
Selling,Sales Order Item,amount,Amount,Currency,"numeric(21,9)",currency,0,0,0,1,,
Selling,Sales Order Item,base_rate,Basic Rate (Company Currency),Currency,"numeric(21,9)",Company:company:default_currency,0,0,0,1,,
Selling,Sales Order Item,base_amount,Amount (Company Currency),Currency,"numeric(21,9)",Company:company:default_currency,0,0,0,1,,
Selling,Sales Order Item,pricing_rules,Pricing Rules,Small Text,text,,0,0,0,1,,
Selling,Sales Order Item,is_free_item,Is Free Item,Check,smallint,,0,0,0,1,0,
Selling,Sales Order Item,net_rate,Net Rate,Currency,"numeric(21,9)",currency,0,0,0,1,,
Selling,Sales Order Item,net_amount,Net Amount,Currency,"numeric(21,9)",currency,0,0,0,1,,
Selling,Sales Order Item,base_net_rate,Net Rate (Company Currency),Currency,"numeric(21,9)",Company:company:default_currency,0,0,0,1,,
Selling,Sales Order Item,base_net_amount,Net Amount (Company Currency),Currency,"numeric(21,9)",Company:company:default_currency,0,0,0,1,,
Selling,Sales Order Item,delivered_by_supplier,Supplier delivers to Customer,Check,smallint,,0,0,0,0,0,
Selling,Sales Order Item,supplier,Supplier,Link,varchar(140),Supplier,0,0,0,0,,
Selling,Sales Order Item,weight_per_unit,Weight Per Unit,Float,"numeric(21,9)",,0,0,0,0,,
Selling,Sales Order Item,total_weight,Total Weight,Float,"numeric(21,9)",,0,0,0,1,,
Selling,Sales Order Item,weight_uom,Weight UOM,Link,varchar(140),UOM,0,0,0,0,,
Selling,Sales Order Item,warehouse,Source Warehouse,Link,varchar(140),Warehouse,0,0,0,0,,
Selling,Sales Order Item,target_warehouse,Customer Warehouse (Optional),Link,varchar(140),Warehouse,0,0,0,0,,
Selling,Sales Order Item,prevdoc_docname,Quotation,Link,varchar(140),Quotation,0,0,1,1,,
Selling,Sales Order Item,brand,Brand Name,Link,varchar(140),Brand,0,0,0,1,,
Selling,Sales Order Item,item_group,Item Group,Link,varchar(140),Item Group,0,0,0,1,,
Selling,Sales Order Item,billed_amt,Billed Amt,Currency,"numeric(21,9)",currency,0,0,0,1,,
Selling,Sales Order Item,valuation_rate,Valuation Rate,Currency,"numeric(21,9)",Company:company:default_currency,0,0,0,1,,
Selling,Sales Order Item,gross_profit,Gross Profit,Currency,"numeric(21,9)",Company:company:default_currency,0,0,0,1,,
Selling,Sales Order Item,blanket_order,Blanket Order,Link,varchar(140),Blanket Order,0,0,0,0,,
Selling,Sales Order Item,blanket_order_rate,Blanket Order Rate,Currency,"numeric(21,9)",,0,0,0,1,,
Selling,Sales Order Item,projected_qty,Projected Qty,Float,"numeric(21,9)",,0,0,0,1,,
Selling,Sales Order Item,actual_qty,Qty (Warehouse),Float,"numeric(21,9)",,0,0,0,1,,
Selling,Sales Order Item,ordered_qty,Ordered Qty,Float,"numeric(21,9)",,0,0,0,1,,
Selling,Sales Order Item,delivered_qty,Delivered Qty,Float,"numeric(21,9)",,0,0,0,1,,
Selling,Sales Order Item,work_order_qty,Work Order Qty,Float,"numeric(21,9)",,0,0,0,1,,
Selling,Sales Order Item,returned_qty,Returned Qty,Float,"numeric(21,9)",,0,0,0,1,,
Selling,Sales Order Item,item_tax_template,Item Tax Template,Link,varchar(140),Item Tax Template,0,0,0,0,,
Selling,Sales Order Item,page_break,Page Break,Check,smallint,,0,0,0,0,0,
Selling,Sales Order Item,planned_qty,Planned Quantity,Float,"numeric(21,9)",,0,0,0,1,,
Selling,Sales Order Item,produced_qty,Produced Quantity,Float,"numeric(21,9)",,0,0,0,1,,
Selling,Sales Order Item,item_tax_rate,Item Tax Rate,Code,text,,0,0,0,1,,
Selling,Sales Order Item,transaction_date,Sales Order Date,Date,date,,0,0,0,1,,
Selling,Sales Order Item,additional_notes,Additional Notes,Text,text,,0,0,0,0,,
Selling,Sales Order Item,against_blanket_order,Against Blanket Order,Check,smallint,,0,0,0,0,0,
Selling,Sales Order Item,bom_no,BOM No,Link,varchar(140),BOM,0,0,0,0,,
Selling,Sales Order Item,stock_uom_rate,Rate of Stock UOM,Currency,"numeric(21,9)",currency,0,0,0,1,,
Selling,Sales Order Item,grant_commission,Grant Commission,Check,smallint,,0,0,0,1,0,item_code.grant_commission
Selling,Sales Order Item,picked_qty,Picked Qty (in Stock UOM),Float,"numeric(21,9)",,0,0,0,1,,
Selling,Sales Order Item,purchase_order,Purchase Order,Link,varchar(140),Purchase Order,0,0,1,1,,
Selling,Sales Order Item,purchase_order_item,Purchase Order Item,Data,varchar(140),,0,0,0,1,,
Selling,Sales Order Item,quotation_item,quotation_item,Data,varchar(140),,0,0,0,1,,
Selling,Sales Order Item,material_request,Material Request,Link,varchar(140),Material Request,0,0,0,0,,
Selling,Sales Order Item,material_request_item,Material Request Item,Data,varchar(140),,0,0,0,0,,
Selling,Sales Order Item,reserve_stock,Reserve Stock,Check,smallint,,0,0,0,0,1,
Selling,Sales Order Item,stock_reserved_qty,Stock Reserved Qty (in Stock UOM),Float,"numeric(21,9)",,0,0,0,1,0,
Selling,Sales Order Item,production_plan_qty,Production Plan Qty,Float,"numeric(21,9)",,0,0,0,1,,
Selling,Sales Order Item,is_stock_item,Is Stock Item,Check,smallint,,0,0,0,0,0,item_code.is_stock_item
Selling,Sales Order Item,distributed_discount_amount,Distributed Discount Amount,Currency,"numeric(21,9)",currency,0,0,0,0,,
Selling,Sales Order Item,company_total_stock,Qty (Company),Float,"numeric(21,9)",,0,0,0,1,,
Selling,Sales Order Item,cost_center,Cost Center,Link,varchar(140),Cost Center,0,0,0,0,:Company,
Selling,Sales Order Item,project,Project,Link,varchar(140),Project,0,0,1,0,,
Selling,Sales Order Item,subcontracted_qty,Subcontracted Quantity,Float,"numeric(21,9)",,0,0,0,1,0,
Selling,Sales Order Item,fg_item,Finished Good,Link,varchar(140),Item,0,0,0,0,,
Selling,Sales Order Item,fg_item_qty,Finished Good Qty,Float,"numeric(21,9)",,0,0,0,0,,
Selling,Sales Order Item,requested_qty,Requested Qty,Float,"numeric(21,9)",,0,0,0,1,,
Selling,Sales Partner Type,sales_partner_type,Sales Partner Type,Data,varchar(140),,1,1,0,0,,
Selling,Sales Team,sales_person,Sales Person,Link,varchar(140),Sales Person,1,0,1,0,,
Selling,Sales Team,contact_no,Contact No.,Data,varchar(140),,0,0,0,0,,
Selling,Sales Team,allocated_percentage,Contribution (%),Float,"numeric(21,9)",,0,0,0,0,,
Selling,Sales Team,allocated_amount,Contribution to Net Total,Currency,"numeric(21,9)",Company:company:default_currency,0,0,0,1,,
Selling,Sales Team,commission_rate,Commission Rate,Percent,"numeric(21,9)",,0,0,0,1,,sales_person.commission_rate
Selling,Sales Team,incentives,Incentives,Currency,"numeric(21,9)",Company:company:default_currency,0,0,0,0,,
Selling,Selling Settings,cust_master_name,Customer Naming By,Select,varchar(140),Customer Name|Naming Series|Auto Name,0,0,0,0,Customer Name,
Selling,Selling Settings,customer_group,Default Customer Group,Link,varchar(140),Customer Group,0,0,0,0,,
Selling,Selling Settings,territory,Default Territory,Link,varchar(140),Territory,0,0,0,0,,
Selling,Selling Settings,selling_price_list,Default Price List,Link,varchar(140),Price List,0,0,0,0,,
Selling,Selling Settings,so_required,Is Sales Order required to create Sales Invoice/Delivery Note?,Select,varchar(140),No|Yes,0,0,0,0,,
Selling,Selling Settings,dn_required,Is Delivery Note required to create Sales Invoice?,Select,varchar(140),No|Yes,0,0,0,0,,
Selling,Selling Settings,sales_update_frequency,How often should sales data be updated in Company/Project?,Select,varchar(140),Monthly|Each Transaction|Daily,1,0,0,0,Daily,
Selling,Selling Settings,maintain_same_sales_rate,Maintain same rate throughout sales cycle,Check,smallint,,0,0,0,0,0,
Selling,Selling Settings,editable_price_list_rate,Allow editing Price List rate in transactions,Check,smallint,,0,0,0,0,0,
Selling,Selling Settings,allow_multiple_items,Allow same Item to be added multiple times in a transaction,Check,smallint,,0,0,0,0,0,
Selling,Selling Settings,allow_against_multiple_purchase_orders,Allow multiple Sales Orders against a customer's Purchase Order,Check,smallint,,0,0,0,0,0,
Selling,Selling Settings,validate_selling_price,Validate selling price for Item against purchase or valuation rate,Check,smallint,,0,0,0,0,0,
Selling,Selling Settings,hide_tax_id,Hide Customer's Tax ID from sales transactions,Check,smallint,,0,0,0,0,0,
Selling,Selling Settings,maintain_same_rate_action,Action if same rate is not maintained throughout sales cycle,Select,varchar(140),Stop|Warn,0,0,0,0,Stop,
Selling,Selling Settings,role_to_override_stop_action,Role allowed to override stop action,Link,varchar(140),Role,0,0,0,0,,
Selling,Selling Settings,editable_bundle_item_rates,Calculate Product Bundle price based on child Item's rates,Check,smallint,,0,0,0,0,0,
Selling,Selling Settings,enable_discount_accounting,Enable discount accounting for selling,Check,smallint,,0,0,0,0,0,
Selling,Selling Settings,allow_sales_order_creation_for_expired_quotation,Allow Sales Order creation for expired Quotation,Check,smallint,,0,0,0,0,0,
Selling,Selling Settings,dont_reserve_sales_order_qty_on_sales_return,Don't reserve Sales Order qty on sales return,Check,smallint,,0,0,0,0,0,
Selling,Selling Settings,allow_negative_rates_for_items,Allow negative rates for Items,Check,smallint,,0,0,0,0,0,
Selling,Selling Settings,blanket_order_allowance,Blanket Order Allowance (%),Float,"numeric(21,9)",,0,0,0,0,,
Selling,Selling Settings,enable_cutoff_date_on_bulk_delivery_note_creation,Enable cut-off date on creating bulk Delivery Notes,Check,smallint,,0,0,0,0,0,
Selling,Selling Settings,allow_zero_qty_in_sales_order,Allow Sales Order with zero quantity,Check,smallint,,0,0,0,0,0,
Selling,Selling Settings,allow_zero_qty_in_quotation,Allow Quotation with zero quantity,Check,smallint,,0,0,0,0,0,
Selling,Selling Settings,allow_delivery_of_overproduced_qty,Allow delivery of overproduced quantity,Check,smallint,,0,0,0,0,0,
Selling,Selling Settings,fallback_to_default_price_list,Use prices from Default Price List as fallback,Check,smallint,,0,0,0,0,0,
Selling,Selling Settings,use_legacy_js_reactivity,Use Legacy (Client side) Reactivity,Check,smallint,,0,0,0,0,0,
Selling,Selling Settings,set_zero_rate_for_expired_batch,Set incoming rate as zero for expired Batch,Check,smallint,,0,0,0,0,0,
Selling,Selling Settings,enable_tracking_sales_commissions,Enable tracking sales commissions,Check,smallint,,0,0,0,0,0,
Selling,Selling Settings,enable_utm,Enable UTM,Check,smallint,,0,0,0,0,0,
Selling,Selling Settings,deliver_secondary_items,Deliver secondary Items,Check,smallint,,0,0,0,0,0,
Selling,Selling Settings,enable_proforma_invoice,Enable Proforma Invoice,Check,smallint,,0,0,0,0,0,
Selling,Selling Settings,default_proforma_print_format,Default Proforma Print Format,Link,varchar(140),Print Format,0,0,0,0,,
Selling,Supplier Number At Customer,company,Company,Link,varchar(140),Company,0,0,0,0,,
Selling,Supplier Number At Customer,supplier_number,Supplier Number,Data,varchar(140),,0,0,0,0,,
Setup,Authorization Rule,transaction,Transaction,Select,varchar(140),Sales Order|Purchase Order|Quotation|Delivery Note|Sales Invoice|Purchase Invoice|Purchase Receipt,1,0,0,0,,
Setup,Authorization Rule,based_on,Based On,Select,varchar(140),Grand Total|Average Discount|Customerwise Discount|Itemwise Discount|Item Group wise Discount|Not Applicable,1,0,0,0,,
Setup,Authorization Rule,customer_or_item,Customer or Item,Select,varchar(140),Customer|Item|Item Group,0,0,0,1,,
Setup,Authorization Rule,master_name,Customer / Item / Item Group,Dynamic Link,varchar(140),customer_or_item,0,0,0,0,,
Setup,Authorization Rule,company,Company,Link,varchar(140),Company,0,0,0,0,,
Setup,Authorization Rule,value,Authorized Value,Float,"numeric(21,9)",,0,0,0,0,,
Setup,Authorization Rule,system_role,Applicable To (Role),Link,varchar(140),Role,0,0,0,0,,
Setup,Authorization Rule,to_emp,Applicable To (Employee),Link,varchar(140),Employee,0,0,0,0,,
Setup,Authorization Rule,system_user,Applicable To (User),Link,varchar(140),User,0,0,0,0,,
Setup,Authorization Rule,to_designation,Applicable To (Designation),Link,varchar(140),Designation,0,0,0,0,,
Setup,Authorization Rule,approving_role,Approving Role (above authorized value),Link,varchar(140),Role,0,0,0,0,,
Setup,Authorization Rule,approving_user,Approving User  (above authorized value),Link,varchar(140),User,0,0,0,0,,
Setup,Branch,branch,Branch,Data,varchar(140),,1,1,0,0,,
Setup,Brand,brand,Brand Name,Data,varchar(140),,1,1,0,0,,
Setup,Brand,description,Description,Text,text,,0,0,0,0,,
Setup,Brand,image,Image,Attach Image,text,,0,0,0,0,,
Setup,Company,company_name,Company,Data,varchar(140),,1,1,0,0,,
Setup,Company,abbr,Abbr,Data,varchar(140),,1,0,0,0,,
Setup,Company,is_group,Is Group,Check,smallint,,0,0,0,0,0,
Setup,Company,default_finance_book,Default Finance Book,Link,varchar(140),Finance Book,0,0,0,0,,
Setup,Company,domain,Domain,Data,varchar(140),,0,0,0,0,,
Setup,Company,parent_company,Parent Company,Link,varchar(140),Company,0,0,0,0,,
Setup,Company,company_logo,Company Logo,Attach Image,text,,0,0,0,0,,
Setup,Company,company_description,Company Description,Text Editor,text,,0,0,0,0,,
Setup,Company,sales_monthly_history,Sales Monthly History,Small Text,text,,0,0,0,1,,
Setup,Company,transactions_annual_history,Transactions Annual History,Code,text,,0,0,0,1,,
Setup,Company,monthly_sales_target,Monthly Sales Target,Currency,"numeric(21,9)",default_currency,0,0,0,0,,
Setup,Company,total_monthly_sales,Total Monthly Sales,Currency,"numeric(21,9)",default_currency,0,0,0,1,,
Setup,Company,default_currency,Default Currency,Link,varchar(140),Currency,1,0,0,0,,
Setup,Company,default_letter_head,Default Letter Head (DocType),Link,varchar(140),Letter Head,0,0,0,0,,
Setup,Company,default_holiday_list,Default Holiday List,Link,varchar(140),Holiday List,0,0,0,0,,
Setup,Company,default_warehouse_for_sales_return,Default Warehouse for Sales Return,Link,varchar(140),Warehouse,0,0,0,0,,
Setup,Company,country,Country,Link,varchar(140),Country,1,0,0,0,,
Setup,Company,create_chart_of_accounts_based_on,Create Chart Of Accounts Based On,Select,varchar(140),Standard Template|Existing Company,0,0,0,0,,
Setup,Company,chart_of_accounts,Chart Of Accounts Template,Select,varchar(140),,0,0,0,0,,
Setup,Company,existing_company,Existing Company ,Link,varchar(140),Company,0,0,0,0,,
Setup,Company,tax_id,Tax ID,Data,varchar(140),,0,0,0,0,,
Setup,Company,date_of_establishment,Date of Establishment,Date,date,,0,0,0,0,,
Setup,Company,default_bank_account,Default Bank Account,Link,varchar(140),Account,0,0,0,0,,
Setup,Company,default_cash_account,Default Cash Account,Link,varchar(140),Account,0,0,0,0,,
Setup,Company,default_receivable_account,Default Receivable Account,Link,varchar(140),Account,0,0,0,0,,
Setup,Company,round_off_account,Round Off Account,Link,varchar(140),Account,0,0,0,0,,
Setup,Company,round_off_cost_center,Round Off Cost Center,Link,varchar(140),Cost Center,0,0,0,0,,
Setup,Company,write_off_account,Write Off Account,Link,varchar(140),Account,0,0,0,0,,
Setup,Company,exchange_gain_loss_account,Exchange Gain / Loss Account,Link,varchar(140),Account,0,0,0,0,,
Setup,Company,unrealized_exchange_gain_loss_account,Unrealized Exchange Gain/Loss Account,Link,varchar(140),Account,0,0,0,0,,
Setup,Company,allow_account_creation_against_child_company,Allow Account Creation Against Child Company,Check,smallint,,0,0,0,0,0,
Setup,Company,default_payable_account,Default Payable Account,Link,varchar(140),Account,0,0,0,0,,
Setup,Company,default_expense_account,Default Cost of Goods Sold Account,Link,varchar(140),Account,0,0,0,0,,
Setup,Company,default_income_account,Default Income Account,Link,varchar(140),Account,0,0,0,0,,
Setup,Company,default_deferred_revenue_account,Default Deferred Revenue Account,Link,varchar(140),Account,0,0,0,0,,
Setup,Company,default_deferred_expense_account,Default Deferred Expense Account,Link,varchar(140),Account,0,0,0,0,,
Setup,Company,cost_center,Default Cost Center,Link,varchar(140),Cost Center,0,0,0,0,,
Setup,Company,credit_limit,Credit Limit,Currency,"numeric(21,9)",default_currency,0,0,0,0,,
Setup,Company,payment_terms,Default Payment Terms Template,Link,varchar(140),Payment Terms Template,0,0,0,0,,
Setup,Company,enable_perpetual_inventory,Enable Perpetual Inventory,Check,smallint,,0,0,0,0,1,
Setup,Company,default_inventory_account,Default Inventory Account,Link,varchar(140),Account,0,0,0,0,,
Setup,Company,stock_adjustment_account,Stock Adjustment Account,Link,varchar(140),Account,0,0,0,0,,
Setup,Company,default_purchase_price_variance_account,Default Purchase Price Variance Account,Link,varchar(140),Account,0,0,0,0,,
Setup,Company,default_manufacturing_variance_account,Default Manufacturing Variance Account,Link,varchar(140),Account,0,0,0,0,,
Setup,Company,stock_received_but_not_billed,Stock Received But Not Billed,Link,varchar(140),Account,0,0,0,0,,
Setup,Company,accumulated_depreciation_account,Accumulated Depreciation Account,Link,varchar(140),Account,0,0,0,0,,
Setup,Company,depreciation_expense_account,Depreciation Expense Account,Link,varchar(140),Account,0,0,0,0,,
Setup,Company,series_for_depreciation_entry,Series for Asset Depreciation Entry (Journal Entry),Data,varchar(140),,0,0,0,0,,
Setup,Company,disposal_account,Gain/Loss Account on Asset Disposal,Link,varchar(140),Account,0,0,0,0,,
Setup,Company,depreciation_cost_center,Asset Depreciation Cost Center,Link,varchar(140),Cost Center,0,0,0,0,,
Setup,Company,capital_work_in_progress_account,Capital Work In Progress Account,Link,varchar(140),Account,0,0,0,0,,
Setup,Company,asset_received_but_not_billed,Asset Received But Not Billed,Link,varchar(140),Account,0,0,0,0,,
Setup,Company,exception_budget_approver_role,Exception Budget Approver Role,Link,varchar(140),Role,0,0,0,0,,
Setup,Company,date_of_incorporation,Date of Incorporation,Date,date,,0,0,0,0,,
Setup,Company,date_of_commencement,Date of Commencement,Date,date,,0,0,0,0,,
Setup,Company,phone_no,Phone No,Data,varchar(140),Phone,0,0,0,0,,
Setup,Company,fax,Fax,Data,varchar(140),Phone,0,0,0,0,,
Setup,Company,email,Email,Data,varchar(140),Email,0,0,0,0,,
Setup,Company,website,Website,Data,varchar(140),,0,0,0,0,,
Setup,Company,registration_details,Registration Details,Code,text,,0,0,0,0,,
Setup,Company,lft,Lft,Int,integer,,0,0,1,1,,
Setup,Company,rgt,Rgt,Int,integer,,0,0,1,1,,
Setup,Company,old_parent,old_parent,Data,varchar(140),,0,0,0,1,,
Setup,Company,default_selling_terms,Default Selling Terms,Link,varchar(140),Terms and Conditions,0,0,0,0,,
Setup,Company,default_buying_terms,Default Buying Terms,Link,varchar(140),Terms and Conditions,0,0,0,0,,
Setup,Company,default_in_transit_warehouse,Default In-Transit Warehouse,Link,varchar(140),Warehouse,0,0,0,0,,
Setup,Company,default_warehouse,Default Warehouse,Link,varchar(140),Warehouse,0,0,0,0,,
Setup,Company,sample_retention_warehouse,Sample Retention Warehouse,Link,varchar(140),Warehouse,0,0,0,0,,
Setup,Company,unrealized_profit_loss_account,Unrealized Profit / Loss Account,Link,varchar(140),Account,0,0,0,0,,
Setup,Company,default_discount_account,Default Payment Discount Account,Link,varchar(140),Account,0,0,0,0,,
Setup,Company,enable_provisional_accounting_for_non_stock_items,Enable Provisional Accounting For Non Stock Items,Check,smallint,,0,0,0,0,0,
Setup,Company,default_provisional_account,Default Provisional Account,Link,varchar(140),Account,0,0,0,0,,
Setup,Company,default_advance_received_account,Default Advance Received Account,Link,varchar(140),Account,0,0,0,0,,
Setup,Company,default_advance_paid_account,Default Advance Paid Account,Link,varchar(140),Account,0,0,0,0,,
Setup,Company,book_advance_payments_in_separate_party_account,Book Advance Payments in Separate Party Account,Check,smallint,,0,0,0,0,0,
Setup,Company,auto_exchange_rate_revaluation,Auto Create Exchange Rate Revaluation,Check,smallint,,0,0,0,0,0,
Setup,Company,auto_err_frequency,Frequency,Select,varchar(140),Daily|Weekly|Monthly,0,0,0,0,,
Setup,Company,submit_err_jv,Submit ERR Journals?,Check,smallint,,0,0,0,0,0,
Setup,Company,reconcile_on_advance_payment_date,Reconcile on Advance Payment Date,Check,smallint,,0,0,0,0,0,
Setup,Company,default_operating_cost_account,Default Operating Cost Account,Link,varchar(140),Account,0,0,0,0,,
Setup,Company,round_off_for_opening,Round Off for Opening,Link,varchar(140),Account,0,0,0,0,,
Setup,Company,reconciliation_takes_effect_on,Reconciliation Takes Effect On,Select,varchar(140),Advance Payment Date|Oldest Of Invoice Or Advance|Reconciliation Date,0,0,0,0,Oldest Of Invoice Or Advance,
Setup,Company,reporting_currency,Reporting Currency,Link,varchar(140),Currency,0,0,0,1,,
Setup,Company,purchase_expense_account,Purchase Expense Account,Link,varchar(140),Account,0,0,0,0,,
Setup,Company,purchase_expense_contra_account,Purchase Expense Contra Account,Link,varchar(140),Account,0,0,0,0,,
Setup,Company,service_expense_account,Service Expense Account,Link,varchar(140),Account,0,0,0,0,,
Setup,Company,expenses_added_to_stock_account,Expenses Added To Stock Account,Link,varchar(140),Account,0,0,0,0,,
Setup,Company,expenses_added_to_stock_contra_account,Expenses Added To Stock Contra Account,Link,varchar(140),Account,0,0,0,0,,
Setup,Company,enable_item_wise_inventory_account,Enable Item-wise Inventory Account,Check,smallint,,0,0,0,0,0,
Setup,Company,valuation_method,Default Stock Valuation Method,Select,varchar(140),FIFO|Moving Average|LIFO,1,0,0,0,FIFO,
Setup,Company,default_wip_warehouse, Default Work In Progress Warehouse ,Link,varchar(140),Warehouse,0,0,0,0,,
Setup,Company,default_fg_warehouse,Default Finished Goods Warehouse,Link,varchar(140),Warehouse,0,0,0,0,,
Setup,Company,default_scrap_warehouse,Default Scrap Warehouse,Link,varchar(140),Warehouse,0,0,0,0,,
Setup,Company,default_sales_contact,Default Sales Contact,Link,varchar(140),Contact,0,0,0,0,,
Setup,Company,accounts_frozen_till_date,Accounts Frozen Till Date,Date,date,,0,0,0,0,,
Setup,Company,role_allowed_for_frozen_entries,Roles Allowed to Set and Edit Frozen Account Entries,Link,varchar(140),Role,0,0,0,0,,
Setup,Company,default_letter_head_report,Default Letter Head (Report),Link,varchar(140),Letter Head,0,0,0,0,,
Setup,Company,disable_sdbnb_in_sr,Disable Stock Delivered But Not Billed in Sales Return,Check,smallint,,0,0,0,0,0,
Setup,Company,stock_delivered_but_not_billed,Stock Delivered But Not Billed,Link,varchar(140),Account,0,0,0,0,,
Setup,Company,enable_stock_delivered_but_not_billed,Enable Stock Delivered But Not Billed,Check,smallint,,0,0,0,0,0,
Setup,Currency Exchange,date,Date,Date,date,,1,0,0,0,,
Setup,Currency Exchange,from_currency,From Currency,Link,varchar(140),Currency,1,0,0,0,,
Setup,Currency Exchange,to_currency,To Currency,Link,varchar(140),Currency,1,0,0,0,,
Setup,Currency Exchange,exchange_rate,Exchange Rate,Float,"numeric(21,9)",,1,0,0,0,,
Setup,Currency Exchange,for_buying,For Buying,Check,smallint,,0,0,0,0,1,
Setup,Currency Exchange,for_selling,For Selling,Check,smallint,,0,0,0,0,1,
Setup,Customer Group,customer_group_name,Customer Group Name,Data,varchar(140),,1,1,0,0,,
Setup,Customer Group,parent_customer_group,Parent Customer Group,Link,varchar(140),Customer Group,0,0,0,0,,
Setup,Customer Group,is_group,Is Group,Check,smallint,,0,0,0,0,0,
Setup,Customer Group,default_price_list,Default Price List,Link,varchar(140),Price List,0,0,0,0,,
Setup,Customer Group,payment_terms,Default Payment Terms Template,Link,varchar(140),Payment Terms Template,0,0,0,0,,
Setup,Customer Group,lft,lft,Int,integer,,0,0,1,0,,
Setup,Customer Group,rgt,rgt,Int,integer,,0,0,1,0,,
Setup,Customer Group,old_parent,old_parent,Link,varchar(140),Customer Group,0,0,0,0,,
Setup,Department,department_name,Department,Data,varchar(140),,1,0,0,0,,
Setup,Department,parent_department,Parent Department,Link,varchar(140),Department,0,0,0,0,,
Setup,Department,company,Company,Link,varchar(140),Company,1,0,0,0,,
Setup,Department,is_group,Is Group,Check,smallint,,0,0,0,0,0,
Setup,Department,disabled,Disabled,Check,smallint,,0,0,0,0,0,
Setup,Department,lft,lft,Int,integer,,0,0,0,1,,
Setup,Department,rgt,rgt,Int,integer,,0,0,0,1,,
Setup,Department,old_parent,Old Parent,Data,varchar(140),,0,0,0,0,,
Setup,Designation,designation_name,Designation,Data,varchar(140),,1,1,0,0,,
Setup,Designation,description,Description,Text,text,,0,0,0,0,,
Setup,Driver,naming_series,Series,Select,varchar(140),HR-DRI-.YYYY.-,0,0,0,0,,
Setup,Driver,full_name,Full Name,Data,varchar(140),,1,0,0,0,,
Setup,Driver,status,Status,Select,varchar(140),Active|Suspended|Left,1,0,0,0,,
Setup,Driver,transporter,Transporter,Link,varchar(140),Supplier,0,0,0,0,,
Setup,Driver,employee,Employee,Link,varchar(140),Employee,0,0,0,0,,
Setup,Driver,cell_number,Cellphone Number,Data,varchar(140),,0,0,0,0,,
Setup,Driver,license_number,License Number,Data,varchar(140),,0,0,0,0,,
Setup,Driver,issuing_date,Issuing Date,Date,date,,0,0,0,0,,
Setup,Driver,expiry_date,Expiry Date,Date,date,,0,0,0,0,,
Setup,Driver,address,Address,Link,varchar(140),Address,0,0,0,0,,
Setup,Driver,user,User,Link,varchar(140),User,0,0,0,0,,
Setup,Driving License Category,class,Driver licence class,Data,varchar(140),,0,0,0,0,,
Setup,Driving License Category,description,Description,Data,varchar(140),,0,0,0,0,,
Setup,Driving License Category,issuing_date,Issuing Date,Date,date,,0,0,0,0,,
Setup,Driving License Category,expiry_date,Expiry Date,Date,date,,0,0,0,0,,
Setup,Email Digest,enabled,Enabled,Check,smallint,,0,0,0,0,0,
Setup,Email Digest,company,For Company,Link,varchar(140),Company,1,0,0,0,,
Setup,Email Digest,frequency,How frequently?,Select,varchar(140),Daily|Weekly|Monthly,1,0,0,0,,
Setup,Email Digest,next_send,Next email will be sent on:,Data,varchar(140),,0,0,0,1,,
Setup,Email Digest,income,New Income,Check,smallint,,0,0,0,0,0,
Setup,Email Digest,expenses_booked,New Expenses,Check,smallint,,0,0,0,0,0,
Setup,Email Digest,income_year_to_date,Annual Income,Check,smallint,,0,0,0,0,0,
Setup,Email Digest,expense_year_to_date,Annual Expenses,Check,smallint,,0,0,0,0,0,
Setup,Email Digest,bank_balance,Bank Balance,Check,smallint,,0,0,0,0,0,
Setup,Email Digest,credit_balance,Bank Credit Balance,Check,smallint,,0,0,0,0,0,
Setup,Email Digest,invoiced_amount,Receivables,Check,smallint,,0,0,0,0,0,
Setup,Email Digest,payables,Payables,Check,smallint,,0,0,0,0,0,
Setup,Email Digest,sales_orders_to_bill,Sales Orders to Bill,Check,smallint,,0,0,0,0,0,
Setup,Email Digest,purchase_orders_to_bill,Purchase Orders to Bill,Check,smallint,,0,0,0,0,0,
Setup,Email Digest,sales_order,New Sales Orders,Check,smallint,,0,0,0,0,0,
Setup,Email Digest,purchase_order,New Purchase Orders,Check,smallint,,0,0,0,0,0,
Setup,Email Digest,sales_orders_to_deliver,Sales Orders to Deliver,Check,smallint,,0,0,0,0,0,
Setup,Email Digest,purchase_orders_to_receive,Purchase Orders to Receive,Check,smallint,,0,0,0,0,0,
Setup,Email Digest,sales_invoice,New Sales Invoice,Check,smallint,,0,0,0,0,0,
Setup,Email Digest,purchase_invoice,New Purchase Invoice,Check,smallint,,0,0,0,0,0,
Setup,Email Digest,new_quotations,New Quotations,Check,smallint,,0,0,0,0,0,
Setup,Email Digest,pending_quotations,Open Quotations,Check,smallint,,0,0,0,0,0,
Setup,Email Digest,issue,Open Issues,Check,smallint,,0,0,0,0,0,
Setup,Email Digest,project,Open Projects,Check,smallint,,0,0,0,0,0,
Setup,Email Digest,purchase_orders_items_overdue,Purchase Orders Items Overdue,Check,smallint,,0,0,0,0,0,
Setup,Email Digest,calendar_events,Upcoming Calendar Events,Check,smallint,,0,0,0,0,0,
Setup,Email Digest,todo_list,Open To Do,Check,smallint,,0,0,0,0,0,
Setup,Email Digest,notifications,Open Notifications,Check,smallint,,0,0,0,0,0,
Setup,Email Digest,add_quote,Add Quote,Check,smallint,,0,0,0,0,0,
Setup,Email Digest Recipient,recipient,Recipient,Link,varchar(140),User,1,0,0,0,,
Setup,Employee,employee,Employee,Data,varchar(140),,0,0,0,0,,
Setup,Employee,naming_series,Series,Select,varchar(140),HR-EMP-,0,0,0,0,,
Setup,Employee,salutation,Salutation,Link,varchar(140),Salutation,0,0,0,0,,
Setup,Employee,first_name,First Name,Data,varchar(140),,1,0,0,0,,
Setup,Employee,middle_name,Middle Name,Data,varchar(140),,0,0,0,0,,
Setup,Employee,last_name,Last Name,Data,varchar(140),,0,0,0,0,,
Setup,Employee,employee_name,Full Name,Data,varchar(140),,0,0,0,1,,
Setup,Employee,image,Image,Attach Image,text,,0,0,0,0,,
Setup,Employee,company,Company,Link,varchar(140),Company,1,0,0,0,,
Setup,Employee,status,Status,Select,varchar(140),Active|Inactive|Suspended|Left,1,0,1,0,Active,
Setup,Employee,employee_number,Employee Number,Data,varchar(140),,0,0,0,0,,
Setup,Employee,gender,Gender,Link,varchar(140),Gender,1,0,0,0,,
Setup,Employee,date_of_birth,Date of Birth,Date,date,,1,0,0,0,,
Setup,Employee,date_of_joining,Date of Joining,Date,date,,1,0,0,0,,
Setup,Employee,emergency_phone_number,Emergency Phone,Data,varchar(140),Phone,0,0,0,0,,
Setup,Employee,person_to_be_contacted,Emergency Contact Name,Data,varchar(140),,0,0,0,0,,
Setup,Employee,relation,Relation,Data,varchar(140),,0,0,0,0,,
Setup,Employee,user_id,User ID,Link,varchar(140),User,0,0,0,0,,
Setup,Employee,create_user_permission,Create User Permission,Check,smallint,,0,0,0,0,1,
Setup,Employee,create_user_automatically,Create User Automatically,Check,smallint,,0,0,0,0,0,
Setup,Employee,scheduled_confirmation_date,Offer Date,Date,date,,0,0,0,0,,
Setup,Employee,final_confirmation_date,Confirmation Date,Date,date,,0,0,0,0,,
Setup,Employee,contract_end_date,Contract End Date,Date,date,,0,0,0,0,,
Setup,Employee,notice_number_of_days,Notice (days),Int,integer,,0,0,0,0,,
Setup,Employee,date_of_retirement,Date Of Retirement,Date,date,,0,0,0,0,,
Setup,Employee,department,Department,Link,varchar(140),Department,0,0,0,0,,
Setup,Employee,designation,Designation,Link,varchar(140),Designation,0,0,1,0,,
Setup,Employee,reports_to,Reports to,Link,varchar(140),Employee,0,0,0,0,,
Setup,Employee,branch,Branch,Link,varchar(140),Branch,0,0,0,0,,
Setup,Employee,holiday_list,Holiday List,Link,varchar(140),Holiday List,0,0,0,0,,
Setup,Employee,salary_mode,Salary Mode,Select,varchar(140),Bank|Cash|Cheque,0,0,0,0,,
Setup,Employee,bank_name,Bank Name,Data,varchar(140),,0,0,0,0,,
Setup,Employee,bank_ac_no,Bank A/C No.,Data,varchar(140),,0,0,0,0,,
Setup,Employee,cell_number,Mobile,Data,varchar(140),Phone,0,0,0,0,,
Setup,Employee,prefered_contact_email,Preferred Contact Email,Select,varchar(140),Company Email|Personal Email|User ID,0,0,0,0,,
Setup,Employee,prefered_email,Preferred Email,Data,varchar(140),Email,0,0,0,1,,
Setup,Employee,company_email,Company Email,Data,varchar(140),Email,0,0,0,0,,
Setup,Employee,personal_email,Personal Email,Data,varchar(140),Email,0,0,0,0,,
Setup,Employee,unsubscribed,Unsubscribed,Check,smallint,,0,0,0,0,0,
Setup,Employee,permanent_accommodation_type,Permanent Address Is,Select,varchar(140),Rented|Owned,0,0,0,0,,
Setup,Employee,permanent_address,Permanent Address,Small Text,text,,0,0,0,0,,
Setup,Employee,current_accommodation_type,Current Address Is,Select,varchar(140),Rented|Owned,0,0,0,0,,
Setup,Employee,current_address,Current Address,Small Text,text,,0,0,0,0,,
Setup,Employee,bio,Bio / Cover Letter,Text Editor,text,,0,0,0,0,,
Setup,Employee,passport_number,Passport Number,Data,varchar(140),,0,0,0,0,,
Setup,Employee,date_of_issue,Date of Issue,Date,date,,0,0,0,0,,
Setup,Employee,valid_upto,Valid Up To,Date,date,,0,0,0,0,,
Setup,Employee,place_of_issue,Place of Issue,Data,varchar(140),,0,0,0,0,,
Setup,Employee,marital_status,Marital Status,Select,varchar(140),Single|Married|Divorced|Widowed,0,0,0,0,,
Setup,Employee,blood_group,Blood Group,Select,varchar(140),A+|A-|B+|B-|AB+|AB-|O+|O-,0,0,0,0,,
Setup,Employee,family_background,Family Background,Small Text,text,,0,0,0,0,,
Setup,Employee,health_details,Health Details,Small Text,text,,0,0,0,0,,
Setup,Employee,resignation_letter_date,Resignation Letter Date,Date,date,,0,0,0,0,,
Setup,Employee,relieving_date,Relieving Date,Date,date,,0,0,0,0,,
Setup,Employee,reason_for_leaving,Reason for Leaving,Small Text,text,,0,0,0,0,,
Setup,Employee,leave_encashed,Leave Encashed?,Select,varchar(140),Yes|No,0,0,0,0,,
Setup,Employee,encashment_date,Encashment Date,Date,date,,0,0,0,0,,
Setup,Employee,held_on,Exit Interview Held On,Date,date,,0,0,0,0,,
Setup,Employee,new_workplace,New Workplace,Data,varchar(140),,0,0,0,0,,
Setup,Employee,feedback,Feedback,Small Text,text,,0,0,0,0,,
Setup,Employee,lft,lft,Int,integer,,0,0,0,1,,
Setup,Employee,rgt,rgt,Int,integer,,0,0,0,1,,
Setup,Employee,old_parent,Old Parent,Data,varchar(140),,0,0,0,0,,
Setup,Employee,attendance_device_id,Attendance Device ID (Biometric/RF tag ID),Data,varchar(140),,0,1,0,0,,
Setup,Employee,salary_currency,Salary Currency,Link,varchar(140),Currency,0,0,0,0,,
Setup,Employee,ctc,Cost to Company (CTC),Currency,"numeric(21,9)",salary_currency,0,0,0,0,,
Setup,Employee,iban,IBAN,Data,varchar(140),IBAN,0,0,0,0,,
Setup,Employee Education,school_univ,School/University,Small Text,text,,0,0,0,0,,
Setup,Employee Education,qualification,Qualification,Data,varchar(140),,0,0,0,0,,
Setup,Employee Education,level,Level,Select,varchar(140),Graduate|Post Graduate|Under Graduate,0,0,0,0,,
Setup,Employee Education,year_of_passing,Year of Passing,Int,integer,,0,0,0,0,,
Setup,Employee Education,class_per,Class / Percentage,Data,varchar(140),,0,0,0,0,,
Setup,Employee Education,maj_opt_subj,Major/Optional Subjects,Text,text,,0,0,0,0,,
Setup,Employee External Work History,company_name,Company,Data,varchar(140),,0,0,0,0,,
Setup,Employee External Work History,designation,Designation,Data,varchar(140),,0,0,0,0,,
Setup,Employee External Work History,salary,Salary,Currency,"numeric(21,9)",Company:company:default_currency,0,0,0,0,,
Setup,Employee External Work History,address,Address,Small Text,text,,0,0,0,0,,
Setup,Employee External Work History,contact,Contact,Data,varchar(140),,0,0,0,0,,
Setup,Employee External Work History,total_experience,Total Experience,Data,varchar(140),,0,0,0,0,,
Setup,Employee Group,employee_group_name,Name,Data,varchar(140),,1,1,0,0,,
Setup,Employee Group Table,employee,Employee,Link,varchar(140),Employee,0,0,0,0,,
Setup,Employee Group Table,employee_name,Employee Name,Data,varchar(140),,0,0,0,0,,employee.first_name
Setup,Employee Group Table,user_id,ERPNext User ID,Data,varchar(140),,0,0,0,1,,employee.user_id
Setup,Employee Internal Work History,branch,Branch,Link,varchar(140),Branch,0,0,0,0,,
Setup,Employee Internal Work History,department,Department,Link,varchar(140),Department,0,0,0,0,,
Setup,Employee Internal Work History,designation,Designation,Link,varchar(140),Designation,0,0,0,0,,
Setup,Employee Internal Work History,from_date,From Date,Date,date,,0,0,0,0,,
Setup,Employee Internal Work History,to_date,To Date,Date,date,,0,0,0,0,,
Setup,Global Defaults,default_company,Default Company,Link,varchar(140),Company,0,0,0,0,,
Setup,Global Defaults,country,Default Country,Link,varchar(140),Country,0,0,0,0,,
Setup,Global Defaults,default_distance_unit,Default Distance Unit,Link,varchar(140),UOM,0,0,0,0,,
Setup,Global Defaults,default_currency,Default Currency,Link,varchar(140),Currency,1,0,0,0,INR,
Setup,Global Defaults,hide_currency_symbol,Hide Currency Symbol,Check,smallint,,0,0,0,0,0,
Setup,Global Defaults,disable_rounded_total,Disable Rounded Total,Check,smallint,,0,0,0,0,0,
Setup,Global Defaults,disable_in_words,Disable In Words,Check,smallint,,0,0,0,0,0,
Setup,Global Defaults,demo_company,Demo Company,Link,varchar(140),Company,0,0,0,1,,
Setup,Global Defaults,use_posting_datetime_for_naming_documents,Use Posting Date for Naming Documents,Check,smallint,,0,0,0,0,1,
Setup,Holiday,holiday_date,Date,Date,date,,1,0,0,0,,
Setup,Holiday,description,Description,Text Editor,text,,1,0,0,0,,
Setup,Holiday,weekly_off,Weekly Off,Check,smallint,,0,0,0,0,0,
Setup,Holiday,is_half_day,Is Half Day,Check,smallint,,0,0,0,0,0,
Setup,Holiday List,holiday_list_name,Holiday List Name,Data,varchar(140),,1,1,0,0,,
Setup,Holiday List,from_date,From Date,Date,date,,1,0,0,0,,
Setup,Holiday List,to_date,To Date,Date,date,,1,0,0,0,,
Setup,Holiday List,total_holidays,Total Holidays,Int,integer,,0,0,0,1,,
Setup,Holiday List,weekly_off,Weekly Off,Select,varchar(140),Sunday|Monday|Tuesday|Wednesday|Thursday|Friday|Saturday,0,0,0,0,,
Setup,Holiday List,color,Color,Color,varchar(140),,0,0,0,0,,
Setup,Holiday List,country,Country,Autocomplete,varchar(140),,0,0,0,0,,
Setup,Holiday List,subdivision,Subdivision,Autocomplete,varchar(140),,0,0,0,0,,
Setup,Holiday List,is_half_day,Is Half Day,Check,smallint,,0,0,0,0,0,
Setup,Incoterm,code,Code,Data,varchar(140),,1,1,0,0,,
Setup,Incoterm,title,Title,Data,varchar(140),,1,0,0,0,,
Setup,Incoterm,description,Description,Long Text,text,,0,0,0,0,,
Setup,Item Group,item_group_name,Item Group Name,Data,varchar(140),,1,1,0,0,,
Setup,Item Group,parent_item_group,Parent Item Group,Link,varchar(140),Item Group,0,0,0,0,,
Setup,Item Group,is_group,Is Group,Check,smallint,,0,0,0,0,0,
Setup,Item Group,image,Image,Attach Image,text,,0,0,0,0,,
Setup,Item Group,lft,lft,Int,integer,,0,0,1,0,,
Setup,Item Group,rgt,rgt,Int,integer,,0,0,1,0,,
Setup,Item Group,old_parent,old_parent,Link,varchar(140),Item Group,0,0,0,0,,
Setup,Party Type,party_type,Party Type,Link,varchar(140),DocType,1,1,0,0,,
Setup,Party Type,account_type,Account Type,Select,varchar(140),Payable|Receivable,1,0,0,0,,
Setup,Quotation Lost Reason,order_lost_reason,Quotation Lost Reason,Data,varchar(140),,1,1,0,0,,
Setup,Quotation Lost Reason Detail,lost_reason,Quotation Lost Reason,Link,varchar(140),Quotation Lost Reason,0,0,0,0,,
Setup,Sales Partner,partner_name,Sales Partner Name,Data,varchar(140),,1,1,0,0,,
Setup,Sales Partner,partner_type,Partner Type,Link,varchar(140),Sales Partner Type,0,0,0,0,,
Setup,Sales Partner,territory,Territory,Link,varchar(140),Territory,1,0,0,0,,
Setup,Sales Partner,commission_rate,Commission Rate,Float,"numeric(21,9)",,1,0,0,0,,
Setup,Sales Partner,show_in_website,Show In Website,Check,smallint,,0,0,0,0,0,
Setup,Sales Partner,referral_code,Referral Code,Data,varchar(140),,0,1,0,0,,
Setup,Sales Partner,route,Route,Data,varchar(140),,0,1,0,0,,
Setup,Sales Partner,logo,Logo,Attach,text,,0,0,0,0,,
Setup,Sales Partner,partner_website,Partner website,Data,varchar(140),,0,0,0,0,,
Setup,Sales Partner,introduction,Introduction,Text,text,,0,0,0,0,,
Setup,Sales Partner,description,Description,Text Editor,text,,0,0,0,0,,
Setup,Sales Person,sales_person_name,Sales Person Name,Data,varchar(140),,1,1,0,0,,
Setup,Sales Person,parent_sales_person,Parent Sales Person,Link,varchar(140),Sales Person,0,0,0,0,,
Setup,Sales Person,commission_rate,Commission Rate,Percent,"numeric(21,9)",,0,0,0,0,,
Setup,Sales Person,is_group,Is Group,Check,smallint,,1,0,0,0,0,
Setup,Sales Person,enabled,Enabled,Check,smallint,,0,0,0,0,1,
Setup,Sales Person,employee,Employee,Link,varchar(140),Employee,0,0,0,0,,
Setup,Sales Person,department,Department,Link,varchar(140),Department,0,0,0,1,,employee.department
Setup,Sales Person,lft,lft,Int,integer,,0,0,1,0,,
Setup,Sales Person,rgt,rgt,Int,integer,,0,0,1,0,,
Setup,Sales Person,old_parent,old_parent,Data,varchar(140),,0,0,0,0,,
Setup,Supplier Group,supplier_group_name,Supplier Group Name,Data,varchar(140),,1,1,0,0,,
Setup,Supplier Group,parent_supplier_group,Parent Supplier Group,Link,varchar(140),Supplier Group,0,0,0,0,,
Setup,Supplier Group,is_group,Is Group,Check,smallint,,0,0,0,0,0,
Setup,Supplier Group,payment_terms,Default Payment Terms Template,Link,varchar(140),Payment Terms Template,0,0,0,0,,
Setup,Supplier Group,lft,lft,Int,integer,,0,0,1,0,,
Setup,Supplier Group,rgt,rgt,Int,integer,,0,0,1,0,,
Setup,Supplier Group,old_parent,Old Parent,Link,varchar(140),Supplier Group,0,0,0,0,,
Setup,Target Detail,item_group,Item Group,Link,varchar(140),Item Group,0,0,1,0,,
Setup,Target Detail,fiscal_year,Fiscal Year,Link,varchar(140),Fiscal Year,1,0,1,0,,
Setup,Target Detail,target_qty,Target Qty,Float,"numeric(21,9)",,0,0,0,0,,
Setup,Target Detail,target_amount,Target  Amount,Float,"numeric(21,9)",,0,0,1,0,,
Setup,Target Detail,distribution_id,Target Distribution,Link,varchar(140),Monthly Distribution,1,0,0,0,,
Setup,Terms and Conditions,title,Title,Data,varchar(140),,1,1,0,0,,
Setup,Terms and Conditions,disabled,Disabled,Check,smallint,,0,0,0,0,0,
Setup,Terms and Conditions,terms,Terms and Conditions,Text Editor,text,,0,0,0,0,,
Setup,Terms and Conditions,selling,Selling,Check,smallint,,0,0,0,0,1,
Setup,Terms and Conditions,buying,Buying,Check,smallint,,0,0,0,0,1,
Setup,Terms and Conditions,copy_attachments_to_transaction,Copy Attachments to Transaction,Check,smallint,,0,0,0,0,0,
Setup,Territory,territory_name,Territory Name,Data,varchar(140),,1,1,0,0,,
Setup,Territory,parent_territory,Parent Territory,Link,varchar(140),Territory,0,0,0,0,,
Setup,Territory,is_group,Is Group,Check,smallint,,0,0,0,0,0,
Setup,Territory,territory_manager,Territory Manager,Link,varchar(140),Sales Person,0,0,1,0,,
Setup,Territory,lft,lft,Int,integer,,0,0,1,0,,
Setup,Territory,rgt,rgt,Int,integer,,0,0,1,0,,
Setup,Territory,old_parent,old_parent,Link,varchar(140),Territory,0,0,0,0,,
Setup,Transaction Deletion Record,company,Company,Link,varchar(140),Company,1,0,0,0,,
Setup,Transaction Deletion Record,amended_from,Amended From,Link,varchar(140),Transaction Deletion Record,0,0,0,1,,
Setup,Transaction Deletion Record,status,Status,Select,varchar(140),Queued|Running|Failed|Completed|Cancelled,0,0,0,1,,
Setup,Transaction Deletion Record,delete_bin_data_status,Delete Bins,Select,varchar(140),Pending|Completed|Skipped,0,0,0,1,Pending,
Setup,Transaction Deletion Record,delete_leads_and_addresses_status,Delete Leads and Addresses,Select,varchar(140),Pending|Completed|Skipped,0,0,0,1,Pending,
Setup,Transaction Deletion Record,reset_company_default_values_status,Reset Company Default Values,Select,varchar(140),Pending|Completed|Skipped,0,0,0,1,Pending,
Setup,Transaction Deletion Record,clear_notifications_status,Clear Notifications,Select,varchar(140),Pending|Completed|Skipped,0,0,0,1,Pending,
Setup,Transaction Deletion Record,initialize_doctypes_table_status,Initialize Summary Table,Select,varchar(140),Pending|Completed|Skipped,0,0,0,1,Pending,
Setup,Transaction Deletion Record,delete_transactions_status,Delete Transactions,Select,varchar(140),Pending|Completed|Skipped,0,0,0,1,Pending,
Setup,Transaction Deletion Record,error_log,Error Log,Long Text,text,,0,0,0,0,,
Setup,Transaction Deletion Record,process_in_single_transaction,Process in Single Transaction,Check,smallint,,0,0,0,1,0,
Setup,Transaction Deletion Record Item,doctype_name,DocType,Link,varchar(140),DocType,1,0,0,0,,
Setup,Transaction Deletion Record To Delete,doctype_name,DocType,Link,varchar(140),DocType,0,0,0,0,,
Setup,Transaction Deletion Record To Delete,company_field,Company Field,Data,varchar(140),,0,0,0,0,,
Setup,Transaction Deletion Record To Delete,document_count,Document Count,Int,integer,,0,0,0,1,,
Setup,Transaction Deletion Record To Delete,child_doctypes,Child DocTypes,Small Text,text,,0,0,0,1,,
Setup,Transaction Deletion Record To Delete,deleted,Deleted,Check,smallint,,0,0,0,1,0,
Setup,UOM,uom_name,UOM Name,Data,varchar(140),,1,1,0,0,,
Setup,UOM,must_be_whole_number,Must be Whole Number,Check,smallint,,0,0,0,0,0,
Setup,UOM,enabled,Enabled,Check,smallint,,0,0,0,0,1,
Setup,UOM,symbol,Symbol,Data,varchar(140),,0,0,0,0,,
Setup,UOM,common_code,Common Code,Data,varchar(140),,0,0,0,0,,
Setup,UOM,description,Description,Small Text,text,,0,0,0,0,,
Setup,UOM,category,Category,Link,varchar(140),UOM Category,0,0,0,0,,
Setup,UOM Conversion Factor,category,Category,Link,varchar(140),UOM Category,1,0,0,0,,
Setup,UOM Conversion Factor,from_uom,From,Link,varchar(140),UOM,1,0,0,0,,
Setup,UOM Conversion Factor,to_uom,To,Link,varchar(140),UOM,1,0,0,0,,
Setup,UOM Conversion Factor,value,Value,Float,"numeric(21,9)",,1,0,0,0,,
Setup,Vehicle,license_plate,License Plate,Data,varchar(140),,1,1,0,0,,
Setup,Vehicle,make,Make,Data,varchar(140),,1,0,0,0,,
Setup,Vehicle,model,Model,Data,varchar(140),,1,0,0,0,,
Setup,Vehicle,last_odometer,Odometer Value (Last),Int,integer,,1,0,0,0,,
Setup,Vehicle,acquisition_date,Acquisition Date,Date,date,,0,0,0,0,,
Setup,Vehicle,location,Location,Data,varchar(140),,0,0,0,0,,
Setup,Vehicle,chassis_no,Chassis No,Data,varchar(140),,0,0,0,0,,
Setup,Vehicle,vehicle_value,Vehicle Value,Currency,"numeric(21,9)",,0,0,0,0,,
Setup,Vehicle,employee,Employee,Link,varchar(140),Employee,0,0,0,0,,
Setup,Vehicle,insurance_company,Insurance Company,Data,varchar(140),,0,0,0,0,,
Setup,Vehicle,policy_no,Policy No,Data,varchar(140),,0,0,0,0,,
Setup,Vehicle,start_date,Start Date,Date,date,,0,0,0,0,,
Setup,Vehicle,end_date,End Date,Date,date,,0,0,0,0,,
Setup,Vehicle,fuel_type,Fuel Type,Select,varchar(140),Petrol|Diesel|Natural Gas|Electric,1,0,0,0,,
Setup,Vehicle,uom,Fuel UOM,Link,varchar(140),UOM,1,0,0,0,,
Setup,Vehicle,carbon_check_date,Last Carbon Check,Date,date,,0,0,0,0,,
Setup,Vehicle,color,Color,Data,varchar(140),,0,0,0,0,,
Setup,Vehicle,wheels,Wheels,Int,integer,,0,0,0,0,,
Setup,Vehicle,doors,Doors,Int,integer,,0,0,0,0,,
Setup,Vehicle,amended_from,Amended From,Link,varchar(140),Vehicle,0,0,0,1,,
Setup,Vehicle,company,Company,Link,varchar(140),Company,0,0,0,0,,
Setup,Website Item Group,item_group,Item Group,Link,varchar(140),Item Group,1,0,0,0,,
Stock,Batch,disabled,Disabled,Check,smallint,,0,0,0,0,0,
Stock,Batch,batch_id,Batch ID,Data,varchar(140),,1,1,0,0,,
Stock,Batch,item,Item,Link,varchar(140),Item,1,0,0,0,,
Stock,Batch,image,Image,Attach Image,text,,0,0,0,0,,
Stock,Batch,parent_batch,Parent Batch,Link,varchar(140),Batch,0,0,0,1,,
Stock,Batch,manufacturing_date,Manufacturing Date,Date,date,,0,0,0,0,Today,
Stock,Batch,expiry_date,Expiry Date,Date,date,,0,0,0,0,,
Stock,Batch,supplier,Supplier,Link,varchar(140),Supplier,0,0,0,1,,
Stock,Batch,reference_doctype,Source Document Type,Link,varchar(140),DocType,0,0,0,1,,
Stock,Batch,reference_name,Source Document Name,Dynamic Link,varchar(140),reference_doctype,0,0,0,1,,
Stock,Batch,description,Batch Description,Small Text,text,,0,0,0,0,,
Stock,Batch,item_name,Item Name,Data,varchar(140),,0,0,0,1,,item.item_name
Stock,Batch,batch_qty,Batch Quantity,Float,"numeric(21,9)",,0,0,0,1,,
Stock,Batch,stock_uom,Batch UOM,Link,varchar(140),UOM,0,0,0,1,,item.stock_uom
Stock,Batch,qty_to_produce,Qty To Produce,Float,"numeric(21,9)",,0,0,0,1,,
Stock,Batch,produced_qty,Produced Qty,Float,"numeric(21,9)",,0,0,0,1,,
Stock,Batch,use_batchwise_valuation,Use Batch-wise Valuation,Check,smallint,,0,0,0,1,0,
Stock,Batch,allow_negative_stock_for_batch,Allow Negative Stock for Batch,Check,smallint,,0,0,0,0,0,
Stock,Bin,warehouse,Warehouse,Link,varchar(140),Warehouse,1,0,1,1,,
Stock,Bin,item_code,Item Code,Link,varchar(140),Item,1,0,0,1,,
Stock,Bin,reserved_qty,Reserved Qty,Float,"numeric(21,9)",,0,0,0,1,0.00,
Stock,Bin,actual_qty,Actual Qty,Float,"numeric(21,9)",,0,0,0,1,0.00,
Stock,Bin,ordered_qty,Ordered Qty,Float,"numeric(21,9)",,0,0,0,1,0.00,
Stock,Bin,indented_qty,Requested Qty,Float,"numeric(21,9)",,0,0,0,1,0.00,
Stock,Bin,planned_qty,Planned Qty,Float,"numeric(21,9)",,0,0,0,1,,
Stock,Bin,projected_qty,Projected Qty,Float,"numeric(21,9)",,0,0,0,1,,
Stock,Bin,reserved_qty_for_production,Reserved Qty for Production,Float,"numeric(21,9)",,0,0,0,1,,
Stock,Bin,reserved_qty_for_sub_contract,Reserved Qty for Subcontract,Float,"numeric(21,9)",,0,0,0,1,,
Stock,Bin,stock_uom,UOM,Link,varchar(140),UOM,0,0,0,1,,
Stock,Bin,company,Company,Link,varchar(140),Company,0,0,0,1,,warehouse.company
Stock,Bin,valuation_rate,Valuation Rate,Float,"numeric(21,9)",,0,0,0,1,,
Stock,Bin,stock_value,Stock Value,Float,"numeric(21,9)",,0,0,0,1,,
Stock,Bin,reserved_qty_for_production_plan,Reserved Qty for Production Plan,Float,"numeric(21,9)",,0,0,0,1,,
Stock,Bin,reserved_stock,Reserved Stock,Float,"numeric(21,9)",,0,0,0,1,0,
Stock,Company Restriction,company,Company,Link,varchar(140),Company,1,0,0,0,,
Stock,Customs Tariff Number,tariff_number,Tariff Number,Data,varchar(140),,1,1,0,0,,
Stock,Customs Tariff Number,description,Description,Data,varchar(140),,0,0,0,0,,
Stock,Delivery Note,naming_series,Series,Select,varchar(140),MAT-DN-.YYYY.-|MAT-DN-RET-.YYYY.-,1,0,0,0,,
Stock,Delivery Note,customer,Customer,Link,varchar(140),Customer,1,0,1,0,,
Stock,Delivery Note,customer_name,Customer Name,Data,varchar(140),,0,0,0,1,,customer.customer_name
Stock,Delivery Note,amended_from,Amended From,Link,varchar(140),Delivery Note,0,0,0,1,,
Stock,Delivery Note,company,Company,Link,varchar(140),Company,1,0,0,0,,
Stock,Delivery Note,posting_date,Date,Date,date,,1,0,1,0,Today,
Stock,Delivery Note,posting_time,Posting Time,Time,time(6),,1,0,0,0,Now,
Stock,Delivery Note,set_posting_time,Edit Posting Date and Time,Check,smallint,,0,0,0,0,0,
Stock,Delivery Note,is_return,Is Return,Check,smallint,,0,0,0,1,0,
Stock,Delivery Note,issue_credit_note,Issue Credit Note,Check,smallint,,0,0,0,0,0,
Stock,Delivery Note,return_against,Return Against Delivery Note,Link,varchar(140),Delivery Note,0,0,1,1,,
Stock,Delivery Note,po_no,Customer's Purchase Order No,Small Text,text,,0,0,0,0,,
Stock,Delivery Note,po_date,Customer's Purchase Order Date,Date,date,,0,0,0,0,,
Stock,Delivery Note,shipping_address_name,Shipping Address,Link,varchar(140),Address,0,0,0,0,,
Stock,Delivery Note,shipping_address,Shipping Address,Text Editor,text,,0,0,0,1,,
Stock,Delivery Note,contact_person,Contact Person,Link,varchar(140),Contact,0,0,0,0,,
Stock,Delivery Note,contact_display,Contact,Small Text,text,,0,0,0,1,,
Stock,Delivery Note,contact_mobile,Mobile No,Small Text,text,Phone,0,0,0,1,,
Stock,Delivery Note,contact_email,Contact Email,Data,varchar(140),Email,0,0,0,1,,
Stock,Delivery Note,customer_address,Billing Address Name,Link,varchar(140),Address,0,0,0,0,,
Stock,Delivery Note,tax_id,Tax Id,Data,varchar(140),,0,0,0,1,,
Stock,Delivery Note,address_display,Billing Address,Text Editor,text,,0,0,0,1,,
Stock,Delivery Note,company_address,Company Address Name,Link,varchar(140),Address,0,0,0,0,,
Stock,Delivery Note,company_address_display,Company Address,Text Editor,text,,0,0,0,1,,
Stock,Delivery Note,currency,Currency,Link,varchar(140),Currency,1,0,0,0,,
Stock,Delivery Note,conversion_rate,Exchange Rate,Float,"numeric(21,9)",,1,0,0,0,,
Stock,Delivery Note,selling_price_list,Price List,Link,varchar(140),Price List,1,0,0,0,,
Stock,Delivery Note,price_list_currency,Price List Currency,Link,varchar(140),Currency,1,0,0,1,,
Stock,Delivery Note,plc_conversion_rate,Price List Exchange Rate,Float,"numeric(21,9)",,1,0,0,0,,
Stock,Delivery Note,ignore_pricing_rule,Ignore Pricing Rule,Check,smallint,,0,0,0,0,0,
Stock,Delivery Note,set_warehouse,Set Source Warehouse,Link,varchar(140),Warehouse,0,0,0,0,,
Stock,Delivery Note,scan_barcode,Scan Barcode,Data,varchar(140),Barcode,0,0,0,0,,
Stock,Delivery Note,total_qty,Total Quantity,Float,"numeric(21,9)",,0,0,0,1,,
Stock,Delivery Note,base_total,Total (Company Currency),Currency,"numeric(21,9)",Company:company:default_currency,0,0,0,1,,
Stock,Delivery Note,base_net_total,Net Total (Company Currency),Currency,"numeric(21,9)",Company:company:default_currency,0,0,0,1,,
Stock,Delivery Note,total,Total,Currency,"numeric(21,9)",currency,0,0,0,1,,
Stock,Delivery Note,net_total,Net Total,Currency,"numeric(21,9)",currency,0,0,0,1,,
Stock,Delivery Note,total_net_weight,Total Net Weight,Float,"numeric(21,9)",,0,0,0,1,,
Stock,Delivery Note,tax_category,Tax Category,Link,varchar(140),Tax Category,0,0,0,0,,
Stock,Delivery Note,shipping_rule,Shipping Rule,Link,varchar(140),Shipping Rule,0,0,0,0,,
Stock,Delivery Note,taxes_and_charges,Sales Taxes and Charges Template,Link,varchar(140),Sales Taxes and Charges Template,0,0,0,0,,
Stock,Delivery Note,other_charges_calculation,Taxes and Charges Calculation,Text Editor,text,,0,0,0,1,,
Stock,Delivery Note,base_total_taxes_and_charges,Total Taxes and Charges (Company Currency),Currency,"numeric(21,9)",Company:company:default_currency,0,0,0,1,,
Stock,Delivery Note,total_taxes_and_charges,Total Taxes and Charges,Currency,"numeric(21,9)",currency,0,0,0,1,,
Stock,Delivery Note,apply_discount_on,Apply Additional Discount On,Select,varchar(140),Grand Total|Net Total,0,0,0,0,Grand Total,
Stock,Delivery Note,base_discount_amount,Additional Discount Amount (Company Currency),Currency,"numeric(21,9)",Company:company:default_currency,0,0,0,1,,
Stock,Delivery Note,additional_discount_percentage,Additional Discount Percentage,Float,"numeric(21,9)",,0,0,0,0,,
Stock,Delivery Note,discount_amount,Additional Discount Amount,Currency,"numeric(21,9)",currency,0,0,0,0,,
Stock,Delivery Note,base_grand_total,Grand Total,Currency,"numeric(21,9)",Company:company:default_currency,0,0,0,1,,
Stock,Delivery Note,base_rounding_adjustment,Rounding Adjustment,Currency,"numeric(21,9)",Company:company:default_currency,0,0,0,1,,
Stock,Delivery Note,base_rounded_total,Rounded Total,Currency,"numeric(21,9)",Company:company:default_currency,0,0,0,1,,
Stock,Delivery Note,base_in_words,In Words,Data,varchar(140),,0,0,0,1,,
Stock,Delivery Note,grand_total,Grand Total,Currency,"numeric(21,9)",currency,0,0,0,1,,
Stock,Delivery Note,rounding_adjustment,Rounding Adjustment,Currency,"numeric(21,9)",currency,0,0,0,1,,
Stock,Delivery Note,rounded_total,Rounded Total,Currency,"numeric(21,9)",currency,0,0,0,1,,
Stock,Delivery Note,in_words,In Words,Data,varchar(140),,0,0,0,1,,
Stock,Delivery Note,tc_name,Terms,Link,varchar(140),Terms and Conditions,0,0,0,0,,
Stock,Delivery Note,terms,Terms and Conditions Details,Text Editor,text,,0,0,0,0,,
Stock,Delivery Note,transporter,Transporter,Link,varchar(140),Supplier,0,0,0,0,,
Stock,Delivery Note,driver,Driver,Link,varchar(140),Driver,0,0,0,0,,
Stock,Delivery Note,lr_no,Transport Receipt No,Data,varchar(140),,0,0,0,0,,
Stock,Delivery Note,vehicle_no,Vehicle No,Data,varchar(140),,0,0,0,0,,
Stock,Delivery Note,transporter_name,Transporter Name,Data,varchar(140),,0,0,0,1,,transporter.supplier_name
Stock,Delivery Note,driver_name,Driver Name,Data,varchar(140),,0,0,0,0,,driver.full_name
Stock,Delivery Note,lr_date,Transport Receipt Date,Date,date,,0,0,0,0,Today,
Stock,Delivery Note,project,Project,Link,varchar(140),Project,0,0,0,0,,
Stock,Delivery Note,per_billed,% Amount Billed,Percent,"numeric(21,9)",,0,0,0,1,,
Stock,Delivery Note,customer_group,Customer Group,Link,varchar(140),Customer Group,0,0,0,0,,
Stock,Delivery Note,territory,Territory,Link,varchar(140),Territory,0,0,0,0,,
Stock,Delivery Note,letter_head,Letter Head,Link,varchar(140),Letter Head,0,0,0,0,,
Stock,Delivery Note,select_print_heading,Print Heading,Link,varchar(140),Print Heading,0,0,0,0,,
Stock,Delivery Note,language,Print Language,Link,varchar(140),Language,0,0,0,1,,customer.language
Stock,Delivery Note,print_without_amount,Print Without Amount,Check,smallint,,0,0,0,0,0,
Stock,Delivery Note,group_same_items,Group same items,Check,smallint,,0,0,0,0,0,
Stock,Delivery Note,status,Status,Select,varchar(140),Draft|To Bill|Partially Billed|Completed|Return|Return Issued|Cancelled|Closed,1,0,1,1,Draft,
Stock,Delivery Note,per_installed,% Installed,Percent,"numeric(21,9)",,0,0,0,1,,
Stock,Delivery Note,installation_status,Installation Status,Select,varchar(140),,0,0,0,0,,
Stock,Delivery Note,excise_page,Excise Page Number,Data,varchar(140),,0,0,0,0,,
Stock,Delivery Note,instructions,Instructions,Text,text,,0,0,0,0,,
Stock,Delivery Note,auto_repeat,Auto Repeat,Link,varchar(140),Auto Repeat,0,0,0,1,,
Stock,Delivery Note,sales_partner,Sales Partner,Link,varchar(140),Sales Partner,0,0,0,0,,
Stock,Delivery Note,commission_rate,Commission Rate (%),Float,"numeric(21,9)",,0,0,0,0,,sales_partner.commission_rate
Stock,Delivery Note,total_commission,Total Commission,Currency,"numeric(21,9)",Company:company:default_currency,0,0,0,0,,
Stock,Delivery Note,is_internal_customer,Is Internal Customer,Check,smallint,,0,0,0,1,0,customer.is_internal_customer
Stock,Delivery Note,inter_company_reference,Inter Company Reference,Link,varchar(140),Purchase Receipt,0,0,0,0,,
Stock,Delivery Note,per_returned,% Returned,Percent,"numeric(21,9)",,0,0,0,1,,
Stock,Delivery Note,set_target_warehouse,Set Target Warehouse,Link,varchar(140),Warehouse,0,0,0,0,,
Stock,Delivery Note,represents_company,Represents Company,Link,varchar(140),Company,0,0,0,1,,customer.represents_company
Stock,Delivery Note,disable_rounded_total,Disable Rounded Total,Check,smallint,,0,0,0,0,0,
Stock,Delivery Note,dispatch_address_name,Dispatch Address Name,Link,varchar(140),Address,0,0,0,0,,
Stock,Delivery Note,dispatch_address,Dispatch Address,Text Editor,text,,0,0,0,1,,
Stock,Delivery Note,amount_eligible_for_commission,Amount Eligible for Commission,Currency,"numeric(21,9)",Company:company:default_currency,0,0,0,1,,
Stock,Delivery Note,cost_center,Cost Center,Link,varchar(140),Cost Center,0,0,0,0,,
Stock,Delivery Note,incoterm,Incoterm,Link,varchar(140),Incoterm,0,0,0,0,,
Stock,Delivery Note,named_place,Named Place,Data,varchar(140),,0,0,0,0,,
Stock,Delivery Note,delivery_trip,Delivery Trip,Link,varchar(140),Delivery Trip,0,0,0,0,,
Stock,Delivery Note,utm_medium,Medium,Link,varchar(140),UTM Medium,0,0,0,0,,
Stock,Delivery Note,utm_content,Content,Data,varchar(140),,0,0,0,0,,
Stock,Delivery Note,utm_source,Source,Link,varchar(140),UTM Source,0,0,0,0,,
Stock,Delivery Note,utm_campaign,Campaign,Link,varchar(140),UTM Campaign,0,0,0,0,,
Stock,Delivery Note,company_contact_person,Company Contact Person,Link,varchar(140),Contact,0,0,0,0,,
Stock,Delivery Note,title,Title,Data,varchar(140),,0,0,0,0,,
Stock,Delivery Note Item,barcode,Barcode,Data,varchar(140),,0,0,0,0,,
Stock,Delivery Note Item,item_code,Item Code,Link,varchar(140),Item,1,0,1,0,,
Stock,Delivery Note Item,is_product_bundle,Is Product Bundle,Check,smallint,,0,0,0,1,0,
Stock,Delivery Note Item,product_bundle,Product Bundle,Link,varchar(140),Product Bundle,0,0,0,0,,
Stock,Delivery Note Item,item_name,Item Name,Data,varchar(140),,1,0,0,0,,
Stock,Delivery Note Item,customer_item_code,Customer's Item Code,Data,varchar(140),,0,0,0,1,,
Stock,Delivery Note Item,description,Description,Text Editor,text,,0,0,0,0,,
Stock,Delivery Note Item,image,Image,Attach,text,,0,0,0,0,,item_code.image
Stock,Delivery Note Item,qty,Quantity,Float,"numeric(21,9)",,1,0,0,0,,
Stock,Delivery Note Item,stock_uom,Stock UOM,Link,varchar(140),UOM,1,0,0,1,,
Stock,Delivery Note Item,uom,UOM,Link,varchar(140),UOM,1,0,0,0,,
Stock,Delivery Note Item,conversion_factor,UOM Conversion Factor,Float,"numeric(21,9)",,1,0,0,1,,
Stock,Delivery Note Item,stock_qty,Qty in Stock UOM,Float,"numeric(21,9)",,0,0,0,1,,
Stock,Delivery Note Item,price_list_rate,Price List Rate,Currency,"numeric(21,9)",currency,0,0,0,1,,
Stock,Delivery Note Item,base_price_list_rate,Price List Rate (Company Currency),Currency,"numeric(21,9)",Company:company:default_currency,0,0,0,1,,
Stock,Delivery Note Item,margin_type,Margin Type,Select,varchar(140),Percentage|Amount,0,0,0,0,,
Stock,Delivery Note Item,margin_rate_or_amount,Margin Rate or Amount,Float,"numeric(21,9)",,0,0,0,0,,
Stock,Delivery Note Item,rate_with_margin,Rate With Margin,Currency,"numeric(21,9)",currency,0,0,0,1,,
Stock,Delivery Note Item,discount_percentage,Discount (%) on Price List Rate with Margin,Float,"numeric(21,9)",,0,0,0,0,,
Stock,Delivery Note Item,discount_amount,Discount Amount,Currency,"numeric(21,9)",currency,0,0,0,0,,
Stock,Delivery Note Item,base_rate_with_margin,Rate With Margin (Company Currency),Currency,"numeric(21,9)",Company:company:default_currency,0,0,0,1,,
Stock,Delivery Note Item,rate,Rate,Currency,"numeric(21,9)",currency,0,0,0,0,,
Stock,Delivery Note Item,amount,Amount,Currency,"numeric(21,9)",currency,0,0,0,1,,
Stock,Delivery Note Item,base_rate,Rate (Company Currency),Currency,"numeric(21,9)",Company:company:default_currency,0,0,0,1,,
Stock,Delivery Note Item,base_amount,Amount (Company Currency),Currency,"numeric(21,9)",Company:company:default_currency,0,0,0,1,,
Stock,Delivery Note Item,pricing_rules,Pricing Rules,Small Text,text,,0,0,0,1,,
Stock,Delivery Note Item,is_free_item,Is Free Item,Check,smallint,,0,0,0,1,0,
Stock,Delivery Note Item,net_rate,Net Rate,Currency,"numeric(21,9)",currency,0,0,0,1,,
Stock,Delivery Note Item,net_amount,Net Amount,Currency,"numeric(21,9)",currency,0,0,0,1,,
Stock,Delivery Note Item,base_net_rate,Net Rate (Company Currency),Currency,"numeric(21,9)",Company:company:default_currency,0,0,0,1,,
Stock,Delivery Note Item,base_net_amount,Net Amount (Company Currency),Currency,"numeric(21,9)",Company:company:default_currency,0,0,0,1,,
Stock,Delivery Note Item,weight_per_unit,Weight Per Unit,Float,"numeric(21,9)",,0,0,0,0,,
Stock,Delivery Note Item,total_weight,Total Weight,Float,"numeric(21,9)",,0,0,0,1,,
Stock,Delivery Note Item,weight_uom,Weight UOM,Link,varchar(140),UOM,0,0,0,0,,
Stock,Delivery Note Item,warehouse,Warehouse,Link,varchar(140),Warehouse,0,0,0,0,,
Stock,Delivery Note Item,target_warehouse,Target Warehouse,Link,varchar(140),Warehouse,0,0,0,0,,
Stock,Delivery Note Item,quality_inspection,Quality Inspection,Link,varchar(140),Quality Inspection,0,0,0,0,,
Stock,Delivery Note Item,actual_qty,Qty (Warehouse),Float,"numeric(21,9)",,0,0,0,1,,
Stock,Delivery Note Item,actual_batch_qty,Available Batch Qty at From Warehouse,Float,"numeric(21,9)",,0,0,0,1,,
Stock,Delivery Note Item,item_group,Item Group,Link,varchar(140),Item Group,0,0,0,1,,
Stock,Delivery Note Item,brand,Brand Name,Link,varchar(140),Brand,0,0,0,1,,
Stock,Delivery Note Item,item_tax_rate,Item Tax Rate,Small Text,text,,0,0,0,1,,
Stock,Delivery Note Item,expense_account,Expense Account,Link,varchar(140),Account,0,0,0,0,,
Stock,Delivery Note Item,item_tax_template,Item Tax Template,Link,varchar(140),Item Tax Template,0,0,0,0,,
Stock,Delivery Note Item,cost_center,Cost Center,Link,varchar(140),Cost Center,0,0,0,0,:Company,
Stock,Delivery Note Item,allow_zero_valuation_rate,Allow Zero Valuation Rate,Check,smallint,,0,0,0,0,0,
Stock,Delivery Note Item,against_sales_order,Against Sales Order,Link,varchar(140),Sales Order,0,0,1,1,,
Stock,Delivery Note Item,against_sales_invoice,Against Sales Invoice,Link,varchar(140),Sales Invoice,0,0,1,1,,
Stock,Delivery Note Item,so_detail,Against Sales Order Item,Data,varchar(140),,0,0,1,1,,
Stock,Delivery Note Item,si_detail,Against Sales Invoice Item,Data,varchar(140),,0,0,1,1,,
Stock,Delivery Note Item,installed_qty,Installed Qty,Float,"numeric(21,9)",,0,0,0,1,,
Stock,Delivery Note Item,billed_amt,Billed Amt,Currency,"numeric(21,9)",currency,0,0,0,1,,
Stock,Delivery Note Item,page_break,Page Break,Check,smallint,,0,0,0,0,0,
Stock,Delivery Note Item,project,Project,Link,varchar(140),Project,0,0,0,0,,
Stock,Delivery Note Item,dn_detail,Against Delivery Note Item,Data,varchar(140),,0,0,1,1,,
Stock,Delivery Note Item,returned_qty,Returned Qty in Stock UOM,Float,"numeric(21,9)",,0,0,0,1,,
Stock,Delivery Note Item,incoming_rate,Incoming Rate,Currency,"numeric(21,9)",Company:company:default_currency,0,0,0,1,,
Stock,Delivery Note Item,stock_uom_rate,Rate of Stock UOM,Currency,"numeric(21,9)",currency,0,0,0,1,,
Stock,Delivery Note Item,grant_commission,Grant Commission,Check,smallint,,0,0,0,1,0,item_code.grant_commission
Stock,Delivery Note Item,pick_list_item,Pick List Item,Data,varchar(140),,0,0,0,1,,
Stock,Delivery Note Item,purchase_order,Purchase Order,Link,varchar(140),Purchase Order,0,0,1,1,,
Stock,Delivery Note Item,purchase_order_item,Purchase Order Item,Data,varchar(140),,0,0,0,1,,
Stock,Delivery Note Item,has_item_scanned,Has Item Scanned,Check,smallint,,0,0,0,1,0,
Stock,Delivery Note Item,material_request,Material Request,Link,varchar(140),Material Request,0,0,0,0,,
Stock,Delivery Note Item,material_request_item,Material Request Item,Data,varchar(140),,0,0,0,0,,
Stock,Delivery Note Item,received_qty,Received Qty,Float,"numeric(21,9)",,0,0,0,1,,
Stock,Delivery Note Item,packed_qty,Packed Qty,Float,"numeric(21,9)",,0,0,0,1,0,
Stock,Delivery Note Item,serial_and_batch_bundle,Serial and Batch Bundle,Link,varchar(140),Serial and Batch Bundle,0,0,1,0,,
Stock,Delivery Note Item,serial_no,Serial No,Text,text,,0,0,0,0,,
Stock,Delivery Note Item,batch_no,Batch No,Link,varchar(140),Batch,0,0,1,0,,
Stock,Delivery Note Item,use_serial_batch_fields,Use Serial No / Batch Fields,Check,smallint,,0,0,0,0,0,
Stock,Delivery Note Item,distributed_discount_amount,Distributed Discount Amount,Currency,"numeric(21,9)",currency,0,0,0,0,,
Stock,Delivery Note Item,company_total_stock,Qty (Company),Float,"numeric(21,9)",,0,0,0,1,,
Stock,Delivery Note Item,against_pick_list,Against Pick List,Link,varchar(140),Pick List,0,0,1,1,,
Stock,Delivery Settings,dispatch_template,Dispatch Notification Template,Link,varchar(140),Email Template,0,0,0,0,,
Stock,Delivery Settings,dispatch_attachment,Dispatch Notification Attachment,Link,varchar(140),Print Format,0,0,0,0,,
Stock,Delivery Settings,send_with_attachment,Send with Attachment,Check,smallint,,0,0,0,0,0,
Stock,Delivery Settings,stop_delay,Delay between Delivery Stops,Int,integer,,0,0,0,0,,
Stock,Delivery Stop,customer,Customer,Link,varchar(140),Customer,0,0,0,0,,
Stock,Delivery Stop,address,Address Name,Link,varchar(140),Address,1,0,0,0,,
Stock,Delivery Stop,locked,Locked,Check,smallint,,0,0,0,0,0,
Stock,Delivery Stop,customer_address,Customer Address,Small Text,text,,0,0,0,1,,
Stock,Delivery Stop,visited,Visited,Check,smallint,,0,0,0,0,0,
Stock,Delivery Stop,delivery_note,Delivery Note,Link,varchar(140),Delivery Note,0,0,0,1,,
Stock,Delivery Stop,grand_total,Grand Total,Currency,"numeric(21,9)",,0,0,0,1,,
Stock,Delivery Stop,contact,Contact Name,Link,varchar(140),Contact,0,0,0,0,,
Stock,Delivery Stop,email_sent_to,Email sent to,Data,varchar(140),,0,0,0,1,,
Stock,Delivery Stop,customer_contact,Customer Contact,Small Text,text,,0,0,0,1,,
Stock,Delivery Stop,distance,Distance,Float,"numeric(21,2)",,0,0,0,1,,
Stock,Delivery Stop,estimated_arrival,Estimated Arrival,Datetime,timestamp,,0,0,0,0,,
Stock,Delivery Stop,lat,Latitude,Float,"numeric(21,9)",,0,0,0,0,,
Stock,Delivery Stop,uom,UOM,Link,varchar(140),UOM,0,0,0,1,,
Stock,Delivery Stop,lng,Longitude,Float,"numeric(21,9)",,0,0,0,0,,
Stock,Delivery Stop,details,Details,Text Editor,text,,0,0,0,0,,
Stock,Delivery Trip,naming_series,Series,Select,varchar(140),MAT-DT-.YYYY.-,0,0,0,0,,
Stock,Delivery Trip,company,Company,Link,varchar(140),Company,1,0,0,0,,
Stock,Delivery Trip,email_notification_sent,Initial Email Notification Sent,Check,smallint,,0,0,0,1,0,
Stock,Delivery Trip,driver,Driver,Link,varchar(140),Driver,0,0,0,0,,
Stock,Delivery Trip,driver_name,Driver Name,Data,varchar(140),,0,0,0,1,,driver.full_name
Stock,Delivery Trip,total_distance,Total Estimated Distance,Float,"numeric(21,2)",,0,0,0,1,,
Stock,Delivery Trip,uom,Distance UOM,Link,varchar(140),UOM,0,0,0,1,,
Stock,Delivery Trip,vehicle,Vehicle,Link,varchar(140),Vehicle,1,0,0,0,,
Stock,Delivery Trip,departure_time,Departure Time,Datetime,timestamp,,1,0,0,0,,
Stock,Delivery Trip,status,Status,Select,varchar(140),Draft|Scheduled|In Transit|Completed|Cancelled,0,0,0,1,,
Stock,Delivery Trip,amended_from,Amended From,Link,varchar(140),Delivery Trip,0,0,0,1,,
Stock,Delivery Trip,driver_address,Driver Address,Link,varchar(140),Address,0,0,0,0,,driver.address
Stock,Delivery Trip,driver_email,Driver Email,Data,varchar(140),,0,0,0,1,,
Stock,Delivery Trip,employee,Employee,Link,varchar(140),Employee,0,0,0,1,,driver.employee
Stock,Inventory Dimension,reference_document,Reference Document,Link,varchar(140),DocType,1,0,0,0,,
Stock,Inventory Dimension,dimension_name,Dimension Name,Data,varchar(140),,1,1,0,0,,
Stock,Inventory Dimension,document_type,Apply to Document,Link,varchar(140),DocType,0,0,0,0,,
Stock,Inventory Dimension,istable, Is Child Table,Check,smallint,,0,0,0,1,0,document_type.istable
Stock,Inventory Dimension,condition,Conditional Rule,Code,text,,0,0,0,0,,
Stock,Inventory Dimension,apply_to_all_doctypes,Apply to All Inventory Documents,Check,smallint,,0,0,0,0,1,
Stock,Inventory Dimension,target_fieldname,Target Fieldname (Stock Ledger Entry),Data,varchar(140),,0,0,0,1,,
Stock,Inventory Dimension,source_fieldname,Source Fieldname,Data,varchar(140),,0,0,0,1,,
Stock,Inventory Dimension,type_of_transaction,Type of Transaction,Select,varchar(140),Inward|Outward|Both,0,0,0,0,,
Stock,Inventory Dimension,fetch_from_parent,Fetch Value From,Select,varchar(140),,0,0,0,0,,
Stock,Inventory Dimension,mandatory_depends_on,Mandatory Depends On,Small Text,text,,0,0,0,0,,
Stock,Inventory Dimension,reqd,Mandatory,Check,smallint,,0,0,0,0,0,
Stock,Inventory Dimension,validate_negative_stock,Validate Negative Stock,Check,smallint,,0,0,0,0,0,
Stock,Item,naming_series,Series,Select,varchar(140),STO-ITEM-.YYYY.-,0,0,0,0,,
Stock,Item,item_code,Item Code,Data,varchar(140),,1,1,0,0,,
Stock,Item,variant_of,Variant Of,Link,varchar(140),Item,0,0,1,1,,
Stock,Item,item_name,Item Name,Data,varchar(140),,0,0,1,0,,
Stock,Item,item_group,Item Group,Link,varchar(140),Item Group,1,0,1,0,,
Stock,Item,stock_uom,Default Unit of Measure,Link,varchar(140),UOM,1,0,0,0,,
Stock,Item,disabled,Disabled,Check,smallint,,0,0,1,0,0,
Stock,Item,allow_alternative_item,Allow Alternative Item,Check,smallint,,0,0,0,0,0,
Stock,Item,is_stock_item,Maintain Stock,Check,smallint,,0,0,0,0,1,
Stock,Item,include_item_in_manufacturing,Include Item In Manufacturing,Check,smallint,,0,0,0,0,1,
Stock,Item,opening_stock,Opening Stock,Float,"numeric(21,9)",,0,0,0,0,,
Stock,Item,valuation_rate,Valuation Rate,Currency,"numeric(21,9)",,0,0,0,0,,
Stock,Item,standard_rate,Standard Selling Rate,Currency,"numeric(21,9)",,0,0,0,0,,
Stock,Item,is_fixed_asset,Is Fixed Asset,Check,smallint,,0,0,0,0,0,
Stock,Item,asset_category,Asset Category,Link,varchar(140),Asset Category,0,0,0,0,,
Stock,Item,asset_naming_series,Asset Naming Series,Select,varchar(140),,0,0,0,0,,
Stock,Item,image,Image,Attach Image,text,image,0,0,0,0,,
Stock,Item,brand,Brand,Link,varchar(140),Brand,0,0,0,0,,
Stock,Item,description,Description,Text Editor,text,,0,0,0,0,,
Stock,Item,shelf_life_in_days,Shelf Life In Days,Int,integer,,0,0,0,0,,
Stock,Item,end_of_life,End of Life,Date,date,,0,0,0,0,2099-12-31,
Stock,Item,default_material_request_type,Default Material Request Type,Select,varchar(140),Purchase|Material Transfer|Material Issue|Manufacture|Customer Provided,0,0,0,0,Purchase,
Stock,Item,valuation_method,Valuation Method,Select,varchar(140),FIFO|Moving Average|LIFO|Standard Cost,0,0,0,0,,
Stock,Item,warranty_period,Warranty Period (in days),Data,varchar(140),,0,0,0,0,,
Stock,Item,weight_per_unit,Weight Per Unit,Float,"numeric(21,9)",,0,0,0,0,,
Stock,Item,weight_uom,Weight UOM,Link,varchar(140),UOM,0,0,0,0,,
Stock,Item,has_batch_no,Has Batch No,Check,smallint,,0,0,0,0,0,
Stock,Item,create_new_batch,Automatically Create New Batch,Check,smallint,,0,0,0,0,0,
Stock,Item,batch_number_series,Batch Number Series,Data,varchar(140),,0,0,0,0,,
Stock,Item,has_expiry_date,Has Expiry Date,Check,smallint,,0,0,0,0,0,
Stock,Item,retain_sample,Retain Sample,Check,smallint,,0,0,0,0,0,
Stock,Item,sample_quantity,Max Sample Quantity,Int,integer,,0,0,0,0,,
Stock,Item,has_serial_no,Has Serial No,Check,smallint,,0,0,0,0,0,
Stock,Item,serial_no_series,Serial Number Series,Data,varchar(140),,0,0,0,0,,
Stock,Item,has_variants,Has Variants,Check,smallint,,0,0,0,0,0,
Stock,Item,variant_based_on,Variant Based On,Select,varchar(140),Item Attribute|Manufacturer,0,0,0,0,Item Attribute,
Stock,Item,is_purchase_item,Allow Purchase,Check,smallint,,0,0,0,0,1,
Stock,Item,purchase_uom,Default Purchase Unit of Measure,Link,varchar(140),UOM,0,0,0,0,,
Stock,Item,min_order_qty,Minimum Order Qty,Float,"numeric(21,9)",,0,0,0,0,0.00,
Stock,Item,safety_stock,Safety Stock,Float,"numeric(21,9)",,0,0,0,0,,
Stock,Item,lead_time_days,Lead Time in days,Int,integer,,0,0,0,0,,
Stock,Item,last_purchase_rate,Last Purchase Rate,Float,"numeric(21,9)",,0,0,0,1,,
Stock,Item,is_customer_provided_item,Is Customer Provided Item,Check,smallint,,0,0,0,0,0,
Stock,Item,delivered_by_supplier,Delivered by Supplier (Drop Ship),Check,smallint,,0,0,0,0,0,
Stock,Item,country_of_origin,Country of Origin,Link,varchar(140),Country,0,0,0,0,,
Stock,Item,customs_tariff_number,Customs Tariff Number,Link,varchar(140),Customs Tariff Number,0,0,0,0,,
Stock,Item,sales_uom,Default Sales Unit of Measure,Link,varchar(140),UOM,0,0,0,0,,
Stock,Item,is_sales_item,Allow Sales,Check,smallint,,0,0,0,0,1,
Stock,Item,max_discount,Max Discount (%),Float,"numeric(21,9)",,0,0,0,0,,
Stock,Item,enable_deferred_revenue,Enable Deferred Revenue,Check,smallint,,0,0,0,0,0,
Stock,Item,no_of_months,No of Months (Revenue),Int,integer,,0,0,0,0,,
Stock,Item,enable_deferred_expense,Enable Deferred Expense,Check,smallint,,0,0,0,0,0,
Stock,Item,no_of_months_exp,No of Months (Expense),Int,integer,,0,0,0,0,,
Stock,Item,inspection_required_before_purchase,Inspection Required before Purchase,Check,smallint,,0,0,0,0,0,
Stock,Item,inspection_required_before_delivery,Inspection Required before Delivery,Check,smallint,,0,0,0,0,0,
Stock,Item,quality_inspection_template,Quality Inspection Template,Link,varchar(140),Quality Inspection Template,0,0,0,0,,
Stock,Item,default_bom,Default BOM,Link,varchar(140),BOM,0,0,0,1,,
Stock,Item,is_sub_contracted_item,Is Subcontracted Item,Check,smallint,,0,0,0,0,0,
Stock,Item,customer_code,Customer Code,Small Text,text,,0,0,0,0,,
Stock,Item,total_projected_qty,Total Projected Qty,Float,"numeric(21,9)",,0,0,0,1,,
Stock,Item,over_delivery_receipt_allowance,Over Delivery/Receipt Allowance (%),Float,"numeric(21,9)",,0,0,0,0,,
Stock,Item,over_billing_allowance,Over Billing Allowance (%),Float,"numeric(21,9)",,0,0,0,0,,
Stock,Item,auto_create_assets,Auto create assets on purchase,Check,smallint,,0,0,0,0,0,
Stock,Item,default_item_manufacturer,Default Item Manufacturer,Link,varchar(140),Manufacturer,0,0,0,1,,
Stock,Item,default_manufacturer_part_no,Default Manufacturer Part No,Data,varchar(140),,0,0,0,1,,
Stock,Item,grant_commission,Grant Commission,Check,smallint,,0,0,0,0,1,
Stock,Item,is_grouped_asset,Create Grouped Asset,Check,smallint,,0,0,0,0,0,
Stock,Item,allow_negative_stock,Allow Negative Stock,Check,smallint,,0,0,0,0,0,
Stock,Item,production_capacity,Production Capacity,Int,integer,,0,0,0,0,,
Stock,Item,purchase_tax_withholding_category,Purchase Tax Withholding Category,Link,varchar(140),Tax Withholding Category,0,0,0,0,,
Stock,Item,sales_tax_withholding_category,Sales Tax Withholding Category,Link,varchar(140),Tax Withholding Category,0,0,0,0,,
Stock,Item,restrict_to_companies,Restrict to Companies,Check,smallint,,0,0,0,0,0,
Stock,Item Alternative,item_code,Item Code,Link,varchar(140),Item,0,0,0,0,,
Stock,Item Alternative,alternative_item_code,Alternative Item Code,Link,varchar(140),Item,0,0,0,0,,
Stock,Item Alternative,two_way,Two-way,Check,smallint,,0,0,0,0,0,
Stock,Item Alternative,item_name,Item Name,Read Only,varchar(140),,0,0,0,0,,item_code.item_name
Stock,Item Alternative,alternative_item_name,Alternative Item Name,Read Only,varchar(140),,0,0,0,0,,alternative_item_code.item_name
Stock,Item Attribute,attribute_name,Attribute Name,Data,varchar(140),,1,1,0,0,,
Stock,Item Attribute,numeric_values,Numeric Values,Check,smallint,,0,0,0,0,0,
Stock,Item Attribute,from_range,From Range,Float,"numeric(21,9)",,0,0,0,0,0,
Stock,Item Attribute,increment,Increment,Float,"numeric(21,9)",,0,0,0,0,0,
Stock,Item Attribute,to_range,To Range,Float,"numeric(21,9)",,0,0,0,0,0,
Stock,Item Attribute,disabled,Disabled,Check,smallint,,0,0,0,0,0,
Stock,Item Attribute Value,attribute_value,Attribute Value,Data,varchar(140),,1,0,0,0,,
Stock,Item Attribute Value,abbr,Abbreviation,Data,varchar(140),,1,0,1,0,,
Stock,Item Barcode,barcode,Barcode,Data,varchar(140),,1,1,0,0,,
Stock,Item Barcode,barcode_type,Barcode Type,Select,varchar(140),EAN|UPC-A|CODE-39|EAN-13|EAN-8|GS1|GTIN|GTIN-14|ISBN|ISBN-10|ISBN-13|ISSN|JAN|PZN|UPC,0,0,0,0,,
Stock,Item Barcode,uom,UOM,Link,varchar(140),UOM,0,0,0,0,,
Stock,Item Customer Detail,customer_name,Customer Name,Link,varchar(140),Customer,0,0,1,0,,
Stock,Item Customer Detail,customer_group,Customer Group,Link,varchar(140),Customer Group,0,0,0,0,,
Stock,Item Customer Detail,ref_code,Ref Code,Data,varchar(140),,1,0,1,0,,
Stock,Item Default,company,Company,Link,varchar(140),Company,1,0,0,0,,
Stock,Item Default,default_warehouse,Warehouse,Link,varchar(140),Warehouse,0,0,1,0,,
Stock,Item Default,default_price_list,Price List,Link,varchar(140),Price List,0,0,0,0,,
Stock,Item Default,default_discount_account,Discount Account,Link,varchar(140),Account,0,0,0,0,,
Stock,Item Default,default_inventory_account,Inventory Account,Link,varchar(140),Account,0,0,0,0,,
Stock,Item Default,inventory_account_currency,Inventory Account Currency,Link,varchar(140),Currency,0,0,0,1,,default_inventory_account.account_currency
Stock,Item Default,buying_cost_center,Buying Cost Center,Link,varchar(140),Cost Center,0,0,0,0,,
Stock,Item Default,default_supplier,Supplier,Link,varchar(140),Supplier,0,0,0,0,,
Stock,Item Default,expense_account,Expense Account,Link,varchar(140),Account,0,0,0,0,,
Stock,Item Default,default_provisional_account,Provisional Account (Service),Link,varchar(140),Account,0,0,0,0,,
Stock,Item Default,purchase_expense_account,Purchase Expense Account,Link,varchar(140),Account,0,0,0,0,,
Stock,Item Default,purchase_expense_contra_account,Purchase Expense Contra Account,Link,varchar(140),Account,0,0,0,0,,
Stock,Item Default,expenses_added_to_stock_account,Expenses Added To Stock Account,Link,varchar(140),Account,0,0,0,0,,
Stock,Item Default,expenses_added_to_stock_contra_account,Expenses Added To Stock Contra Account,Link,varchar(140),Account,0,0,0,0,,
Stock,Item Default,purchase_price_variance_account,Purchase Price Variance Account,Link,varchar(140),Account,0,0,0,0,,
Stock,Item Default,manufacturing_variance_account,Manufacturing Variance Account,Link,varchar(140),Account,0,0,0,0,,
Stock,Item Default,selling_cost_center,Selling Cost Center,Link,varchar(140),Cost Center,0,0,0,0,,
Stock,Item Default,income_account,Income Account,Link,varchar(140),Account,0,0,0,0,,
Stock,Item Default,default_cogs_account,COGS Account,Link,varchar(140),Account,0,0,0,0,,
Stock,Item Default,deferred_expense_account,Expense Account,Link,varchar(140),Account,0,0,0,0,,
Stock,Item Default,deferred_revenue_account,Revenue Account,Link,varchar(140),Account,0,0,0,0,,
Stock,Item Lead Time,item_code,Item Code,Link,varchar(140),Item,0,1,0,0,,
Stock,Item Lead Time,item_name,Item Name,Data,varchar(140),,0,0,0,1,,item_code.item_name
Stock,Item Lead Time,buffer_time,Buffer Time,Int,integer,,0,0,0,0,,
Stock,Item Lead Time,no_of_shift,No of Shift,Int,integer,,0,0,0,0,1,
Stock,Item Lead Time,manufacturing_time_in_mins,Manufacturing Time,Int,integer,,0,0,0,0,,
Stock,Item Lead Time,total_workstation_time,Total Workstation Time (In Hours),Int,integer,,0,0,0,0,,
Stock,Item Lead Time,daily_yield,Daily Yield (%),Percent,"numeric(21,9)",,0,0,0,0,90,
Stock,Item Lead Time,capacity_per_day,Capacity,Int,integer,,0,0,0,0,,
Stock,Item Lead Time,no_of_units_produced,No of Units Produced,Int,integer,,0,0,0,0,,
Stock,Item Lead Time,purchase_time,Purchase Time,Int,integer,,0,0,0,0,,
Stock,Item Lead Time,shift_time_in_hours,Shift Time (In Hours),Int,integer,,0,0,0,0,,
Stock,Item Lead Time,no_of_workstations,No of Workstations,Int,integer,,0,0,0,0,,
Stock,Item Lead Time,stock_uom,Stock UOM,Link,varchar(140),UOM,0,0,0,1,,item_code.stock_uom
Stock,Item Manufacturer,manufacturer,Manufacturer,Link,varchar(140),Manufacturer,1,0,0,0,,
Stock,Item Manufacturer,manufacturer_part_no,Manufacturer Part Number,Data,varchar(140),,1,0,0,0,,
Stock,Item Manufacturer,item_code,Item Code,Link,varchar(140),Item,1,0,0,0,,
Stock,Item Manufacturer,item_name,Item Name,Data,varchar(140),,0,0,0,1,,item_code.item_name
Stock,Item Manufacturer,description,Description,Small Text,text,,0,0,0,1,,item_code.description
Stock,Item Manufacturer,is_default,Is Default,Check,smallint,,0,0,0,0,0,
Stock,Item Price,item_code,Item Code,Link,varchar(140),Item,1,0,1,0,,
Stock,Item Price,uom,UOM,Link,varchar(140),UOM,1,0,0,0,,item_code.stock_uom
Stock,Item Price,packing_unit,Packing Unit,Int,integer,,0,0,0,0,0,
Stock,Item Price,item_name,Item Name,Data,varchar(140),,0,0,0,1,,
Stock,Item Price,brand,Brand,Link,varchar(140),Brand,0,0,0,1,,item_code.brand
Stock,Item Price,item_description,Item Description,Text,text,,0,0,0,1,,
Stock,Item Price,price_list,Price List,Link,varchar(140),Price List,1,0,1,0,,
Stock,Item Price,customer,Customer,Link,varchar(140),Customer,0,0,0,0,,
Stock,Item Price,supplier,Supplier,Link,varchar(140),Supplier,0,0,0,0,,
Stock,Item Price,buying,Buying,Check,smallint,,0,0,0,1,0,
Stock,Item Price,selling,Selling,Check,smallint,,0,0,0,1,0,
Stock,Item Price,currency,Currency,Link,varchar(140),Currency,0,0,0,1,,price_list.currency
Stock,Item Price,price_list_rate,Rate,Currency,"numeric(21,9)",currency,1,0,0,0,,
Stock,Item Price,valid_from,Valid From,Date,date,,0,0,0,0,Today,
Stock,Item Price,lead_time_days,Lead Time in days,Int,integer,,0,0,0,0,0,
Stock,Item Price,valid_upto,Valid Up To,Date,date,,0,0,0,0,,
Stock,Item Price,note,Note,Text,text,,0,0,0,0,,
Stock,Item Price,reference,Reference,Data,varchar(140),,0,0,0,0,,
Stock,Item Price,batch_no,Batch No,Link,varchar(140),Batch,0,0,0,0,,
Stock,Item Quality Inspection Parameter,specification,Parameter,Link,varchar(140),Quality Inspection Parameter,1,0,0,0,,
Stock,Item Quality Inspection Parameter,value,Acceptance Criteria Value,Data,varchar(140),,0,0,0,0,,
Stock,Item Quality Inspection Parameter,acceptance_formula,Acceptance Criteria Formula,Code,text,PythonExpression,0,0,0,0,,
Stock,Item Quality Inspection Parameter,formula_based_criteria,Formula Based Criteria,Check,smallint,,0,0,0,0,0,
Stock,Item Quality Inspection Parameter,min_value,Minimum Value,Float,"numeric(21,9)",,0,0,0,0,,
Stock,Item Quality Inspection Parameter,max_value,Maximum Value,Float,"numeric(21,9)",,0,0,0,0,,
Stock,Item Quality Inspection Parameter,numeric,Numeric,Check,smallint,,0,0,0,0,1,
Stock,Item Quality Inspection Parameter,parameter_group,Parameter Group,Link,varchar(140),Quality Inspection Parameter Group,0,0,0,1,,specification.parameter_group
Stock,Item Reorder,warehouse_group,Check Availability in Warehouse,Link,varchar(140),Warehouse,0,0,0,0,,
Stock,Item Reorder,warehouse,Request for,Link,varchar(140),Warehouse,1,0,0,0,,
Stock,Item Reorder,warehouse_reorder_level,Re-order Level,Float,"numeric(21,9)",,0,0,0,0,,
Stock,Item Reorder,warehouse_reorder_qty,Re-order Qty,Float,"numeric(21,9)",,0,0,0,0,,
Stock,Item Reorder,material_request_type,Material Request Type,Select,varchar(140),Purchase|Transfer|Material Issue|Manufacture,1,0,0,0,,
Stock,Item Standard Cost,naming_series,Series,Select,varchar(140),ISC-.YYYY.-,1,0,0,0,ISC-.YYYY.-,
Stock,Item Standard Cost,item_code,Item,Link,varchar(140),Item,1,0,1,0,,
Stock,Item Standard Cost,company,Company,Link,varchar(140),Company,1,0,1,0,,
Stock,Item Standard Cost,standard_rate,Standard Valuation Rate,Currency,"numeric(21,9)",Company:company:default_currency,1,0,0,0,,
Stock,Item Standard Cost,effective_date,Effective Date,Date,date,,1,0,0,0,Today,
Stock,Item Standard Cost,revaluation_entry,Revaluation Entry,Link,varchar(140),Stock Reconciliation,0,0,0,1,,
Stock,Item Standard Cost,amended_from,Amended From,Link,varchar(140),Item Standard Cost,0,0,1,1,,
Stock,Item Supplier,supplier,Supplier,Link,varchar(140),Supplier,1,0,0,0,,
Stock,Item Supplier,supplier_part_no,Supplier Part Number,Data,varchar(140),,0,0,0,0,,
Stock,Item Tax,item_tax_template,Item Tax Template,Link,varchar(140),Item Tax Template,1,0,0,0,,
Stock,Item Tax,tax_category,Tax Category,Link,varchar(140),Tax Category,0,0,0,0,,
Stock,Item Tax,valid_from,Valid From,Date,date,,0,0,0,0,,
Stock,Item Tax,maximum_net_rate,Maximum Net Rate,Float,"numeric(21,9)",,0,0,0,0,,
Stock,Item Tax,minimum_net_rate,Minimum Net Rate,Float,"numeric(21,9)",,0,0,0,0,,
Stock,Item Variant,item_attribute,Item Attribute,Link,varchar(140),Item Attribute,1,0,0,0,,
Stock,Item Variant,item_attribute_value,Item Attribute Value,Data,varchar(140),,1,0,0,0,,
Stock,Item Variant Attribute,variant_of,Variant Of,Link,varchar(140),Item,0,0,1,0,,
Stock,Item Variant Attribute,attribute,Attribute,Link,varchar(140),Item Attribute,1,0,1,0,,
Stock,Item Variant Attribute,attribute_value,Attribute Value,Data,varchar(140),,0,0,0,0,,
Stock,Item Variant Attribute,numeric_values,Numeric Values,Check,smallint,,0,0,0,0,0,
Stock,Item Variant Attribute,from_range,From Range,Float,"numeric(21,9)",,0,0,0,0,,
Stock,Item Variant Attribute,increment,Increment,Float,"numeric(21,9)",,0,0,0,0,,
Stock,Item Variant Attribute,to_range,To Range,Float,"numeric(21,9)",,0,0,0,0,,
Stock,Item Variant Attribute,disabled,Disabled,Check,smallint,,0,0,0,0,0,attribute.disabled
Stock,Item Variant Settings,do_not_update_variants,Do not update variants on save,Check,smallint,,0,0,0,0,0,
Stock,Item Variant Settings,allow_rename_attribute_value,Allow Rename Attribute Value,Check,smallint,,0,0,0,0,0,
Stock,Item Variant Settings,allow_different_uom,Allow Variant UOM to be different from Template UOM,Check,smallint,,0,0,0,0,0,
Stock,Item Website Specification,label,Label,Data,varchar(140),,0,0,0,0,,
Stock,Item Website Specification,description,Description,Text Editor,text,,0,0,0,0,,
Stock,Landed Cost Item,item_code,Item Code,Link,varchar(140),Item,1,0,0,1,,
Stock,Landed Cost Item,description,Description,Text Editor,text,,0,0,0,1,,
Stock,Landed Cost Item,receipt_document_type,Receipt Document Type,Select,varchar(140),Purchase Invoice|Purchase Receipt|Stock Entry|Subcontracting Receipt,0,0,0,1,,
Stock,Landed Cost Item,receipt_document,Receipt Document,Dynamic Link,varchar(140),receipt_document_type,0,0,0,1,,
Stock,Landed Cost Item,qty,Qty,Float,"numeric(21,9)",,0,0,0,1,,
Stock,Landed Cost Item,rate,Rate,Currency,"numeric(21,9)",Company:company:default_currency,0,0,0,1,,
Stock,Landed Cost Item,amount,Amount,Currency,"numeric(21,9)",Company:company:default_currency,1,0,0,1,,
Stock,Landed Cost Item,applicable_charges,Applicable Charges,Currency,"numeric(21,9)",Company:company:default_currency,0,0,0,0,,
Stock,Landed Cost Item,purchase_receipt_item,Purchase Receipt Item,Data,varchar(140),,0,0,0,1,,
Stock,Landed Cost Item,cost_center,Cost Center,Link,varchar(140),Cost Center,0,0,0,0,,
Stock,Landed Cost Item,is_fixed_asset,Is Fixed Asset,Check,smallint,,0,0,0,1,0,item_code.is_fixed_asset
Stock,Landed Cost Item,stock_entry_item,Stock Entry Item,Data,varchar(140),,0,0,0,1,,
Stock,Landed Cost Purchase Receipt,receipt_document_type,Receipt Document Type,Select,varchar(140),Purchase Invoice|Purchase Receipt|Stock Entry|Subcontracting Receipt,1,0,0,0,,
Stock,Landed Cost Purchase Receipt,receipt_document,Receipt Document,Dynamic Link,varchar(140),receipt_document_type,1,0,0,0,,
Stock,Landed Cost Purchase Receipt,supplier,Supplier,Link,varchar(140),Supplier,0,0,0,1,,
Stock,Landed Cost Purchase Receipt,posting_date,Posting Date,Date,date,,0,0,0,1,,
Stock,Landed Cost Purchase Receipt,grand_total,Grand Total,Currency,"numeric(21,9)",Company:company:default_currency,0,0,0,1,,
Stock,Landed Cost Taxes and Charges,description,Description,Small Text,text,,1,0,0,0,,
Stock,Landed Cost Taxes and Charges,amount,Amount,Currency,"numeric(21,9)",account_currency,1,0,0,0,,
Stock,Landed Cost Taxes and Charges,expense_account,Expense Account,Link,varchar(140),Account,0,0,0,0,,
Stock,Landed Cost Taxes and Charges,account_currency,Account Currency,Link,varchar(140),Currency,0,0,0,1,,
Stock,Landed Cost Taxes and Charges,exchange_rate,Exchange Rate,Float,"numeric(21,9)",,0,0,0,0,,
Stock,Landed Cost Taxes and Charges,base_amount,Amount (Company Currency),Currency,"numeric(21,9)",Company:company:default_currency,0,0,0,1,,
Stock,Landed Cost Taxes and Charges,has_corrective_cost,Has Corrective Cost,Check,smallint,,0,0,0,1,0,
Stock,Landed Cost Taxes and Charges,has_operating_cost,Has Operating Cost,Check,smallint,,0,0,0,1,0,
Stock,Landed Cost Taxes and Charges,operation_id,Operation ID,Data,varchar(140),,0,0,0,1,,
Stock,Landed Cost Taxes and Charges,qty,Qty,Float,"numeric(21,9)",,0,0,0,1,,
Stock,Landed Cost Taxes and Charges,operating_component,Operating Component,Data,varchar(140),,0,0,0,1,,
Stock,Landed Cost Vendor Invoice,vendor_invoice,Vendor Invoice,Link,varchar(140),Purchase Invoice,0,0,1,0,,
Stock,Landed Cost Vendor Invoice,amount,Amount (Company Currency),Currency,"numeric(21,9)",Company:company:default_currency,0,0,0,1,,
Stock,Landed Cost Voucher,naming_series,Series,Select,varchar(140),MAT-LCV-.YYYY.-,1,0,0,0,,
Stock,Landed Cost Voucher,company,Company,Link,varchar(140),Company,1,0,0,0,,
Stock,Landed Cost Voucher,total_taxes_and_charges,Total Landed Cost (Company Currency),Currency,"numeric(21,9)",Company:company:default_currency,1,0,0,1,,
Stock,Landed Cost Voucher,distribute_charges_based_on,Distribute Charges Based On,Select,varchar(140),Qty|Amount|Distribute Manually,1,0,0,0,,
Stock,Landed Cost Voucher,amended_from,Amended From,Link,varchar(140),Landed Cost Voucher,0,0,0,1,,
Stock,Landed Cost Voucher,posting_date,Posting Date,Date,date,,1,0,0,0,Today,
Stock,Landed Cost Voucher,total_vendor_invoices_cost,Total Vendor Invoices Cost (Company Currency),Currency,"numeric(21,9)",Company:company:default_currency,0,0,0,1,,
Stock,Manufacturer,short_name,Short Name,Data,varchar(140),,1,1,0,0,,
Stock,Manufacturer,full_name,Full Name,Data,varchar(140),,0,0,0,0,,
Stock,Manufacturer,website,Website,Data,varchar(140),,0,0,0,0,,
Stock,Manufacturer,country,Country,Link,varchar(140),Country,0,0,0,0,,
Stock,Manufacturer,logo,Logo,Attach Image,text,,0,0,0,0,,
Stock,Manufacturer,notes,Notes,Small Text,text,,0,0,0,0,,
Stock,Material Request,naming_series,Series,Select,varchar(140),MAT-MR-.YYYY.-,1,0,0,0,,
Stock,Material Request,title,Title,Data,varchar(140),,0,0,0,0,,
Stock,Material Request,material_request_type,Purpose,Select,varchar(140),Purchase|Material Transfer|Material Issue|Manufacture|Subcontracting|Customer Provided,1,0,0,0,,
Stock,Material Request,customer,Customer,Link,varchar(140),Customer,0,0,0,0,,
Stock,Material Request,schedule_date,Required By,Date,date,,0,0,0,0,,
Stock,Material Request,company,Company,Link,varchar(140),Company,1,0,1,0,,
Stock,Material Request,amended_from,Amended From,Link,varchar(140),Material Request,0,0,0,1,,
Stock,Material Request,scan_barcode,Scan Barcode,Data,varchar(140),Barcode,0,0,0,0,,
Stock,Material Request,transaction_date,Transaction Date,Date,date,,1,0,1,0,Today,
Stock,Material Request,status,Status,Select,varchar(140),Draft|Submitted|Stopped|Cancelled|Pending|Partially Ordered|Partially Received|Ordered|Issued|Transferred|Received,0,0,1,1,,
Stock,Material Request,per_ordered,% Ordered,Percent,"numeric(21,9)",,0,0,0,1,,
Stock,Material Request,per_received,% Received,Percent,"numeric(21,9)",,0,0,0,1,,
Stock,Material Request,letter_head,Letter Head,Link,varchar(140),Letter Head,0,0,0,0,,
Stock,Material Request,select_print_heading,Print Heading,Link,varchar(140),Print Heading,0,0,0,0,,
Stock,Material Request,tc_name,Terms,Link,varchar(140),Terms and Conditions,0,0,0,0,,
Stock,Material Request,terms,Terms and Conditions Content,Text Editor,text,,0,0,0,0,,
Stock,Material Request,job_card,Job Card,Link,varchar(140),Job Card,0,0,0,1,,
Stock,Material Request,set_warehouse,Set Target Warehouse,Link,varchar(140),Warehouse,0,0,0,0,,
Stock,Material Request,set_from_warehouse,Set Source Warehouse,Link,varchar(140),Warehouse,0,0,0,0,,
Stock,Material Request,transfer_status,Transfer Status,Select,varchar(140),Not Started|In Transit|Completed,0,0,0,1,,
Stock,Material Request,work_order,Work Order,Link,varchar(140),Work Order,0,0,0,1,,
Stock,Material Request,buying_price_list,Price List,Link,varchar(140),Price List,0,0,0,0,,
Stock,Material Request,auto_created_via_reorder,Auto Created (Reorder),Check,smallint,,0,0,0,1,0,
Stock,Material Request Item,item_code,Item Code,Link,varchar(140),Item,1,0,1,0,,
Stock,Material Request Item,item_name,Item Name,Data,varchar(140),,0,0,1,0,,
Stock,Material Request Item,description,Description,Text Editor,text,,0,0,0,0,,
Stock,Material Request Item,image,Image,Attach Image,text,,0,0,0,1,,item_code.image
Stock,Material Request Item,qty,Quantity,Float,"numeric(21,9)",,1,0,0,0,,
Stock,Material Request Item,uom,UOM,Link,varchar(140),UOM,1,0,0,0,,
Stock,Material Request Item,conversion_factor,UOM Conversion Factor,Float,"numeric(21,9)",,1,0,0,0,,
Stock,Material Request Item,stock_uom,Stock UOM,Link,varchar(140),UOM,1,0,0,1,,
Stock,Material Request Item,warehouse,Target Warehouse,Link,varchar(140),Warehouse,0,0,0,0,,
Stock,Material Request Item,schedule_date,Required By,Date,date,,1,0,0,0,,
Stock,Material Request Item,rate,Rate,Currency,"numeric(21,9)",Company:company:default_currency,0,0,0,0,,
Stock,Material Request Item,amount,Amount,Currency,"numeric(21,9)",Company:company:default_currency,0,0,0,1,,
Stock,Material Request Item,stock_qty,Stock Qty,Float,"numeric(21,9)",,0,0,0,1,,
Stock,Material Request Item,item_group,Item Group,Link,varchar(140),Item Group,0,0,1,1,,
Stock,Material Request Item,brand,Brand,Link,varchar(140),Brand,0,0,0,1,,
Stock,Material Request Item,lead_time_date,Lead Time Date,Date,date,,0,0,0,1,,
Stock,Material Request Item,sales_order,Sales Order,Link,varchar(140),Sales Order,0,0,0,1,,
Stock,Material Request Item,sales_order_item,Sales Order Item,Data,varchar(140),,0,0,1,1,,
Stock,Material Request Item,project,Project,Link,varchar(140),Project,0,0,0,0,,
Stock,Material Request Item,production_plan,Production Plan,Link,varchar(140),Production Plan,0,0,0,1,,
Stock,Material Request Item,material_request_plan_item,Material Request Plan Item,Data,varchar(140),,0,0,0,1,,
Stock,Material Request Item,min_order_qty,Min Order Qty,Float,"numeric(21,9)",,0,0,0,1,,
Stock,Material Request Item,projected_qty,Projected Qty,Float,"numeric(21,9)",,0,0,0,1,,
Stock,Material Request Item,actual_qty,Actual Qty,Float,"numeric(21,9)",,0,0,0,1,,
Stock,Material Request Item,ordered_qty,Completed Qty,Float,"numeric(21,9)",,0,0,0,1,,
Stock,Material Request Item,expense_account,Expense Account,Link,varchar(140),Account,0,0,0,0,,
Stock,Material Request Item,cost_center,Cost Center,Link,varchar(140),Cost Center,0,0,0,0,,
Stock,Material Request Item,page_break,Page Break,Check,smallint,,0,0,0,0,0,
Stock,Material Request Item,received_qty,Received Qty,Float,"numeric(21,9)",,0,0,0,1,,
Stock,Material Request Item,manufacturer,Manufacturer,Link,varchar(140),Manufacturer,0,0,0,0,,
Stock,Material Request Item,manufacturer_part_no,Manufacturer Part Number,Data,varchar(140),,0,0,0,1,,
Stock,Material Request Item,from_warehouse,Source Warehouse,Link,varchar(140),Warehouse,0,0,0,0,,
Stock,Material Request Item,bom_no,BOM No,Link,varchar(140),BOM,0,0,0,0,,
Stock,Material Request Item,job_card_item,Job Card Item,Data,varchar(140),,0,0,0,0,,
Stock,Material Request Item,wip_composite_asset,WIP Composite Asset,Link,varchar(140),Asset,0,0,0,0,,
Stock,Material Request Item,price_list_rate,Price List Rate,Currency,"numeric(21,9)",currency,0,0,0,1,,
Stock,Material Request Item,reorder_level,Reorder Level,Float,"numeric(21,9)",,0,0,0,1,,
Stock,Material Request Item,reorder_qty,Reorder Qty,Float,"numeric(21,9)",,0,0,0,1,,
Stock,Material Request Item,projected_on_hand,Projected On Hand,Float,"numeric(21,9)",,0,0,0,1,,
Stock,Material Request Item,picked_qty,Picked Qty,Float,"numeric(21,9)",,0,0,0,1,,
Stock,Material Request Item,packed_item,Packed Item,Data,varchar(140),,0,0,1,1,,
Stock,Packed Item,parent_item,Parent Item,Link,varchar(140),Item,0,0,0,1,,
Stock,Packed Item,item_code,Item Code,Link,varchar(140),Item,0,0,0,1,,
Stock,Packed Item,product_bundle,Product Bundle,Link,varchar(140),Product Bundle,0,0,0,1,,
Stock,Packed Item,item_name,Item Name,Data,varchar(140),,0,0,0,1,,
Stock,Packed Item,description,Description,Text Editor,text,,0,0,0,0,,
Stock,Packed Item,warehouse,From Warehouse,Link,varchar(140),Warehouse,0,0,0,0,,
Stock,Packed Item,target_warehouse,To Warehouse (Optional),Link,varchar(140),Warehouse,0,0,0,0,,
Stock,Packed Item,qty,Qty,Float,"numeric(21,9)",,0,0,0,1,,
Stock,Packed Item,serial_no,Serial No,Text,text,,0,0,0,0,,
Stock,Packed Item,batch_no,Batch No,Link,varchar(140),Batch,0,0,0,0,,
Stock,Packed Item,actual_qty,Actual Qty,Float,"numeric(21,9)",,0,0,0,1,,
Stock,Packed Item,projected_qty,Projected Qty,Float,"numeric(21,9)",,0,0,0,1,,
Stock,Packed Item,uom,UOM,Link,varchar(140),UOM,0,0,0,1,,
Stock,Packed Item,page_break,Page Break,Check,smallint,,0,0,0,1,0,
Stock,Packed Item,prevdoc_doctype,Prevdoc DocType,Data,varchar(140),,0,0,0,1,,
Stock,Packed Item,parent_detail_docname,Parent Detail docname,Data,varchar(140),,0,0,1,1,,
Stock,Packed Item,actual_batch_qty,Actual Batch Quantity,Float,"numeric(21,9)",,0,0,0,1,,
Stock,Packed Item,incoming_rate,Incoming Rate,Currency,"numeric(21,9)",,0,0,0,1,,
Stock,Packed Item,conversion_factor,Conversion Factor,Float,"numeric(21,9)",,0,0,0,0,,
Stock,Packed Item,rate,Rate,Currency,"numeric(21,9)",currency,0,0,0,1,,
Stock,Packed Item,ordered_qty,Ordered Qty,Float,"numeric(21,9)",,0,0,0,1,,
Stock,Packed Item,picked_qty,Picked Qty,Float,"numeric(21,9)",,0,0,0,1,,
Stock,Packed Item,packed_qty,Packed Qty,Float,"numeric(21,9)",,0,0,0,1,0,
Stock,Packed Item,serial_and_batch_bundle,Serial and Batch Bundle,Link,varchar(140),Serial and Batch Bundle,0,0,0,0,,
Stock,Packed Item,use_serial_batch_fields,Use Serial No / Batch Fields,Check,smallint,,0,0,0,0,0,
Stock,Packed Item,delivered_by_supplier,Supplier delivers to Customer,Check,smallint,,0,0,0,1,0,
Stock,Packed Item,requested_qty,Requested Qty,Float,"numeric(21,9)",,0,0,0,1,0,
Stock,Packed Item,reserve_stock,Reserve Stock,Check,smallint,,0,0,0,0,0,
Stock,Packing Slip,delivery_note,Delivery Note,Link,varchar(140),Delivery Note,1,0,0,0,,
Stock,Packing Slip,naming_series,Series,Select,varchar(140),MAT-PAC-.YYYY.-,1,0,0,0,,
Stock,Packing Slip,from_case_no,From Package No.,Int,integer,,1,0,0,0,,
Stock,Packing Slip,to_case_no,To Package No.,Int,integer,,0,0,0,0,,
Stock,Packing Slip,net_weight_pkg,Net Weight,Float,"numeric(21,9)",,0,0,0,1,,
Stock,Packing Slip,net_weight_uom,Net Weight UOM,Link,varchar(140),UOM,0,0,0,1,,
Stock,Packing Slip,gross_weight_pkg,Gross Weight,Float,"numeric(21,9)",,0,0,0,0,,
Stock,Packing Slip,gross_weight_uom,Gross Weight UOM,Link,varchar(140),UOM,0,0,0,0,,
Stock,Packing Slip,letter_head,Letter Head,Link,varchar(140),Letter Head,0,0,0,0,,
Stock,Packing Slip,amended_from,Amended From,Link,varchar(140),Packing Slip,0,0,0,1,,
Stock,Packing Slip Item,item_code,Item Code,Link,varchar(140),Item,1,0,0,0,,
Stock,Packing Slip Item,item_name,Item Name,Data,varchar(140),,0,0,0,1,,item_code.item_name
Stock,Packing Slip Item,batch_no,Batch No,Link,varchar(140),Batch,0,0,0,0,,
Stock,Packing Slip Item,description,Description,Text Editor,text,,0,0,0,0,,
Stock,Packing Slip Item,qty,Quantity,Float,"numeric(21,9)",,1,0,0,0,,
Stock,Packing Slip Item,net_weight,Net Weight,Float,"numeric(21,9)",,0,0,0,0,,
Stock,Packing Slip Item,stock_uom,UOM,Link,varchar(140),UOM,0,0,0,1,,
Stock,Packing Slip Item,weight_uom,Weight UOM,Link,varchar(140),UOM,0,0,0,0,,
Stock,Packing Slip Item,page_break,Page Break,Check,smallint,,0,0,0,0,0,
Stock,Packing Slip Item,dn_detail,Delivery Note Item,Data,varchar(140),,0,0,0,1,,
Stock,Packing Slip Item,pi_detail,Delivery Note Packed Item,Data,varchar(140),,0,0,0,1,,
Stock,Pick List,company,Company,Link,varchar(140),Company,1,0,0,0,,
Stock,Pick List,parent_warehouse,Warehouse,Link,varchar(140),Warehouse,0,0,0,0,,
Stock,Pick List,customer,Customer,Link,varchar(140),Customer,0,0,0,0,,
Stock,Pick List,work_order,Work Order,Link,varchar(140),Work Order,0,0,0,0,,
Stock,Pick List,for_qty,Qty of Finished Goods Item,Float,"numeric(21,9)",,0,0,0,1,,
Stock,Pick List,amended_from,Amended From,Link,varchar(140),Pick List,0,0,0,1,,
Stock,Pick List,purpose,Purpose,Select,varchar(140),Material Transfer for Manufacture|Material Transfer|Delivery,0,0,0,0,Material Transfer for Manufacture,
Stock,Pick List,material_request,Material Request,Link,varchar(140),Material Request,0,0,0,0,,
Stock,Pick List,naming_series,Series,Select,varchar(140),STO-PICK-.YYYY.-,1,0,0,0,,
Stock,Pick List,group_same_items,Group Same Items,Check,smallint,,0,0,0,0,0,
Stock,Pick List,scan_barcode,Scan Barcode,Data,varchar(140),Barcode,0,0,0,0,,
Stock,Pick List,scan_mode,Scan Mode,Check,smallint,,0,0,0,0,0,
Stock,Pick List,prompt_qty,Prompt Qty,Check,smallint,,0,0,0,0,0,
Stock,Pick List,customer_name,Customer Name,Data,varchar(140),,0,0,0,1,,customer.customer_name
Stock,Pick List,status,Status,Select,varchar(140),Draft|Open|Partly Delivered|Partially Transferred|Completed|Cancelled,1,0,1,1,Draft,
Stock,Pick List,consider_rejected_warehouses,Consider Rejected Warehouses,Check,smallint,,0,0,0,0,0,
Stock,Pick List,pick_manually,Pick Manually,Check,smallint,,0,0,0,0,0,
Stock,Pick List,ignore_pricing_rule,Ignore Pricing Rule,Check,smallint,,0,0,0,0,0,
Stock,Pick List,delivery_status,Delivery Status,Select,varchar(140),Not Delivered|Fully Delivered|Partly Delivered,0,0,0,0,,
Stock,Pick List,per_delivered,% Delivered,Percent,"numeric(21,9)",,0,0,0,1,,
Stock,Pick List Item,qty,Qty,Float,"numeric(21,9)",,1,0,0,0,1,
Stock,Pick List Item,picked_qty,Picked Qty (in Stock UOM),Float,"numeric(21,9)",,0,0,0,0,,
Stock,Pick List Item,warehouse,Warehouse,Link,varchar(140),Warehouse,0,0,0,1,,
Stock,Pick List Item,item_name,Item Name,Data,varchar(140),,0,0,0,1,,item_code.item_name
Stock,Pick List Item,description,Description,Text,text,,0,0,0,1,,item_code.description
Stock,Pick List Item,serial_no,Serial No,Small Text,text,,0,0,0,0,,
Stock,Pick List Item,batch_no,Batch No,Link,varchar(140),Batch,0,0,1,0,,
Stock,Pick List Item,stock_uom,Stock UOM,Link,varchar(140),UOM,0,0,0,1,,
Stock,Pick List Item,uom,UOM,Link,varchar(140),UOM,0,0,0,0,,
Stock,Pick List Item,conversion_factor,UOM Conversion Factor,Float,"numeric(21,9)",,0,0,0,1,,
Stock,Pick List Item,stock_qty,Qty (in Stock UOM),Float,"numeric(21,9)",,0,0,0,1,,
Stock,Pick List Item,item_code,Item,Link,varchar(140),Item,1,0,1,0,,
Stock,Pick List Item,sales_order,Sales Order,Link,varchar(140),Sales Order,0,0,0,1,,
Stock,Pick List Item,sales_order_item,Sales Order Item,Data,varchar(140),,0,0,0,1,,
Stock,Pick List Item,material_request,Material Request,Link,varchar(140),Material Request,0,0,1,1,,
Stock,Pick List Item,material_request_item,Material Request Item,Data,varchar(140),,0,0,0,1,,
Stock,Pick List Item,item_group,Item Group,Data,varchar(140),,0,0,0,1,,item_code.item_group
Stock,Pick List Item,product_bundle_item,Product Bundle Item,Data,varchar(140),,0,0,0,1,,
Stock,Pick List Item,serial_and_batch_bundle,Serial and Batch Bundle,Link,varchar(140),Serial and Batch Bundle,0,0,1,0,,
Stock,Pick List Item,stock_reserved_qty,Stock Reserved Qty (in Stock UOM),Float,"numeric(21,9)",,0,0,0,1,0,
Stock,Pick List Item,use_serial_batch_fields,Use Serial No / Batch Fields,Check,smallint,,0,0,0,0,0,
Stock,Pick List Item,delivered_qty,Delivered Qty (in Stock UOM),Float,"numeric(21,9)",,0,0,0,1,0,
Stock,Pick List Item,transferred_qty,Transferred Qty (in Stock UOM),Float,"numeric(21,9)",,0,0,0,1,0,
Stock,Pick List Item,actual_qty,Qty (Warehouse),Float,"numeric(21,9)",,0,0,0,1,,
Stock,Pick List Item,company_total_stock,Qty (Company),Float,"numeric(21,9)",,0,0,0,1,,
Stock,Price List,enabled,Enabled,Check,smallint,,0,0,0,0,1,
Stock,Price List,price_list_name,Price List Name,Data,varchar(140),,1,1,0,0,,
Stock,Price List,currency,Currency,Link,varchar(140),Currency,1,0,0,0,,
Stock,Price List,buying,Buying,Check,smallint,,0,0,0,0,0,
Stock,Price List,selling,Selling,Check,smallint,,0,0,0,0,0,
Stock,Price List,price_not_uom_dependent,Price Not UOM Dependent,Check,smallint,,0,0,0,0,0,
Stock,Price List Country,country,Country,Link,varchar(140),Country,1,0,0,0,,
Stock,Purchase Receipt,title,Title,Data,varchar(140),,0,0,0,0,,
Stock,Purchase Receipt,naming_series,Series,Select,varchar(140),MAT-PRE-.YYYY.-|MAT-PR-RET-.YYYY.-,1,0,0,0,,
Stock,Purchase Receipt,supplier,Supplier,Link,varchar(140),Supplier,1,0,1,0,,
Stock,Purchase Receipt,supplier_name,Supplier Name,Data,varchar(140),,0,0,0,1,,supplier.supplier_name
Stock,Purchase Receipt,supplier_delivery_note,Supplier Delivery Note,Data,varchar(140),,0,0,0,0,,
Stock,Purchase Receipt,posting_date,Date,Date,date,,1,0,1,0,Today,
Stock,Purchase Receipt,posting_time,Posting Time,Time,time(6),,1,0,0,0,Now,
Stock,Purchase Receipt,set_posting_time,Edit Posting Date and Time,Check,smallint,,0,0,0,0,0,
Stock,Purchase Receipt,company,Company,Link,varchar(140),Company,1,0,0,0,,
Stock,Purchase Receipt,is_return,Is Return,Check,smallint,,0,0,0,1,0,
Stock,Purchase Receipt,return_against,Return Against Purchase Receipt,Link,varchar(140),Purchase Receipt,0,0,1,1,,
Stock,Purchase Receipt,supplier_address,Supplier Address,Link,varchar(140),Address,0,0,0,0,,
Stock,Purchase Receipt,contact_person,Contact Person,Link,varchar(140),Contact,0,0,0,0,,
Stock,Purchase Receipt,address_display,Address,Text Editor,text,,0,0,0,1,,
Stock,Purchase Receipt,contact_display,Contact,Small Text,text,,0,0,0,1,,
Stock,Purchase Receipt,contact_mobile,Mobile No,Small Text,text,Phone,0,0,0,1,,
Stock,Purchase Receipt,contact_email,Contact Email,Small Text,text,Email,0,0,0,1,,
Stock,Purchase Receipt,shipping_address,Shipping Address Template,Link,varchar(140),Address,0,0,0,0,,
Stock,Purchase Receipt,shipping_address_display,Shipping Address,Text Editor,text,,0,0,0,1,,
Stock,Purchase Receipt,currency,Currency,Link,varchar(140),Currency,1,0,0,0,,
Stock,Purchase Receipt,conversion_rate,Exchange Rate,Float,"numeric(21,9)",,1,0,0,0,,
Stock,Purchase Receipt,buying_price_list,Price List,Link,varchar(140),Price List,0,0,0,0,,
Stock,Purchase Receipt,price_list_currency,Price List Currency,Link,varchar(140),Currency,0,0,0,1,,
Stock,Purchase Receipt,plc_conversion_rate,Price List Exchange Rate,Float,"numeric(21,9)",,0,0,0,0,,
Stock,Purchase Receipt,ignore_pricing_rule,Ignore Pricing Rule,Check,smallint,,0,0,0,0,0,
Stock,Purchase Receipt,set_warehouse,Accepted Warehouse,Link,varchar(140),Warehouse,0,0,0,0,,
Stock,Purchase Receipt,rejected_warehouse,Rejected Warehouse,Link,varchar(140),Warehouse,0,0,0,0,,
Stock,Purchase Receipt,is_subcontracted,Is Subcontracted,Check,smallint,,0,0,0,1,0,
Stock,Purchase Receipt,supplier_warehouse,Supplier Warehouse,Link,varchar(140),Warehouse,0,0,0,0,,
Stock,Purchase Receipt,total_qty,Total Quantity,Float,"numeric(21,9)",,0,0,0,1,,
Stock,Purchase Receipt,base_total,Total (Company Currency),Currency,"numeric(21,9)",Company:company:default_currency,0,0,0,1,,
Stock,Purchase Receipt,base_net_total,Net Total (Company Currency),Currency,"numeric(21,9)",Company:company:default_currency,1,0,0,1,,
Stock,Purchase Receipt,total,Total,Currency,"numeric(21,9)",currency,0,0,0,1,,
Stock,Purchase Receipt,net_total,Net Total,Currency,"numeric(21,9)",currency,0,0,0,1,,
Stock,Purchase Receipt,total_net_weight,Total Net Weight,Float,"numeric(21,9)",,0,0,0,1,,
Stock,Purchase Receipt,tax_category,Tax Category,Link,varchar(140),Tax Category,0,0,0,0,,
Stock,Purchase Receipt,shipping_rule,Shipping Rule,Link,varchar(140),Shipping Rule,0,0,0,0,,
Stock,Purchase Receipt,taxes_and_charges,Purchase Taxes and Charges Template,Link,varchar(140),Purchase Taxes and Charges Template,0,0,0,0,,
Stock,Purchase Receipt,other_charges_calculation,Taxes and Charges Calculation,Text Editor,text,,0,0,0,1,,
Stock,Purchase Receipt,base_taxes_and_charges_added,Taxes and Charges Added (Company Currency),Currency,"numeric(21,9)",Company:company:default_currency,0,0,0,1,,
Stock,Purchase Receipt,base_taxes_and_charges_deducted,Taxes and Charges Deducted (Company Currency),Currency,"numeric(21,9)",Company:company:default_currency,0,0,0,1,,
Stock,Purchase Receipt,base_total_taxes_and_charges,Total Taxes and Charges (Company Currency),Currency,"numeric(21,9)",Company:company:default_currency,0,0,0,1,,
Stock,Purchase Receipt,taxes_and_charges_added,Taxes and Charges Added,Currency,"numeric(21,9)",currency,0,0,0,1,,
Stock,Purchase Receipt,taxes_and_charges_deducted,Taxes and Charges Deducted,Currency,"numeric(21,9)",currency,0,0,0,1,,
Stock,Purchase Receipt,total_taxes_and_charges,Total Taxes and Charges,Currency,"numeric(21,9)",currency,0,0,0,1,,
Stock,Purchase Receipt,apply_discount_on,Apply Additional Discount On,Select,varchar(140),Grand Total|Net Total,0,0,0,0,Grand Total,
Stock,Purchase Receipt,base_discount_amount,Additional Discount Amount (Company Currency),Currency,"numeric(21,9)",Company:company:default_currency,0,0,0,1,,
Stock,Purchase Receipt,additional_discount_percentage,Additional Discount Percentage,Float,"numeric(21,9)",,0,0,0,0,,
Stock,Purchase Receipt,discount_amount,Additional Discount Amount,Currency,"numeric(21,9)",currency,0,0,0,0,,
Stock,Purchase Receipt,base_grand_total,Grand Total,Currency,"numeric(21,9)",Company:company:default_currency,0,0,0,1,,
Stock,Purchase Receipt,base_rounding_adjustment,Rounding Adjustment,Currency,"numeric(21,9)",Company:company:default_currency,0,0,0,1,,
Stock,Purchase Receipt,base_in_words,In Words,Data,varchar(140),,0,0,0,1,,
Stock,Purchase Receipt,base_rounded_total,Rounded Total,Currency,"numeric(21,9)",Company:company:default_currency,0,0,0,1,,
Stock,Purchase Receipt,grand_total,Grand Total,Currency,"numeric(21,9)",currency,0,0,0,1,,
Stock,Purchase Receipt,rounding_adjustment,Rounding Adjustment,Currency,"numeric(21,9)",currency,0,0,0,1,,
Stock,Purchase Receipt,rounded_total,Rounded Total,Currency,"numeric(21,9)",currency,0,0,0,1,,
Stock,Purchase Receipt,in_words,In Words,Data,varchar(140),,0,0,0,1,,
Stock,Purchase Receipt,disable_rounded_total,Disable Rounded Total,Check,smallint,,0,0,0,0,0,
Stock,Purchase Receipt,tc_name,Terms,Link,varchar(140),Terms and Conditions,0,0,0,0,,
Stock,Purchase Receipt,terms,Terms and Conditions,Text Editor,text,,0,0,0,0,,
Stock,Purchase Receipt,status,Status,Select,varchar(140),Draft|Partly Billed|To Bill|Completed|Return|Return Issued|Cancelled|Closed,1,0,1,1,Draft,
Stock,Purchase Receipt,amended_from,Amended From,Link,varchar(140),Purchase Receipt,0,0,0,1,,
Stock,Purchase Receipt,range,Range,Data,varchar(140),,0,0,0,0,,
Stock,Purchase Receipt,project,Project,Link,varchar(140),Project,0,0,0,0,,
Stock,Purchase Receipt,per_billed,% Amount Billed,Percent,"numeric(21,9)",,0,0,0,1,,
Stock,Purchase Receipt,auto_repeat,Auto Repeat,Link,varchar(140),Auto Repeat,0,0,0,1,,
Stock,Purchase Receipt,letter_head,Letter Head,Link,varchar(140),Letter Head,0,0,0,0,,
Stock,Purchase Receipt,select_print_heading,Print Heading,Link,varchar(140),Print Heading,0,0,0,0,,
Stock,Purchase Receipt,language,Print Language,Data,varchar(140),,0,0,0,1,,
Stock,Purchase Receipt,group_same_items,Group same items,Check,smallint,,0,0,0,0,0,
Stock,Purchase Receipt,instructions,Instructions,Small Text,text,,0,0,0,0,,
Stock,Purchase Receipt,remarks,Remarks,Small Text,text,,0,0,0,0,,
Stock,Purchase Receipt,transporter_name,Transporter Name,Data,varchar(140),,0,0,0,0,,
Stock,Purchase Receipt,lr_no,Vehicle Number,Data,varchar(140),,0,0,0,0,,
Stock,Purchase Receipt,lr_date,Vehicle Date,Date,date,,0,0,0,0,,
Stock,Purchase Receipt,is_internal_supplier,Is Internal Supplier,Check,smallint,,0,0,0,1,0,supplier.is_internal_supplier
Stock,Purchase Receipt,inter_company_reference,Inter Company Reference,Link,varchar(140),Delivery Note,0,0,1,1,,
Stock,Purchase Receipt,scan_barcode,Scan Barcode,Data,varchar(140),Barcode,0,0,0,0,,
Stock,Purchase Receipt,billing_address,Billing Address,Link,varchar(140),Address,0,0,0,0,,
Stock,Purchase Receipt,billing_address_display,Billing Address,Text Editor,text,,0,0,0,1,,
Stock,Purchase Receipt,apply_putaway_rule,Apply Putaway Rule,Check,smallint,,0,0,0,0,0,
Stock,Purchase Receipt,per_returned,% Returned,Percent,"numeric(21,9)",,0,0,0,1,,
Stock,Purchase Receipt,set_from_warehouse,Set From Warehouse,Link,varchar(140),Warehouse,0,0,0,0,,
Stock,Purchase Receipt,represents_company,Represents Company,Link,varchar(140),Company,0,0,0,1,,supplier.represents_company
Stock,Purchase Receipt,cost_center,Cost Center,Link,varchar(140),Cost Center,0,0,0,0,,
Stock,Purchase Receipt,incoterm,Incoterm,Link,varchar(140),Incoterm,0,0,0,0,,
Stock,Purchase Receipt,named_place,Named Place,Data,varchar(140),,0,0,0,0,,
Stock,Purchase Receipt,subcontracting_receipt,Subcontracting Receipt,Link,varchar(140),Subcontracting Receipt,0,0,1,1,,
Stock,Purchase Receipt,dispatch_address,Dispatch Address Template,Link,varchar(140),Address,0,0,0,0,,
Stock,Purchase Receipt,dispatch_address_display,Dispatch Address,Text Editor,text,,0,0,0,1,,
Stock,Purchase Receipt Item,barcode,Barcode,Data,varchar(140),,0,0,0,0,,
Stock,Purchase Receipt Item,item_code,Item Code,Link,varchar(140),Item,1,0,1,0,,
Stock,Purchase Receipt Item,supplier_part_no,Supplier Part Number,Data,varchar(140),,0,0,0,1,,
Stock,Purchase Receipt Item,item_name,Item Name,Data,varchar(140),,1,0,0,0,,
Stock,Purchase Receipt Item,description,Description,Text Editor,text,,0,0,0,0,,
Stock,Purchase Receipt Item,image,Image,Attach,text,,0,0,0,0,,item_code.image
Stock,Purchase Receipt Item,received_qty,Received Quantity,Float,"numeric(21,9)",,1,0,0,1,0,
Stock,Purchase Receipt Item,qty,Accepted Quantity,Float,"numeric(21,9)",,0,0,0,0,,
Stock,Purchase Receipt Item,rejected_qty,Rejected Quantity,Float,"numeric(21,9)",,0,0,0,0,,
Stock,Purchase Receipt Item,uom,UOM,Link,varchar(140),UOM,1,0,0,0,,
Stock,Purchase Receipt Item,stock_uom,Stock UOM,Link,varchar(140),UOM,1,0,0,1,,
Stock,Purchase Receipt Item,conversion_factor,Conversion Factor,Float,"numeric(21,9)",,1,0,0,0,,
Stock,Purchase Receipt Item,retain_sample,Retain Sample,Check,smallint,,0,0,0,1,0,item_code.retain_sample
Stock,Purchase Receipt Item,sample_quantity,Sample Quantity,Int,integer,,0,0,0,0,,item_code.sample_quantity
Stock,Purchase Receipt Item,price_list_rate,Price List Rate,Currency,"numeric(21,9)",currency,0,0,0,0,,
Stock,Purchase Receipt Item,discount_percentage,Discount on Price List Rate (%),Percent,"numeric(21,9)",,0,0,0,0,,
Stock,Purchase Receipt Item,discount_amount,Discount Amount,Currency,"numeric(21,9)",currency,0,0,0,0,,
Stock,Purchase Receipt Item,base_price_list_rate,Price List Rate (Company Currency),Currency,"numeric(21,9)",Company:company:default_currency,0,0,0,1,,
Stock,Purchase Receipt Item,rate,Rate,Currency,"numeric(21,9)",currency,0,0,0,0,,
Stock,Purchase Receipt Item,amount,Amount,Currency,"numeric(21,9)",currency,0,0,0,1,,
Stock,Purchase Receipt Item,base_rate,Rate (Company Currency),Currency,"numeric(21,9)",Company:company:default_currency,1,0,0,1,,
Stock,Purchase Receipt Item,base_amount,Amount (Company Currency),Currency,"numeric(21,9)",Company:company:default_currency,0,0,0,1,,
Stock,Purchase Receipt Item,pricing_rules,Pricing Rules,Small Text,text,,0,0,0,1,,
Stock,Purchase Receipt Item,is_free_item,Is Free Item,Check,smallint,,0,0,0,1,0,
Stock,Purchase Receipt Item,net_rate,Net Rate,Currency,"numeric(21,9)",currency,0,0,0,1,,
Stock,Purchase Receipt Item,net_amount,Net Amount,Currency,"numeric(21,9)",currency,0,0,0,1,,
Stock,Purchase Receipt Item,base_net_rate,Net Rate (Company Currency),Currency,"numeric(21,9)",Company:company:default_currency,0,0,0,1,,
Stock,Purchase Receipt Item,base_net_amount,Net Amount (Company Currency),Currency,"numeric(21,9)",Company:company:default_currency,0,0,0,1,,
Stock,Purchase Receipt Item,weight_per_unit,Weight Per Unit,Float,"numeric(21,9)",,0,0,0,0,,
Stock,Purchase Receipt Item,total_weight,Total Weight,Float,"numeric(21,9)",,0,0,0,1,,
Stock,Purchase Receipt Item,weight_uom,Weight UOM,Link,varchar(140),UOM,0,0,0,0,,
Stock,Purchase Receipt Item,warehouse,Accepted Warehouse,Link,varchar(140),Warehouse,0,0,0,0,,
Stock,Purchase Receipt Item,rejected_warehouse,Rejected Warehouse,Link,varchar(140),Warehouse,0,0,0,0,,
Stock,Purchase Receipt Item,quality_inspection,Quality Inspection,Link,varchar(140),Quality Inspection,0,0,0,0,,
Stock,Purchase Receipt Item,is_fixed_asset,Is Fixed Asset,Check,smallint,,0,0,0,1,0,
Stock,Purchase Receipt Item,purchase_order,Purchase Order,Link,varchar(140),Purchase Order,0,0,1,1,,
Stock,Purchase Receipt Item,schedule_date,Required By,Date,date,,0,0,0,1,,
Stock,Purchase Receipt Item,stock_qty,Accepted Qty in Stock UOM,Float,"numeric(21,9)",,0,0,0,1,,
Stock,Purchase Receipt Item,item_tax_template,Item Tax Template,Link,varchar(140),Item Tax Template,0,0,0,0,,
Stock,Purchase Receipt Item,project,Project,Link,varchar(140),Project,0,0,0,0,,
Stock,Purchase Receipt Item,cost_center,Cost Center,Link,varchar(140),Cost Center,0,0,0,0,:Company,
Stock,Purchase Receipt Item,purchase_order_item,Purchase Order Item,Data,varchar(140),,0,0,1,1,,
Stock,Purchase Receipt Item,allow_zero_valuation_rate,Allow Zero Valuation Rate,Check,smallint,,0,0,0,0,0,
Stock,Purchase Receipt Item,billed_amt,Billed Amt,Currency,"numeric(21,9)",currency,0,0,0,1,,
Stock,Purchase Receipt Item,landed_cost_voucher_amount,Landed Cost Voucher Amount,Currency,"numeric(21,9)",Company:company:default_currency,0,0,0,1,,
Stock,Purchase Receipt Item,brand,Brand,Link,varchar(140),Brand,0,0,0,1,,item_code.brand
Stock,Purchase Receipt Item,item_group,Item Group,Link,varchar(140),Item Group,0,0,0,1,,item_code.item_group
Stock,Purchase Receipt Item,rm_supp_cost,Raw Materials Supplied Cost,Currency,"numeric(21,9)",Company:company:default_currency,0,0,0,1,,
Stock,Purchase Receipt Item,item_tax_amount,Item Tax Amount Included in Value,Currency,"numeric(21,9)",Company:company:default_currency,0,0,0,1,,
Stock,Purchase Receipt Item,valuation_rate,Valuation Rate,Currency,"numeric(21,9)",Company:company:default_currency,0,0,0,1,,
Stock,Purchase Receipt Item,item_tax_rate,Item Tax Rate,Code,text,,0,0,0,1,,
Stock,Purchase Receipt Item,page_break,Page Break,Check,smallint,,0,0,0,0,0,
Stock,Purchase Receipt Item,material_request,Material Request,Link,varchar(140),Material Request,0,0,0,1,,
Stock,Purchase Receipt Item,material_request_item,Material Request Item,Data,varchar(140),,0,0,1,1,,
Stock,Purchase Receipt Item,expense_account,Expense Account,Link,varchar(140),Account,0,0,0,0,,
Stock,Purchase Receipt Item,manufacturer,Manufacturer,Link,varchar(140),Manufacturer,0,0,0,0,,
Stock,Purchase Receipt Item,manufacturer_part_no,Manufacturer Part Number,Data,varchar(140),,0,0,0,0,,
Stock,Purchase Receipt Item,asset_location,Asset Location,Link,varchar(140),Location,0,0,0,0,,
Stock,Purchase Receipt Item,asset_category,Asset Category,Link,varchar(140),Asset Category,0,0,0,1,,item_code.asset_category
Stock,Purchase Receipt Item,from_warehouse,From Warehouse,Link,varchar(140),Warehouse,0,0,0,0,,
Stock,Purchase Receipt Item,purchase_receipt_item,Purchase Receipt Item,Data,varchar(140),,0,0,1,1,,
Stock,Purchase Receipt Item,putaway_rule,Putaway Rule,Link,varchar(140),Putaway Rule,0,0,0,1,,
Stock,Purchase Receipt Item,returned_qty,Returned Qty in Stock UOM,Float,"numeric(21,9)",,0,0,0,1,,
Stock,Purchase Receipt Item,received_stock_qty,Received Qty in Stock UOM,Float,"numeric(21,9)",,0,0,0,1,,
Stock,Purchase Receipt Item,stock_uom_rate,Rate of Stock UOM,Currency,"numeric(21,9)",currency,0,0,0,1,,
Stock,Purchase Receipt Item,delivery_note_item,Delivery Note Item,Data,varchar(140),,0,0,1,1,,
Stock,Purchase Receipt Item,margin_type,Margin Type,Select,varchar(140),Percentage|Amount,0,0,0,0,,
Stock,Purchase Receipt Item,margin_rate_or_amount,Margin Rate or Amount,Float,"numeric(21,9)",,0,0,0,0,,
Stock,Purchase Receipt Item,rate_with_margin,Rate With Margin,Currency,"numeric(21,9)",currency,0,0,0,1,,
Stock,Purchase Receipt Item,base_rate_with_margin,Rate With Margin (Company Currency),Currency,"numeric(21,9)",Company:company:default_currency,0,0,0,0,,
Stock,Purchase Receipt Item,purchase_invoice,Purchase Invoice,Link,varchar(140),Purchase Invoice,0,0,0,1,,
Stock,Purchase Receipt Item,purchase_invoice_item,Purchase Invoice Item,Data,varchar(140),,0,0,1,1,,
Stock,Purchase Receipt Item,product_bundle,Product Bundle,Link,varchar(140),Product Bundle,0,0,0,1,,
Stock,Purchase Receipt Item,provisional_expense_account,Provisional Expense Account,Link,varchar(140),Account,0,0,0,0,,
Stock,Purchase Receipt Item,has_item_scanned,Has Item Scanned,Check,smallint,,0,0,0,1,0,
Stock,Purchase Receipt Item,serial_and_batch_bundle,Serial and Batch Bundle,Link,varchar(140),Serial and Batch Bundle,0,0,1,0,,
Stock,Purchase Receipt Item,serial_no,Serial No,Text,text,,0,0,0,0,,
Stock,Purchase Receipt Item,rejected_serial_no,Rejected Serial No,Text,text,,0,0,0,0,,
Stock,Purchase Receipt Item,batch_no,Batch No,Link,varchar(140),Batch,0,0,1,0,,
Stock,Purchase Receipt Item,rejected_serial_and_batch_bundle,Rejected Serial and Batch Bundle,Link,varchar(140),Serial and Batch Bundle,0,0,1,0,,
Stock,Purchase Receipt Item,wip_composite_asset,WIP Composite Asset,Link,varchar(140),Asset,0,0,0,0,,
Stock,Purchase Receipt Item,sales_order,Sales Order,Link,varchar(140),Sales Order,0,0,1,1,,
Stock,Purchase Receipt Item,sales_order_item,Sales Order Item,Data,varchar(140),,0,0,1,1,,
Stock,Purchase Receipt Item,subcontracting_receipt_item,Subcontracting Receipt Item,Data,varchar(140),,0,0,1,1,,
Stock,Purchase Receipt Item,use_serial_batch_fields,Use Serial No / Batch Fields,Check,smallint,,0,0,0,0,0,
Stock,Purchase Receipt Item,return_qty_from_rejected_warehouse,Return Qty from Rejected Warehouse,Check,smallint,,0,0,0,1,0,
Stock,Purchase Receipt Item,sales_incoming_rate,Sales Incoming Rate,Currency,"numeric(21,9)",Company:company:default_currency,0,0,0,0,,
Stock,Purchase Receipt Item,distributed_discount_amount,Distributed Discount Amount,Currency,"numeric(21,9)",currency,0,0,0,0,,
Stock,Purchase Receipt Item,amount_difference_with_purchase_invoice,Amount Difference with Purchase Invoice,Currency,"numeric(21,9)",,0,0,0,1,,
Stock,Putaway Rule,item_code,Item,Link,varchar(140),Item,1,0,0,0,,
Stock,Putaway Rule,item_name,Item Name,Data,varchar(140),,0,0,0,1,,item_code.item_name
Stock,Putaway Rule,warehouse,Warehouse,Link,varchar(140),Warehouse,1,0,0,0,,
Stock,Putaway Rule,capacity,Capacity,Float,"numeric(21,9)",,1,0,0,0,0,
Stock,Putaway Rule,stock_uom,Stock UOM,Link,varchar(140),UOM,0,0,0,1,,item_code.stock_uom
Stock,Putaway Rule,priority,Priority,Int,integer,,0,0,0,0,1,
Stock,Putaway Rule,company,Company,Link,varchar(140),Company,1,0,0,0,,
Stock,Putaway Rule,disable,Disable,Check,smallint,,0,0,0,0,0,
Stock,Putaway Rule,uom,UOM,Link,varchar(140),UOM,0,0,0,0,,
Stock,Putaway Rule,stock_capacity,Capacity in Stock UOM,Float,"numeric(21,9)",,0,0,0,1,,
Stock,Putaway Rule,conversion_factor,Conversion Factor,Float,"numeric(21,9)",,0,0,0,1,1,
Stock,Quality Inspection,naming_series,Series,Select,varchar(140),MAT-QA-.YYYY.-,1,0,0,0,,
Stock,Quality Inspection,report_date,Report Date,Date,date,,1,0,1,0,Today,
Stock,Quality Inspection,inspection_type,Inspection Type,Select,varchar(140),Incoming|Outgoing|In Process,1,0,0,0,,
Stock,Quality Inspection,reference_type,Reference Type,Select,varchar(140),Purchase Receipt|Purchase Invoice|Subcontracting Receipt|Delivery Note|Sales Invoice|Stock Entry|Job Card,1,0,0,0,,
Stock,Quality Inspection,reference_name,Reference Name,Dynamic Link,varchar(140),reference_type,1,0,0,0,,
Stock,Quality Inspection,item_code,Item Code,Link,varchar(140),Item,1,0,1,0,,
Stock,Quality Inspection,item_serial_no,Item Serial No,Link,varchar(140),Serial No,0,0,0,0,,
Stock,Quality Inspection,batch_no,Batch No,Link,varchar(140),Batch,0,0,0,0,,
Stock,Quality Inspection,sample_size,Sample Size,Float,"numeric(21,9)",,1,0,0,0,,
Stock,Quality Inspection,item_name,Item Name,Data,varchar(140),,0,0,0,1,,item_code.item_name
Stock,Quality Inspection,description,Description,Small Text,text,,0,0,0,0,,item_code.description
Stock,Quality Inspection,inspected_by,Inspected By,Link,varchar(140),User,1,0,0,0,user,
Stock,Quality Inspection,verified_by,Verified By,Data,varchar(140),,0,0,0,0,,
Stock,Quality Inspection,bom_no,BOM No,Link,varchar(140),BOM,0,0,0,1,,
Stock,Quality Inspection,remarks,Remarks,Text,text,,0,0,0,0,,
Stock,Quality Inspection,amended_from,Amended From,Link,varchar(140),Quality Inspection,0,0,0,1,,
Stock,Quality Inspection,quality_inspection_template,Quality Inspection Template,Link,varchar(140),Quality Inspection Template,0,0,0,0,,
Stock,Quality Inspection,status,Status,Select,varchar(140),Accepted|Rejected|Cancelled,1,0,0,0,Accepted,
Stock,Quality Inspection,manual_inspection,Manual Inspection,Check,smallint,,0,0,0,0,0,
Stock,Quality Inspection,child_row_reference,Child Row Reference,Data,varchar(140),,0,0,0,1,,
Stock,Quality Inspection,company,Company,Link,varchar(140),Company,0,0,0,0,,
Stock,Quality Inspection,letter_head,Letter Head,Link,varchar(140),Letter Head,0,0,0,0,,company.default_letter_head
Stock,Quality Inspection Parameter,parameter,Parameter,Data,varchar(140),,1,1,0,0,,
Stock,Quality Inspection Parameter,description,Description,Text Editor,text,,0,0,0,0,,
Stock,Quality Inspection Parameter,parameter_group,Parameter Group,Link,varchar(140),Quality Inspection Parameter Group,0,0,0,0,,
Stock,Quality Inspection Parameter Group,group_name,Parameter Group Name,Data,varchar(140),,1,1,0,0,,
Stock,Quality Inspection Reading,specification,Parameter,Link,varchar(140),Quality Inspection Parameter,1,0,0,0,,
Stock,Quality Inspection Reading,value,Acceptance Criteria Value,Data,varchar(140),,0,0,0,0,,
Stock,Quality Inspection Reading,reading_1,Reading 1,Data,varchar(140),,0,0,0,0,,
Stock,Quality Inspection Reading,reading_2,Reading 2,Data,varchar(140),,0,0,0,0,,
Stock,Quality Inspection Reading,reading_3,Reading 3,Data,varchar(140),,0,0,0,0,,
Stock,Quality Inspection Reading,reading_4,Reading 4,Data,varchar(140),,0,0,0,0,,
Stock,Quality Inspection Reading,reading_5,Reading 5,Data,varchar(140),,0,0,0,0,,
Stock,Quality Inspection Reading,reading_6,Reading 6,Data,varchar(140),,0,0,0,0,,
Stock,Quality Inspection Reading,reading_7,Reading 7,Data,varchar(140),,0,0,0,0,,
Stock,Quality Inspection Reading,reading_8,Reading 8,Data,varchar(140),,0,0,0,0,,
Stock,Quality Inspection Reading,reading_9,Reading 9,Data,varchar(140),,0,0,0,0,,
Stock,Quality Inspection Reading,reading_10,Reading 10,Data,varchar(140),,0,0,0,0,,
Stock,Quality Inspection Reading,status,Status,Select,varchar(140),Accepted|Rejected,0,0,0,0,Accepted,
Stock,Quality Inspection Reading,acceptance_formula,Acceptance Criteria Formula,Code,text,,0,0,0,0,,
Stock,Quality Inspection Reading,formula_based_criteria,Formula Based Criteria,Check,smallint,,0,0,0,0,0,
Stock,Quality Inspection Reading,min_value,Minimum Value,Float,"numeric(21,9)",,0,0,0,0,,
Stock,Quality Inspection Reading,max_value,Maximum Value,Float,"numeric(21,9)",,0,0,0,0,,
Stock,Quality Inspection Reading,reading_value,Reading Value,Data,varchar(140),,0,0,0,0,,
Stock,Quality Inspection Reading,manual_inspection,Manual Inspection,Check,smallint,,0,0,0,0,0,
Stock,Quality Inspection Reading,numeric,Numeric,Check,smallint,,0,0,0,0,1,
Stock,Quality Inspection Reading,parameter_group,Parameter Group,Link,varchar(140),Quality Inspection Parameter Group,0,0,0,1,,specification.parameter_group
Stock,Quality Inspection Template,quality_inspection_template_name,Quality Inspection Template Name,Data,varchar(140),,1,1,0,0,,
Stock,Quick Stock Balance,warehouse,Warehouse,Link,varchar(140),Warehouse,1,0,0,0,,
Stock,Quick Stock Balance,item,Item Code,Link,varchar(140),Item,1,0,0,0,,
Stock,Quick Stock Balance,item_barcode,Item Barcode,Data,varchar(140),,0,0,0,0,,
Stock,Quick Stock Balance,item_name,Item Name,Data,varchar(140),,0,0,0,1,,item.item_name
Stock,Quick Stock Balance,item_description,Item Description,Small Text,text,,0,0,0,1,  ,item.description
Stock,Quick Stock Balance,qty,Available Quantity,Float,"numeric(21,9)",,0,0,0,1,,
Stock,Quick Stock Balance,value,Stock Value,Currency,"numeric(21,9)",,0,0,0,1,,
Stock,Quick Stock Balance,date,Date,Date,date,,1,0,0,0,Today,
Stock,Repost Item Valuation,item_code,Item Code,Link,varchar(140),Item,0,0,0,0,,
Stock,Repost Item Valuation,warehouse,Warehouse,Link,varchar(140),Warehouse,0,0,0,0,,
Stock,Repost Item Valuation,posting_date,Posting Date,Date,date,,1,0,0,0,,voucher_no.posting_date
Stock,Repost Item Valuation,posting_time,Posting Time,Time,time(6),,0,0,0,0,,voucher_no.posting_time
Stock,Repost Item Valuation,status,Status,Select,varchar(140),Queued|In Progress|Completed|Skipped|Failed|Cancelled,0,0,0,1,Queued,
Stock,Repost Item Valuation,amended_from,Amended From,Link,varchar(140),Repost Item Valuation,0,0,0,1,,
Stock,Repost Item Valuation,error_log,Error Log,Long Text,text,,0,0,0,1,,
Stock,Repost Item Valuation,company,Company,Link,varchar(140),Company,0,0,0,0,,warehouse.company
Stock,Repost Item Valuation,voucher_type,Voucher Type,Link,varchar(140),DocType,0,0,0,0,,
Stock,Repost Item Valuation,voucher_no,Voucher No,Dynamic Link,varchar(140),voucher_type,0,0,0,0,,
Stock,Repost Item Valuation,based_on,Based On,Select,varchar(140),Transaction|Item and Warehouse,1,0,0,0,Transaction,
Stock,Repost Item Valuation,allow_negative_stock,Allow Negative Stock,Check,smallint,,0,0,0,0,1,
Stock,Repost Item Valuation,via_landed_cost_voucher,Via Landed Cost Voucher,Check,smallint,,0,0,0,0,0,
Stock,Repost Item Valuation,allow_zero_rate,Allow Zero Rate,Check,smallint,,0,0,0,0,0,
Stock,Repost Item Valuation,items_to_be_repost,Items to Be Repost,Code,text,,0,0,0,1,,
Stock,Repost Item Valuation,current_index,Current Index,Int,integer,,0,0,0,1,,
Stock,Repost Item Valuation,gl_reposting_index,GL reposting index,Int,integer,,0,0,0,1,0,
Stock,Repost Item Valuation,total_reposting_count,No of Items to Repost,Int,integer,,0,0,0,1,,
Stock,Repost Item Valuation,recreate_stock_ledgers,Recreate Stock Ledgers,Check,smallint,,0,0,0,0,0,
Stock,Repost Item Valuation,reposting_reference,Reposting Reference,Data,varchar(140),,0,0,1,1,,
Stock,Repost Item Valuation,repost_only_accounting_ledgers,Repost Only Accounting Ledgers,Check,smallint,,0,0,0,0,0,
Stock,Repost Item Valuation,total_vouchers,Total Ledgers,Int,integer,,0,0,0,1,,
Stock,Repost Item Valuation,vouchers_posted,Ledgers Posted,Int,integer,,0,0,0,1,,
Stock,Repost Item Valuation,reposting_data_file,Reposting Data File,Attach,text,,0,0,0,1,,
Stock,Repost Item Valuation,recalculate_valuation_rate,Recalculate Valuation Rate,Check,smallint,,0,0,0,0,0,
Stock,Serial No,serial_no,Serial No,Data,varchar(140),,1,1,0,0,,
Stock,Serial No,item_code,Item Code,Link,varchar(140),Item,1,0,0,0,,
Stock,Serial No,item_name,Item Name,Data,varchar(140),,0,0,0,1,,item_code.item_name
Stock,Serial No,description,Description,Text,text,,0,0,0,1,,item_code.description
Stock,Serial No,item_group,Item Group,Link,varchar(140),Item Group,0,0,0,1,,
Stock,Serial No,brand,Brand,Link,varchar(140),Brand,0,0,0,1,,
Stock,Serial No,asset,Asset,Link,varchar(140),Asset,0,0,0,1,,
Stock,Serial No,asset_status,Asset Status,Select,varchar(140),Issue|Receipt|Transfer,0,0,0,1,,
Stock,Serial No,location,Location,Link,varchar(140),Location,0,0,0,1,,
Stock,Serial No,employee,Employee,Link,varchar(140),Employee,0,0,0,1,,
Stock,Serial No,maintenance_status,Maintenance Status,Select,varchar(140),Under Warranty|Out of Warranty|Under AMC|Out of AMC,0,0,1,1,,
Stock,Serial No,warranty_period,Warranty Period (Days),Int,integer,,0,0,0,1,,item_code.warranty_period
Stock,Serial No,warranty_expiry_date,Warranty Expiry Date,Date,date,,0,0,0,0,,
Stock,Serial No,amc_expiry_date,AMC Expiry Date,Date,date,,0,0,0,0,,
Stock,Serial No,company,Company,Link,varchar(140),Company,1,0,1,0,,
Stock,Serial No,work_order,Work Order,Link,varchar(140),Work Order,0,0,0,0,,
Stock,Serial No,warehouse,Warehouse,Link,varchar(140),Warehouse,0,0,0,1,,
Stock,Serial No,batch_no,Batch No,Link,varchar(140),Batch,0,0,0,1,,
Stock,Serial No,purchase_rate,Incoming Rate,Float,"numeric(21,9)",,0,0,0,1,,
Stock,Serial No,status,Status,Select,varchar(140),Active|Inactive|Consumed|Delivered|Expired,0,0,0,1,,
Stock,Serial No,customer,Customer,Link,varchar(140),Customer,0,0,0,1,,
Stock,Serial No,reference_doctype,Source Document Type,Link,varchar(140),DocType,0,0,0,1,,
Stock,Serial No,reference_name,Source Document Name,Dynamic Link,varchar(140),reference_doctype,0,0,0,1,,
Stock,Serial No,posting_date,Posting Date,Date,date,,0,0,0,1,,
Stock,Serial and Batch Bundle,company,Company,Link,varchar(140),Company,1,0,0,0,,
Stock,Serial and Batch Bundle,item_group,Item Group,Link,varchar(140),Item Group,0,0,0,0,,item_code.item_group
Stock,Serial and Batch Bundle,has_serial_no,Has Serial No,Check,smallint,,0,0,0,1,0,item_code.has_serial_no
Stock,Serial and Batch Bundle,item_code,Item Code,Link,varchar(140),Item,1,0,0,0,,
Stock,Serial and Batch Bundle,item_name,Item Name,Data,varchar(140),,0,0,0,1,,item_code.item_name
Stock,Serial and Batch Bundle,has_batch_no,Has Batch No,Check,smallint,,0,0,0,1,0,item_code.has_batch_no
Stock,Serial and Batch Bundle,voucher_type,Voucher Type,Link,varchar(140),DocType,1,0,1,0,,
Stock,Serial and Batch Bundle,voucher_no,Voucher No,Dynamic Link,varchar(140),voucher_type,0,0,0,0,,
Stock,Serial and Batch Bundle,is_cancelled,Is Cancelled,Check,smallint,,0,0,0,1,0,
Stock,Serial and Batch Bundle,amended_from,Amended From,Link,varchar(140),Serial and Batch Bundle,0,0,0,1,,
Stock,Serial and Batch Bundle,avg_rate,Avg Rate,Float,"numeric(21,9)",,0,0,0,1,,
Stock,Serial and Batch Bundle,total_amount,Total Amount,Float,"numeric(21,9)",,0,0,0,1,,
Stock,Serial and Batch Bundle,total_qty,Total Qty,Float,"numeric(21,9)",,0,0,0,1,,
Stock,Serial and Batch Bundle,warehouse,Warehouse,Link,varchar(140),Warehouse,0,0,0,0,,
Stock,Serial and Batch Bundle,type_of_transaction,Type of Transaction,Select,varchar(140),Inward|Outward|Maintenance|Asset Repair,1,0,0,0,,
Stock,Serial and Batch Bundle,is_rejected,Is Rejected,Check,smallint,,0,0,0,1,0,
Stock,Serial and Batch Bundle,voucher_detail_no,Voucher Detail No,Data,varchar(140),,0,0,1,1,,
Stock,Serial and Batch Bundle,returned_against,Returned Against,Data,varchar(140),,0,0,0,1,,
Stock,Serial and Batch Bundle,naming_series,Naming Series,Select,varchar(140),SABB-.########,0,0,0,0,SABB-.########,
Stock,Serial and Batch Bundle,is_packed,Is Packed,Check,smallint,,0,0,0,0,0,
Stock,Serial and Batch Bundle,posting_datetime,Posting Datetime,Datetime,timestamp,,0,0,0,0,,
Stock,Serial and Batch Entry,serial_no,Serial No,Link,varchar(140),Serial No,0,0,0,0,,
Stock,Serial and Batch Entry,batch_no,Batch No,Link,varchar(140),Batch,0,0,1,0,,
Stock,Serial and Batch Entry,qty,Qty,Float,"numeric(21,9)",,0,0,0,0,1,
Stock,Serial and Batch Entry,warehouse,Warehouse,Link,varchar(140),Warehouse,0,0,0,0,,
Stock,Serial and Batch Entry,incoming_rate,Valuation Rate,Float,"numeric(21,9)",,0,0,0,1,,
Stock,Serial and Batch Entry,outgoing_rate,Outgoing Rate,Float,"numeric(21,9)",,0,0,0,1,,
Stock,Serial and Batch Entry,stock_value_difference,Change in Stock Value,Float,"numeric(21,9)",,0,0,0,1,,
Stock,Serial and Batch Entry,is_outward,Is Outward,Check,smallint,,0,0,0,1,0,
Stock,Serial and Batch Entry,stock_queue,"FIFO Stock Queue (qty, rate)",Small Text,text,,0,0,0,1,,
Stock,Serial and Batch Entry,delivered_qty,Delivered Qty,Float,"numeric(21,9)",,0,0,0,1,0,
Stock,Serial and Batch Entry,reference_for_reservation,Reference for Reservation,Data,varchar(140),,0,0,0,1,,
Stock,Serial and Batch Entry,posting_datetime,Posting Datetime,Datetime,timestamp,,0,0,0,1,,
Stock,Serial and Batch Entry,voucher_type,Voucher Type,Data,varchar(140),,0,0,0,1,,
Stock,Serial and Batch Entry,voucher_no,Voucher No,Data,varchar(140),,0,0,0,1,,
Stock,Serial and Batch Entry,voucher_detail_no,Voucher Detail No,Data,varchar(140),,0,0,1,1,,
Stock,Serial and Batch Entry,type_of_transaction,Type of Transaction,Data,varchar(140),,0,0,0,1,,
Stock,Serial and Batch Entry,is_cancelled,Is Cancelled,Check,smallint,,0,0,0,1,0,
Stock,Serial and Batch Entry,item_code,Item Code,Link,varchar(140),Item,0,0,0,1,,
Stock,Shipment,pickup_from_type,Pickup from,Select,varchar(140),Company|Customer|Supplier,0,0,0,0,Company,
Stock,Shipment,pickup_company,Company,Link,varchar(140),Company,0,0,0,0,,
Stock,Shipment,pickup_customer,Customer,Link,varchar(140),Customer,0,0,0,0,,
Stock,Shipment,pickup_supplier,Supplier,Link,varchar(140),Supplier,0,0,0,0,,
Stock,Shipment,pickup,Pickup From,Data,varchar(140),,0,0,0,1,,
Stock,Shipment,pickup_address_name,Address,Link,varchar(140),Address,1,0,0,0,,
Stock,Shipment,pickup_address,,Text Editor,text,,0,0,0,1,,
Stock,Shipment,pickup_contact_name,Contact,Link,varchar(140),Contact,0,0,0,0,,
Stock,Shipment,pickup_contact_email,Contact Email,Data,varchar(140),,0,0,0,1,,
Stock,Shipment,pickup_contact,,Text Editor,text,,0,0,0,1,,
Stock,Shipment,delivery_to_type,Delivery to,Select,varchar(140),Company|Customer|Supplier,0,0,0,0,Customer,
Stock,Shipment,delivery_company,Company,Link,varchar(140),Company,0,0,0,0,,
Stock,Shipment,delivery_customer,Customer,Link,varchar(140),Customer,0,0,0,0,,
Stock,Shipment,delivery_supplier,Supplier,Link,varchar(140),Supplier,0,0,0,0,,
Stock,Shipment,delivery_to,Delivery To,Data,varchar(140),,0,0,0,1,,
Stock,Shipment,delivery_address_name,Address,Link,varchar(140),Address,1,0,0,0,,
Stock,Shipment,delivery_address,,Text Editor,text,,0,0,0,1,,
Stock,Shipment,delivery_contact_name,Contact,Link,varchar(140),Contact,0,0,0,0,,
Stock,Shipment,delivery_contact_email,Contact Email,Data,varchar(140),,0,0,0,1,,
Stock,Shipment,delivery_contact,,Text Editor,text,,0,0,0,1,,
Stock,Shipment,parcel_template,Parcel Template,Link,varchar(140),Shipment Parcel Template,0,0,0,0,,
Stock,Shipment,pallets,Pallets,Select,varchar(140),No|Yes,0,0,0,0,No,
Stock,Shipment,value_of_goods,Value of Goods,Currency,"numeric(21,2)",,1,0,0,0,,
Stock,Shipment,pickup_date,Pickup Date,Date,date,,1,0,0,0,,
Stock,Shipment,pickup_from,Pickup from,Time,time(6),,1,0,0,0,09:00,
Stock,Shipment,pickup_to,Pickup to,Time,time(6),,1,0,0,0,17:00,
Stock,Shipment,shipment_type,Shipment Type,Select,varchar(140),Goods|Documents,0,0,0,0,Goods,
Stock,Shipment,pickup_type,Pickup Type,Select,varchar(140),Pickup|Self delivery,0,0,0,0,Pickup,
Stock,Shipment,description_of_content,Description of Content,Small Text,text,,1,0,0,0,,
Stock,Shipment,service_provider,Service Provider,Data,varchar(140),,0,0,0,0,,
Stock,Shipment,shipment_id,Shipment ID,Data,varchar(140),,0,0,0,0,,
Stock,Shipment,shipment_amount,Shipment Amount,Currency,"numeric(21,2)",,0,0,0,0,,
Stock,Shipment,status,Status,Select,varchar(140),Draft|Submitted|Booked|Cancelled|Completed,0,0,0,1,,
Stock,Shipment,tracking_url,Tracking URL,Small Text,text,,0,0,0,1,,
Stock,Shipment,carrier,Carrier,Data,varchar(140),,0,0,0,0,,
Stock,Shipment,carrier_service,Carrier Service,Data,varchar(140),,0,0,0,0,,
Stock,Shipment,awb_number,AWB Number,Data,varchar(140),,0,0,0,0,,
Stock,Shipment,tracking_status,Tracking Status,Select,varchar(140),In Progress|Delivered|Returned|Lost,0,0,0,0,,
Stock,Shipment,tracking_status_info,Tracking Status Info,Data,varchar(140),,0,0,0,1,,
Stock,Shipment,amended_from,Amended From,Link,varchar(140),Shipment,0,0,0,1,,
Stock,Shipment,incoterm,Incoterm,Link,varchar(140),Incoterm,0,0,0,0,,
Stock,Shipment,pickup_contact_person,Pickup Contact Person,Link,varchar(140),User,0,0,0,0,,
Stock,Shipment,total_weight,Total Weight (kg),Float,"numeric(21,9)",,0,0,0,1,,
Stock,Shipment Delivery Note,delivery_note,Delivery Note,Link,varchar(140),Delivery Note,1,0,0,0,,
Stock,Shipment Delivery Note,grand_total,Value,Currency,"numeric(21,9)",,0,0,0,1,,
Stock,Shipment Parcel,length,Length (cm),Float,"numeric(21,9)",,0,0,0,0,,
Stock,Shipment Parcel,width,Width (cm),Float,"numeric(21,9)",,0,0,0,0,,
Stock,Shipment Parcel,height,Height (cm),Float,"numeric(21,9)",,0,0,0,0,,
Stock,Shipment Parcel,weight,Weight (kg),Float,"numeric(21,1)",,1,0,0,0,,
Stock,Shipment Parcel,count,Count,Int,integer,,1,0,0,0,1,
Stock,Shipment Parcel Template,length,Length (cm),Float,"numeric(21,9)",,1,0,0,0,,
Stock,Shipment Parcel Template,width,Width (cm),Float,"numeric(21,9)",,1,0,0,0,,
Stock,Shipment Parcel Template,height,Height (cm),Float,"numeric(21,9)",,1,0,0,0,,
Stock,Shipment Parcel Template,weight,Weight (kg),Float,"numeric(21,1)",,1,0,0,0,,
Stock,Shipment Parcel Template,parcel_template_name,Parcel Template Name,Data,varchar(140),,1,1,0,0,,
Stock,Stock Closing Balance,item_code,Item Code,Link,varchar(140),Item,0,0,1,1,,
Stock,Stock Closing Balance,warehouse,Warehouse,Link,varchar(140),Warehouse,0,0,1,1,,
Stock,Stock Closing Balance,posting_date,Posting Date,Date,date,,0,0,1,1,,
Stock,Stock Closing Balance,posting_time,Posting Time,Time,time(6),,0,0,0,1,,
Stock,Stock Closing Balance,posting_datetime,Posting Datetime,Datetime,timestamp,,0,0,1,1,,
Stock,Stock Closing Balance,actual_qty,Qty Change,Float,"numeric(21,9)",,0,0,0,1,,
Stock,Stock Closing Balance,valuation_rate,Valuation Rate,Currency,"numeric(21,9)",Company:company:default_currency,0,0,0,1,,
Stock,Stock Closing Balance,stock_value,Balance Stock Value,Currency,"numeric(21,9)",Company:company:default_currency,0,0,0,1,,
Stock,Stock Closing Balance,company,Company,Link,varchar(140),Company,0,0,1,1,,
Stock,Stock Closing Balance,stock_uom,Stock UOM,Link,varchar(140),UOM,0,0,0,1,,
Stock,Stock Closing Balance,stock_value_difference,Change in Stock Value,Currency,"numeric(21,9)",,0,0,0,1,,
Stock,Stock Closing Balance,item_name,Item Name,Data,varchar(140),,0,0,0,1,,
Stock,Stock Closing Balance,item_group,Item Group,Link,varchar(140),Item Group,0,0,0,1,,
Stock,Stock Closing Balance,stock_closing_entry,Stock Closing Entry,Link,varchar(140),Stock Closing Entry,0,0,1,1,,
Stock,Stock Closing Balance,inventory_dimension_key,Inventory Dimension key,Small Text,text,,0,0,0,1,,
Stock,Stock Closing Balance,batch_no,Batch No,Link,varchar(140),Batch,0,0,1,1,,
Stock,Stock Closing Balance,fifo_queue,FIFO Queue,Long Text,text,,0,0,0,1,,
Stock,Stock Closing Entry,naming_series,Naming Series,Select,varchar(140),CBAL-.#####,0,0,0,0,,
Stock,Stock Closing Entry,company,Company,Link,varchar(140),Company,0,0,1,0,,
Stock,Stock Closing Entry,status,Status,Select,varchar(140),Draft|Queued|In Progress|Completed|Failed|Cancelled,0,0,0,1,Draft,
Stock,Stock Closing Entry,from_date,From Date,Date,date,,0,0,0,0,,
Stock,Stock Closing Entry,to_date,To Date,Date,date,,0,0,0,0,,
Stock,Stock Closing Entry,amended_from,Amended From,Link,varchar(140),Stock Closing Entry,0,0,1,1,,
Stock,Stock Entry,naming_series,Series,Select,varchar(140),MAT-STE-.YYYY.-,1,0,0,0,,
Stock,Stock Entry,stock_entry_type,Stock Entry Type,Link,varchar(140),Stock Entry Type,1,0,1,0,,
Stock,Stock Entry,outgoing_stock_entry,Stock Entry (Outward GIT),Link,varchar(140),Stock Entry,0,0,0,1,,
Stock,Stock Entry,source_stock_entry,Source Stock Entry (Manufacture),Link,varchar(140),Stock Entry,0,0,0,0,,
Stock,Stock Entry,purpose,Purpose,Select,varchar(140),Material Issue|Material Receipt|Material Transfer|Material Transfer for Manufacture|Material Consumption for Manufacture|Manufacture|Repack|Send to Subcontractor|Disassemble|Receive from Customer|Return Raw Material to Customer|Subcontracting Delivery|Subcontracting Return,0,0,1,1,,stock_entry_type.purpose
Stock,Stock Entry,company,Company,Link,varchar(140),Company,1,0,0,0,,
Stock,Stock Entry,work_order,Work Order,Link,varchar(140),Work Order,0,0,1,0,,
Stock,Stock Entry,purchase_order,Purchase Order,Link,varchar(140),Purchase Order,0,0,0,0,,
Stock,Stock Entry,subcontracting_order,Subcontracting Order,Link,varchar(140),Subcontracting Order,0,0,0,1,,
Stock,Stock Entry,delivery_note_no,Delivery Note No,Link,varchar(140),Delivery Note,0,0,1,1,,
Stock,Stock Entry,sales_invoice_no,Sales Invoice No,Link,varchar(140),Sales Invoice,0,0,0,1,,
Stock,Stock Entry,purchase_receipt_no,Purchase Receipt No,Link,varchar(140),Purchase Receipt,0,0,1,1,,
Stock,Stock Entry,posting_date,Posting Date,Date,date,,0,0,1,0,Today,
Stock,Stock Entry,posting_time,Posting Time,Time,time(6),,0,0,0,0,Now,
Stock,Stock Entry,set_posting_time,Edit Posting Date and Time,Check,smallint,,0,0,0,0,0,
Stock,Stock Entry,inspection_required,Inspection Required,Check,smallint,,0,0,0,0,0,
Stock,Stock Entry,from_bom,From BOM,Check,smallint,,0,0,0,0,0,
Stock,Stock Entry,bom_no,BOM No,Link,varchar(140),BOM,0,0,0,0,,
Stock,Stock Entry,fg_completed_qty,Finished Good Quantity ,Float,"numeric(21,9)",,0,0,0,0,,
Stock,Stock Entry,use_multi_level_bom,Use Multi-Level BOM,Check,smallint,,0,0,0,0,1,
Stock,Stock Entry,from_warehouse,Default Source Warehouse,Link,varchar(140),Warehouse,0,0,0,0,,
Stock,Stock Entry,source_warehouse_address,Source Warehouse Address Link,Link,varchar(140),Address,0,0,0,0,,
Stock,Stock Entry,source_address_display,Source Warehouse Address,Text Editor,text,,0,0,0,1,,
Stock,Stock Entry,to_warehouse,Default Target Warehouse,Link,varchar(140),Warehouse,0,0,0,0,,
Stock,Stock Entry,target_warehouse_address,Target Warehouse Address Link,Link,varchar(140),Address,0,0,0,0,,
Stock,Stock Entry,target_address_display,Target Warehouse Address,Text Editor,text,,0,0,0,1,,
Stock,Stock Entry,scan_barcode,Scan Barcode,Data,varchar(140),Barcode,0,0,0,0,,
Stock,Stock Entry,total_incoming_value,Total Incoming Value (Receipt),Currency,"numeric(21,9)",Company:company:default_currency,0,0,0,1,,
Stock,Stock Entry,total_outgoing_value,Total Outgoing Value (Consumption),Currency,"numeric(21,9)",Company:company:default_currency,0,0,0,1,,
Stock,Stock Entry,value_difference,Total Value Difference (Incoming - Outgoing),Currency,"numeric(21,9)",Company:company:default_currency,0,0,0,1,,
Stock,Stock Entry,total_additional_costs,Total Additional Costs,Currency,"numeric(21,9)",Company:company:default_currency,0,0,0,1,,
Stock,Stock Entry,supplier,Supplier,Link,varchar(140),Supplier,0,0,0,0,,
Stock,Stock Entry,supplier_name,Supplier Name,Data,varchar(140),,0,0,0,1,,
Stock,Stock Entry,supplier_address,Supplier Address,Link,varchar(140),Address,0,0,0,0,,
Stock,Stock Entry,address_display,Address,Text Editor,text,,0,0,0,0,,
Stock,Stock Entry,select_print_heading,Print Heading,Link,varchar(140),Print Heading,0,0,0,0,,
Stock,Stock Entry,letter_head,Letter Head,Link,varchar(140),Letter Head,0,0,0,0,,
Stock,Stock Entry,is_opening,Is Opening,Select,varchar(140),No|Yes,0,0,0,0,,
Stock,Stock Entry,project,Project,Link,varchar(140),Project,0,0,0,0,,
Stock,Stock Entry,remarks,Remarks,Text,text,,0,0,0,0,,
Stock,Stock Entry,per_transferred,Per Transferred,Percent,"numeric(21,9)",,0,0,0,1,,
Stock,Stock Entry,total_amount,Total Amount,Currency,"numeric(21,9)",Company:company:default_currency,0,0,0,1,,
Stock,Stock Entry,job_card,Job Card,Link,varchar(140),Job Card,0,0,1,1,,
Stock,Stock Entry,amended_from,Amended From,Link,varchar(140),Stock Entry,0,0,0,1,,
Stock,Stock Entry,credit_note,Credit Note,Link,varchar(140),Journal Entry,0,0,0,0,,
Stock,Stock Entry,pick_list,Pick List,Link,varchar(140),Pick List,0,0,1,1,,
Stock,Stock Entry,add_to_transit,Add to Transit,Check,smallint,,0,0,0,0,0,stock_entry_type.add_to_transit
Stock,Stock Entry,apply_putaway_rule,Apply Putaway Rule,Check,smallint,,0,0,0,0,0,
Stock,Stock Entry,is_return,Is Return,Check,smallint,,0,0,0,1,0,
Stock,Stock Entry,process_loss_qty,Process Loss Qty,Float,"numeric(21,9)",,0,0,0,0,,
Stock,Stock Entry,process_loss_percentage,% Process Loss,Percent,"numeric(21,9)",,0,0,0,0,,
Stock,Stock Entry,asset_repair,Asset Repair,Link,varchar(140),Asset Repair,0,0,0,1,,
Stock,Stock Entry,is_additional_transfer_entry,Is Additional Transfer Entry,Check,smallint,,0,0,0,1,0,
Stock,Stock Entry,subcontracting_inward_order,Subcontracting Inward Order,Link,varchar(140),Subcontracting Inward Order,0,0,0,1,,
Stock,Stock Entry,cost_center,Cost Center,Link,varchar(140),Cost Center,0,0,0,0,,
Stock,Stock Entry Detail,barcode,Barcode,Data,varchar(140),,0,0,0,0,,
Stock,Stock Entry Detail,s_warehouse,Source Warehouse,Link,varchar(140),Warehouse,0,0,0,0,,
Stock,Stock Entry Detail,t_warehouse,Target Warehouse,Link,varchar(140),Warehouse,0,0,0,0,,
Stock,Stock Entry Detail,item_code,Item Code,Link,varchar(140),Item,1,0,1,0,,
Stock,Stock Entry Detail,item_name,Item Name,Data,varchar(140),,0,0,0,1,,
Stock,Stock Entry Detail,description,Description,Text Editor,text,,0,0,0,0,,
Stock,Stock Entry Detail,image,Image,Attach,text,,0,0,0,0,,
Stock,Stock Entry Detail,qty,Qty,Float,"numeric(21,9)",,1,0,0,0,,
Stock,Stock Entry Detail,basic_rate,Basic Rate (as per Stock UOM),Currency,"numeric(21,9)",Company:company:default_currency,0,0,0,0,,
Stock,Stock Entry Detail,basic_amount,Basic Amount,Currency,"numeric(21,9)",Company:company:default_currency,0,0,0,1,,
Stock,Stock Entry Detail,additional_cost,Additional Cost,Currency,"numeric(21,9)",Company:company:default_currency,0,0,0,1,,
Stock,Stock Entry Detail,amount,Amount,Currency,"numeric(21,9)",Company:company:default_currency,0,0,0,1,,
Stock,Stock Entry Detail,valuation_rate,Valuation Rate,Currency,"numeric(21,9)",Company:company:default_currency,0,0,0,1,,
Stock,Stock Entry Detail,uom,UOM,Link,varchar(140),UOM,1,0,0,0,,
Stock,Stock Entry Detail,conversion_factor,Conversion Factor,Float,"numeric(21,9)",,1,0,0,0,,
Stock,Stock Entry Detail,stock_uom,Stock UOM,Link,varchar(140),UOM,1,0,0,1,,item_code.stock_uom
Stock,Stock Entry Detail,transfer_qty,Qty as per Stock UOM,Float,"numeric(21,9)",,0,0,0,1,,
Stock,Stock Entry Detail,retain_sample,Retain Sample,Check,smallint,,0,0,0,1,0,item_code.retain_sample
Stock,Stock Entry Detail,sample_quantity,Sample Quantity,Int,integer,,0,0,0,0,,
Stock,Stock Entry Detail,serial_no,Serial No,Text,text,,0,0,0,0,,
Stock,Stock Entry Detail,batch_no,Batch No,Link,varchar(140),Batch,0,0,0,0,,
Stock,Stock Entry Detail,quality_inspection,Quality Inspection,Link,varchar(140),Quality Inspection,0,0,0,0,,
Stock,Stock Entry Detail,expense_account,Difference Account,Link,varchar(140),Account,0,0,0,0,,
Stock,Stock Entry Detail,cost_center,Cost Center,Link,varchar(140),Cost Center,0,0,0,0,,
Stock,Stock Entry Detail,allow_zero_valuation_rate,Allow Zero Valuation Rate,Check,smallint,,0,0,0,0,0,
Stock,Stock Entry Detail,actual_qty,Actual Qty (at source/target),Float,"numeric(21,9)",,0,0,1,1,,
Stock,Stock Entry Detail,bom_no,BOM No,Link,varchar(140),BOM,0,0,0,0,,
Stock,Stock Entry Detail,allow_alternative_item,Allow Alternative Item,Check,smallint,,0,0,0,1,0,
Stock,Stock Entry Detail,material_request,Material Request,Link,varchar(140),Material Request,0,0,1,1,,
Stock,Stock Entry Detail,material_request_item,Material Request Item,Link,varchar(140),Material Request Item,0,0,0,1,,
Stock,Stock Entry Detail,pick_list_item,Pick List Item,Link,varchar(140),Pick List Item,0,0,0,1,,
Stock,Stock Entry Detail,original_item,Original Item,Link,varchar(140),Item,0,0,0,1,,
Stock,Stock Entry Detail,subcontracted_item,Subcontracted Item,Link,varchar(140),Item,0,0,0,0,,
Stock,Stock Entry Detail,against_stock_entry,Against Stock Entry,Link,varchar(140),Stock Entry,0,0,1,1,,
Stock,Stock Entry Detail,ste_detail,Stock Entry Child,Data,varchar(140),,0,0,1,1,,
Stock,Stock Entry Detail,transferred_qty,Transferred Qty,Float,"numeric(21,9)",,0,0,0,1,,
Stock,Stock Entry Detail,item_group,Item Group,Data,varchar(140),,0,0,0,0,,item_code.item_group
Stock,Stock Entry Detail,reference_purchase_receipt,Reference Purchase Receipt,Link,varchar(140),Purchase Receipt,0,0,1,1,,
Stock,Stock Entry Detail,project,Project,Link,varchar(140),Project,0,0,0,0,,
Stock,Stock Entry Detail,po_detail,PO Supplied Item,Data,varchar(140),,0,0,0,1,,
Stock,Stock Entry Detail,sco_rm_detail,SCO Supplied Item,Data,varchar(140),,0,0,0,1,,
Stock,Stock Entry Detail,set_basic_rate_manually,Set Basic Rate Manually,Check,smallint,,0,0,0,0,0,
Stock,Stock Entry Detail,putaway_rule,Putaway Rule,Link,varchar(140),Putaway Rule,0,0,0,1,,
Stock,Stock Entry Detail,is_finished_item,Is Finished Item,Check,smallint,,0,0,0,0,0,
Stock,Stock Entry Detail,job_card_item,Job Card Item,Data,varchar(140),,0,0,1,1,,
Stock,Stock Entry Detail,has_item_scanned,Has Item Scanned,Check,smallint,,0,0,0,1,0,
Stock,Stock Entry Detail,serial_and_batch_bundle,Serial and Batch Bundle,Link,varchar(140),Serial and Batch Bundle,0,0,1,0,,
Stock,Stock Entry Detail,use_serial_batch_fields,Use Serial No / Batch Fields,Check,smallint,,0,0,0,0,0,
Stock,Stock Entry Detail,landed_cost_voucher_amount,Landed Cost Voucher Amount,Currency,"numeric(21,9)",,0,0,0,1,,
Stock,Stock Entry Detail,customer_provided_item_cost,Customer Provided Item Cost,Currency,"numeric(21,9)",Company:company:default_currency,0,0,0,1,,
Stock,Stock Entry Detail,scio_detail,SCIO Detail,Data,varchar(140),,0,0,1,1,,
Stock,Stock Entry Detail,against_fg,Against Finished Good,Link,varchar(140),Subcontracting Inward Order Item,0,0,0,0,,
Stock,Stock Entry Detail,secondary_item_type,Type,Select,varchar(140),Co-Product|By-Product|Scrap|Additional Finished Good,0,0,0,0,,
Stock,Stock Entry Detail,bom_secondary_item,BOM Secondary Item,Data,varchar(140),,0,0,0,1,,
Stock,Stock Entry Detail,is_legacy_scrap_item,Is Legacy Scrap Item,Check,smallint,,0,0,0,1,0,
Stock,Stock Entry Type,purpose,Purpose,Select,varchar(140),Material Issue|Material Receipt|Material Transfer|Material Transfer for Manufacture|Material Consumption for Manufacture|Manufacture|Repack|Send to Subcontractor|Disassemble|Receive from Customer|Return Raw Material to Customer|Subcontracting Delivery|Subcontracting Return,1,0,0,0,Material Issue,
Stock,Stock Entry Type,add_to_transit,Add to Transit,Check,smallint,,0,0,0,0,0,
Stock,Stock Entry Type,is_standard,Is Standard,Check,smallint,,0,0,0,1,0,
Stock,Stock Ledger Entry,item_code,Item Code,Link,varchar(140),Item,0,0,0,1,,
Stock,Stock Ledger Entry,serial_no,Serial No,Long Text,text,,0,0,0,1,,
Stock,Stock Ledger Entry,batch_no,Batch No,Data,varchar(140),,0,0,1,1,,
Stock,Stock Ledger Entry,warehouse,Warehouse,Link,varchar(140),Warehouse,0,0,0,1,,
Stock,Stock Ledger Entry,posting_date,Posting Date,Date,date,,0,0,0,1,,
Stock,Stock Ledger Entry,posting_time,Posting Time,Time,time(6),,0,0,0,1,,
Stock,Stock Ledger Entry,voucher_type,Voucher Type,Link,varchar(140),DocType,0,0,1,1,,
Stock,Stock Ledger Entry,voucher_no,Voucher No,Dynamic Link,varchar(140),voucher_type,0,0,0,1,,
Stock,Stock Ledger Entry,voucher_detail_no,Voucher Detail No,Data,varchar(140),,0,0,1,1,,
Stock,Stock Ledger Entry,actual_qty,Qty Change,Float,"numeric(21,9)",,0,0,0,1,,
Stock,Stock Ledger Entry,incoming_rate,Incoming Rate,Currency,"numeric(21,9)",Company:company:default_currency,0,0,0,1,,
Stock,Stock Ledger Entry,outgoing_rate,Outgoing Rate,Currency,"numeric(21,9)",Company:company:default_currency,0,0,0,1,,
Stock,Stock Ledger Entry,stock_uom,Stock UOM,Link,varchar(140),UOM,0,0,0,1,,
Stock,Stock Ledger Entry,qty_after_transaction,Qty After Transaction,Float,"numeric(21,9)",,0,0,0,1,,
Stock,Stock Ledger Entry,valuation_rate,Average Rate,Currency,"numeric(21,9)",Company:company:default_currency,0,0,0,1,,
Stock,Stock Ledger Entry,stock_value,Balance Stock Value,Currency,"numeric(21,9)",Company:company:default_currency,0,0,0,1,,
Stock,Stock Ledger Entry,stock_value_difference,Change in Stock Value,Currency,"numeric(21,9)",Company:company:default_currency,0,0,0,1,,
Stock,Stock Ledger Entry,stock_queue,"FIFO Stock Queue (qty, rate)",Long Text,text,,0,0,0,1,,
Stock,Stock Ledger Entry,project,Project,Link,varchar(140),Project,0,0,0,0,,
Stock,Stock Ledger Entry,company,Company,Link,varchar(140),Company,0,0,0,1,,
Stock,Stock Ledger Entry,fiscal_year,Fiscal Year,Data,varchar(140),,0,0,0,1,,
Stock,Stock Ledger Entry,is_cancelled,Is Cancelled,Check,smallint,,0,0,0,0,0,
Stock,Stock Ledger Entry,to_rename,To Rename,Check,smallint,,0,0,1,0,1,
Stock,Stock Ledger Entry,dependant_sle_voucher_detail_no,Dependant SLE Voucher Detail No,Data,varchar(140),,0,0,0,0,,
Stock,Stock Ledger Entry,recalculate_rate,Recalculate Incoming/Outgoing Rate,Check,smallint,,0,0,0,1,0,
Stock,Stock Ledger Entry,serial_and_batch_bundle,Serial and Batch Bundle,Link,varchar(140),Serial and Batch Bundle,0,0,1,0,,
Stock,Stock Ledger Entry,has_batch_no,Has Batch No,Check,smallint,,0,0,0,0,0,item_code.has_batch_no
Stock,Stock Ledger Entry,has_serial_no,Has Serial No,Check,smallint,,0,0,0,0,0,item_code.has_serial_no
Stock,Stock Ledger Entry,is_adjustment_entry,Is Adjustment Entry,Check,smallint,,0,0,0,0,0,
Stock,Stock Ledger Entry,auto_created_serial_and_batch_bundle,Auto Created Serial and Batch Bundle,Check,smallint,,0,0,0,0,0,
Stock,Stock Ledger Entry,posting_datetime,Posting Datetime,Datetime,timestamp,,0,0,0,0,,
Stock,Stock Reconciliation,naming_series,Series,Select,varchar(140),MAT-RECO-.YYYY.-,1,0,0,0,,
Stock,Stock Reconciliation,company,Company,Link,varchar(140),Company,1,0,0,0,,
Stock,Stock Reconciliation,purpose,Purpose,Select,varchar(140),Opening Stock|Stock Reconciliation,1,0,0,0,,
Stock,Stock Reconciliation,posting_date,Posting Date,Date,date,,1,0,0,0,Today,
Stock,Stock Reconciliation,posting_time,Posting Time,Time,time(6),,1,0,0,0,Now,
Stock,Stock Reconciliation,set_posting_time,Edit Posting Date and Time,Check,smallint,,0,0,0,0,0,
Stock,Stock Reconciliation,expense_account,Difference Account,Link,varchar(140),Account,0,0,0,0,,
Stock,Stock Reconciliation,cost_center,Cost Center,Link,varchar(140),Cost Center,0,0,0,0,,
Stock,Stock Reconciliation,difference_amount,Difference Amount,Currency,"numeric(21,9)",Company:company:default_currency,0,0,0,1,,
Stock,Stock Reconciliation,amended_from,Amended From,Link,varchar(140),Stock Reconciliation,0,0,0,1,,
Stock,Stock Reconciliation,scan_barcode,Scan Barcode,Data,varchar(140),Barcode,0,0,0,0,,
Stock,Stock Reconciliation,scan_mode,Scan Mode,Check,smallint,,0,0,0,0,0,
Stock,Stock Reconciliation,set_warehouse,Default Warehouse,Link,varchar(140),Warehouse,0,0,0,0,,
Stock,Stock Reconciliation Item,barcode,Barcode,Data,varchar(140),,0,0,0,0,,
Stock,Stock Reconciliation Item,item_code,Item Code,Link,varchar(140),Item,1,0,0,0,,
Stock,Stock Reconciliation Item,item_name,Item Name,Data,varchar(140),,0,0,0,1,,item_code.item_name
Stock,Stock Reconciliation Item,warehouse,Warehouse,Link,varchar(140),Warehouse,1,0,0,0,,
Stock,Stock Reconciliation Item,qty,Quantity,Float,"numeric(21,9)",,0,0,0,0,,
Stock,Stock Reconciliation Item,stock_uom,Stock UOM,Link,varchar(140),UOM,0,0,0,1,,item_code.stock_uom
Stock,Stock Reconciliation Item,valuation_rate,Valuation Rate,Currency,"numeric(21,9)",Company:company:default_currency,0,0,0,0,,
Stock,Stock Reconciliation Item,amount,Amount,Currency,"numeric(21,9)",Company:company:default_currency,0,0,0,1,,
Stock,Stock Reconciliation Item,serial_no,Serial No,Long Text,text,,0,0,0,0,,
Stock,Stock Reconciliation Item,current_qty,Current Qty,Float,"numeric(21,9)",,0,0,0,1,0,
Stock,Stock Reconciliation Item,current_serial_no,Current Serial No,Long Text,text,,0,0,0,1,,
Stock,Stock Reconciliation Item,current_valuation_rate,Current Valuation Rate,Currency,"numeric(21,9)",Company:company:default_currency,0,0,0,1,,
Stock,Stock Reconciliation Item,current_amount,Current Amount,Currency,"numeric(21,9)",Company:company:default_currency,0,0,0,1,,
Stock,Stock Reconciliation Item,quantity_difference,Quantity Difference,Read Only,varchar(140),,0,0,0,0,,
Stock,Stock Reconciliation Item,amount_difference,Amount Difference,Currency,"numeric(21,9)",Company:company:default_currency,0,0,0,1,,
Stock,Stock Reconciliation Item,batch_no,Batch No,Link,varchar(140),Batch,0,0,1,0,,
Stock,Stock Reconciliation Item,allow_zero_valuation_rate,Allow Zero Valuation Rate,Check,smallint,,0,0,0,0,0,
Stock,Stock Reconciliation Item,has_item_scanned,Has Item Scanned,Data,varchar(140),,0,0,0,1,,
Stock,Stock Reconciliation Item,serial_and_batch_bundle,Serial / Batch Bundle,Link,varchar(140),Serial and Batch Bundle,0,0,1,0,,
Stock,Stock Reconciliation Item,current_serial_and_batch_bundle,Current Serial / Batch Bundle,Link,varchar(140),Serial and Batch Bundle,0,0,0,1,,
Stock,Stock Reconciliation Item,item_group,Item Group,Link,varchar(140),Item Group,0,0,0,0,,item_code.item_group
Stock,Stock Reconciliation Item,use_serial_batch_fields,Use Serial No / Batch Fields,Check,smallint,,0,0,0,0,0,
Stock,Stock Reconciliation Item,reconcile_all_serial_batch,Reconcile All Serial Nos / Batches,Check,smallint,,0,0,0,0,0,
Stock,Stock Reposting Settings,start_time,Start Time,Time,time(6),,0,0,0,0,,
Stock,Stock Reposting Settings,end_time,End Time,Time,time(6),,0,0,0,0,,
Stock,Stock Reposting Settings,limits_dont_apply_on,Limits don't apply on,Select,varchar(140),Monday|Tuesday|Wednesday|Thursday|Friday|Saturday|Sunday,0,0,0,0,,
Stock,Stock Reposting Settings,limit_reposting_timeslot,Limit timeslot for Stock Reposting,Check,smallint,,0,0,0,0,0,
Stock,Stock Reposting Settings,item_based_reposting,Use Item based reposting,Check,smallint,,0,0,0,0,1,
Stock,Stock Reposting Settings,notify_reposting_error_to_role,Notify Reposting Error to Role,Link,varchar(140),Role,0,0,0,0,,
Stock,Stock Reposting Settings,enable_parallel_reposting,Enable Parallel Reposting,Check,smallint,,0,0,0,0,0,
Stock,Stock Reposting Settings,no_of_parallel_reposting,No of Parallel Reposting (Per Item),Int,integer,,0,0,0,0,4,
Stock,Stock Reposting Settings,enable_separate_reposting_for_gl,Enable Separate Reposting for GL,Check,smallint,,0,0,0,0,0,
Stock,Stock Reposting Settings,do_not_fetch_incoming_rate_from_serial_no,Do not fetch incoming rate from Serial No,Check,smallint,,0,0,0,0,0,
Stock,Stock Reposting Settings,repost_incorrect_valuation_entries,Auto Repost Incorrect Valuation Entries (Weekly),Check,smallint,,0,0,0,0,0,
Stock,Stock Reservation Entry,item_code,Item Code,Link,varchar(140),Item,0,0,1,1,,
Stock,Stock Reservation Entry,warehouse,Warehouse,Link,varchar(140),Warehouse,0,0,1,1,,
Stock,Stock Reservation Entry,voucher_type,Voucher Type,Select,varchar(140),Sales Order|Work Order|Subcontracting Inward Order|Production Plan|Subcontracting Order,0,0,0,1,,
Stock,Stock Reservation Entry,voucher_no,Voucher No,Dynamic Link,varchar(140),voucher_type,0,0,1,1,,
Stock,Stock Reservation Entry,voucher_detail_no,Voucher Detail No,Data,varchar(140),,0,0,1,1,,
Stock,Stock Reservation Entry,stock_uom,Stock UOM,Link,varchar(140),UOM,0,0,0,1,,
Stock,Stock Reservation Entry,project,Project,Link,varchar(140),Project,0,0,1,1,,
Stock,Stock Reservation Entry,company,Company,Link,varchar(140),Company,0,0,1,1,,
Stock,Stock Reservation Entry,reserved_qty,Reserved Qty,Float,"numeric(21,9)",,0,0,0,1,,
Stock,Stock Reservation Entry,status,Status,Select,varchar(140),Draft|Partially Reserved|Reserved|Partially Delivered|Partially Used|Delivered|Cancelled|Closed,0,0,0,1,Draft,
Stock,Stock Reservation Entry,delivered_qty,Delivered Qty,Float,"numeric(21,9)",,0,0,0,1,0,
Stock,Stock Reservation Entry,amended_from,Amended From,Link,varchar(140),Stock Reservation Entry,0,0,0,1,,
Stock,Stock Reservation Entry,available_qty,Available Qty to Reserve,Float,"numeric(21,9)",,0,0,0,1,0,
Stock,Stock Reservation Entry,voucher_qty,Voucher Qty,Float,"numeric(21,9)",,0,0,0,1,0,
Stock,Stock Reservation Entry,has_serial_no,Has Serial No,Check,smallint,,0,0,0,1,0,
Stock,Stock Reservation Entry,has_batch_no,Has Batch No,Check,smallint,,0,0,0,1,0,
Stock,Stock Reservation Entry,reservation_based_on,Reservation Based On,Select,varchar(140),Qty|Serial and Batch,0,0,0,1,Qty,
Stock,Stock Reservation Entry,from_voucher_type,From Voucher Type,Select,varchar(140),Pick List|Purchase Receipt|Stock Entry|Work Order|Production Plan|Subcontracting Inward Order,0,0,0,1,,
Stock,Stock Reservation Entry,from_voucher_detail_no,From Voucher Detail No,Data,varchar(140),,0,0,0,1,,
Stock,Stock Reservation Entry,from_voucher_no,From Voucher No,Dynamic Link,varchar(140),from_voucher_type,0,0,1,1,,
Stock,Stock Reservation Entry,consumed_qty,Consumed Qty,Float,"numeric(21,9)",,0,0,0,0,,
Stock,Stock Reservation Entry,transferred_qty,Transferred Qty,Float,"numeric(21,9)",,0,0,0,0,,
Stock,Stock Settings,item_naming_by,Item Naming By,Select,varchar(140),Item Code|Naming Series,0,0,0,0,Item Code,
Stock,Stock Settings,item_group,Default Item Group,Link,varchar(140),Item Group,0,0,0,0,,
Stock,Stock Settings,stock_uom,Default Stock UOM,Link,varchar(140),UOM,0,0,0,0,,
Stock,Stock Settings,valuation_method,Default Valuation Method,Select,varchar(140),FIFO|Moving Average|LIFO|Standard Cost,0,0,0,0,,
Stock,Stock Settings,over_delivery_receipt_allowance,Over Delivery/Receipt Allowance (%),Float,"numeric(21,9)",,0,0,0,0,,
Stock,Stock Settings,action_if_quality_inspection_is_not_submitted,Action if Quality Inspection is not submitted,Select,varchar(140),Stop|Warn,0,0,0,0,Stop,
Stock,Stock Settings,show_barcode_field,Show barcode field in stock transactions,Check,smallint,,0,0,0,0,1,
Stock,Stock Settings,clean_description_html,Convert Item description to clean HTML in transactions,Check,smallint,,0,0,0,0,1,
Stock,Stock Settings,auto_insert_price_list_rate_if_missing,Auto insert Item Price if missing,Check,smallint,,0,0,0,0,0,
Stock,Stock Settings,allow_negative_stock,Allow negative stock,Check,smallint,,0,0,0,0,0,
Stock,Stock Settings,auto_indent,Raise Material Request when stock reaches re-order level,Check,smallint,,0,0,0,0,0,
Stock,Stock Settings,reorder_email_notify,Notify by email on creation of automatic Material Request,Check,smallint,,0,0,0,0,0,
Stock,Stock Settings,stock_frozen_upto,Stock frozen up to,Date,date,,0,0,0,0,,
Stock,Stock Settings,stock_frozen_upto_days,Freeze stocks older than (days),Int,integer,,0,0,0,0,,
Stock,Stock Settings,stock_auth_role,Role allowed to edit frozen stock,Link,varchar(140),Role,0,0,0,0,,
Stock,Stock Settings,use_naming_series,Have default Naming Series for Batch ID?,Check,smallint,,0,0,0,0,0,
Stock,Stock Settings,naming_series_prefix,Naming Series Prefix,Data,varchar(140),,0,0,0,0,BATCH-,
Stock,Stock Settings,role_allowed_to_create_edit_back_dated_transactions,Role allowed to create/edit back-dated transactions,Link,varchar(140),Role,0,0,0,0,,
Stock,Stock Settings,disable_serial_no_and_batch_selector,Disable Serial No and Batch selector,Check,smallint,,0,0,0,0,0,
Stock,Stock Settings,role_allowed_to_over_deliver_receive,Role Allowed to Over Deliver/Receive,Link,varchar(140),Role,0,0,0,0,,
Stock,Stock Settings,action_if_quality_inspection_is_rejected,Action if Quality Inspection is rejected,Select,varchar(140),Stop|Warn,0,0,0,0,Stop,
Stock,Stock Settings,mr_qty_allowance,Over Transfer Allowance (%),Float,"numeric(21,9)",,0,0,0,0,,
Stock,Stock Settings,update_existing_price_list_rate,Update existing Price List Rate,Check,smallint,,0,0,0,0,0,
Stock,Stock Settings,enable_stock_reservation,Enable stock reservation,Check,smallint,,0,0,0,0,0,
Stock,Stock Settings,allow_partial_reservation,Allow partial reservation,Check,smallint,,0,0,0,0,1,
Stock,Stock Settings,pick_serial_and_batch_based_on,Pick Serial / Batch Based On,Select,varchar(140),FIFO|LIFO|Expiry,0,0,0,0,FIFO,
Stock,Stock Settings,auto_create_serial_and_batch_bundle_for_outward,Auto create Serial and Batch Bundle for outward,Check,smallint,,0,0,0,0,1,
Stock,Stock Settings,auto_reserve_serial_and_batch,Auto reserve Serial and Batch Nos,Check,smallint,,0,0,0,0,1,
Stock,Stock Settings,allow_to_edit_stock_uom_qty_for_sales,Allow to edit stock UOM qty for Sales documents,Check,smallint,,0,0,0,0,0,
Stock,Stock Settings,allow_to_edit_stock_uom_qty_for_purchase,Allow to edit stock UOM qty for Purchase documents,Check,smallint,,0,0,0,0,0,
Stock,Stock Settings,allow_to_edit_stock_uom_qty_for_stock_entry,Allow to edit stock UOM qty for Stock Entry,Check,smallint,,0,0,0,0,0,
Stock,Stock Settings,auto_reserve_stock_for_sales_order_on_purchase,Auto reserve Stock for Sales Order on Purchase,Check,smallint,,0,0,0,0,0,
Stock,Stock Settings,use_serial_batch_fields,Use Serial / Batch fields,Check,smallint,,0,0,0,0,1,
Stock,Stock Settings,do_not_update_serial_batch_on_creation_of_auto_bundle,Do not update Serial / Batch on creation of auto bundle,Check,smallint,,0,0,0,0,1,
Stock,Stock Settings,allow_internal_transfer_at_arms_length_price,Allow internal transfers at user-defined rate,Check,smallint,,0,0,0,0,0,
Stock,Stock Settings,do_not_use_batchwise_valuation,Do not use Batch-wise Valuation,Check,smallint,,0,0,0,0,0,
Stock,Stock Settings,over_picking_allowance,Over Picking Allowance (%),Percent,"numeric(21,9)",,0,0,0,0,,
Stock,Stock Settings,allow_existing_serial_no,Allow existing Serial No to be Manufactured/Received again,Check,smallint,,0,0,0,0,1,
Stock,Stock Settings,auto_reserve_stock,Auto reserve stock,Check,smallint,,0,0,0,0,0,
Stock,Stock Settings,set_serial_and_batch_bundle_naming_based_on_naming_series,Set Serial and Batch Bundle Naming Based on Naming Series,Check,smallint,,0,0,0,0,0,
Stock,Stock Settings,allow_uom_with_conversion_rate_defined_in_item,Allow UOM with conversion rate defined in Item,Check,smallint,,0,0,0,0,0,
Stock,Stock Settings,allow_to_make_quality_inspection_after_purchase_or_delivery,Allow to make Quality Inspection after Purchase / Delivery,Check,smallint,,0,0,0,0,0,
Stock,Stock Settings,update_price_list_based_on,Update Price List based on,Select,varchar(140),Rate|Price List Rate,0,0,0,0,Rate,
Stock,Stock Settings,validate_material_transfer_warehouses,Validate Material Transfer warehouses,Check,smallint,,0,0,0,0,0,
Stock,Stock Settings,allow_negative_stock_for_batch,Allow negative stock for Batch,Check,smallint,,0,0,0,0,0,
Stock,Stock Settings,enable_serial_and_batch_no_for_item,Activate Serial / Batch No for Item,Check,smallint,,0,0,0,0,0,
Stock,Stock Settings,use_inline_serial_batch_editor,Use Inline Serial / Batch Editor,Check,smallint,,0,0,0,0,1,
Stock,UOM Category,category_name,Category Name,Data,varchar(140),,1,1,0,0,,
Stock,UOM Conversion Detail,uom,UOM,Link,varchar(140),UOM,1,0,0,0,,
Stock,UOM Conversion Detail,conversion_factor,Conversion Factor,Float,"numeric(21,9)",,0,0,0,0,,
Stock,Variant Field,field_name,Field Name,Autocomplete,varchar(140),,1,0,0,0,,
Stock,Warehouse,warehouse_name,Warehouse Name,Data,varchar(140),,1,0,0,0,,
Stock,Warehouse,is_group,Is Group Warehouse,Check,smallint,,0,0,0,0,0,
Stock,Warehouse,company,Company,Link,varchar(140),Company,1,0,1,0,,
Stock,Warehouse,disabled,Disabled,Check,smallint,,0,0,0,0,0,
Stock,Warehouse,account,Account,Link,varchar(140),Account,0,0,0,0,,
Stock,Warehouse,email_id,Email Address,Data,varchar(140),,0,0,0,0,,
Stock,Warehouse,phone_no,Phone No,Data,varchar(140),Phone,0,0,0,0,,
Stock,Warehouse,mobile_no,Mobile No,Data,varchar(140),Phone,0,0,0,0,,
Stock,Warehouse,address_line_1,Address Line 1,Data,varchar(140),,0,0,0,0,,
Stock,Warehouse,address_line_2,Address Line 2,Data,varchar(140),,0,0,0,0,,
Stock,Warehouse,city,City,Data,varchar(140),,0,0,0,0,,
Stock,Warehouse,state,State/Province,Data,varchar(140),,0,0,0,0,,
Stock,Warehouse,pin,PIN,Data,varchar(140),,0,0,0,0,,
Stock,Warehouse,parent_warehouse,Parent Warehouse,Link,varchar(140),Warehouse,0,0,1,0,,
Stock,Warehouse,lft,lft,Int,integer,,0,0,0,1,,
Stock,Warehouse,rgt,rgt,Int,integer,,0,0,0,1,,
Stock,Warehouse,old_parent,Old Parent,Link,varchar(140),Warehouse,0,0,0,1,,
Stock,Warehouse,warehouse_type,Warehouse Type,Link,varchar(140),Warehouse Type,0,0,0,0,,
Stock,Warehouse,default_in_transit_warehouse,Default In-Transit Warehouse,Link,varchar(140),Warehouse,0,0,0,0,,
Stock,Warehouse,is_rejected_warehouse,Is Rejected Warehouse,Check,smallint,,0,0,0,0,0,
Stock,Warehouse,customer,Customer,Link,varchar(140),Customer,0,0,0,0,,
Stock,Warehouse Type,description,Description,Small Text,text,,0,0,0,0,,
Subcontracting,Subcontracting BOM,is_active,Is Active,Check,smallint,,0,0,0,0,1,
Subcontracting,Subcontracting BOM,finished_good,Finished Good,Link,varchar(140),Item,1,0,1,0,,
Subcontracting,Subcontracting BOM,finished_good_qty,Finished Good Qty,Float,"numeric(21,9)",,1,0,0,0,1,
Subcontracting,Subcontracting BOM,finished_good_bom,Finished Good BOM,Link,varchar(140),BOM,1,0,1,0,,finished_good.default_bom
Subcontracting,Subcontracting BOM,service_item,Service Item,Link,varchar(140),Item,1,0,1,0,,
Subcontracting,Subcontracting BOM,service_item_qty,Service Item Qty,Float,"numeric(21,9)",,1,0,0,0,1,
Subcontracting,Subcontracting BOM,service_item_uom,Service Item UOM,Link,varchar(140),UOM,1,0,0,0,,service_item.stock_uom
Subcontracting,Subcontracting BOM,conversion_factor,Conversion Factor,Float,"numeric(21,9)",,0,0,0,1,,
Subcontracting,Subcontracting BOM,finished_good_uom,Finished Good UOM,Link,varchar(140),UOM,0,0,0,1,,finished_good.stock_uom
Subcontracting,Subcontracting Inward Order,title,Title,Data,varchar(140),,0,0,0,0,,
Subcontracting,Subcontracting Inward Order,naming_series,Series,Select,varchar(140),SCI-ORD-.YYYY.-,1,0,0,0,,
Subcontracting,Subcontracting Inward Order,sales_order,Subcontracting Sales Order,Link,varchar(140),Sales Order,1,0,0,0,,
Subcontracting,Subcontracting Inward Order,customer,Customer,Link,varchar(140),Customer,1,0,1,1,,
Subcontracting,Subcontracting Inward Order,customer_name,Customer Name,Data,varchar(140),,1,0,0,1,,customer.customer_name
Subcontracting,Subcontracting Inward Order,company,Company,Link,varchar(140),Company,1,0,0,0,,
Subcontracting,Subcontracting Inward Order,transaction_date,Date,Date,date,,1,0,1,0,Today,sales_order.transaction_date
Subcontracting,Subcontracting Inward Order,amended_from,Amended From,Link,varchar(140),Subcontracting Inward Order,0,0,0,1,,
Subcontracting,Subcontracting Inward Order,status,Status,Select,varchar(140),Draft|Open|Ongoing|Produced|Delivered|Returned|Cancelled|Closed,1,0,1,1,Draft,
Subcontracting,Subcontracting Inward Order,per_delivered,% Delivered,Percent,"numeric(21,9)",,0,0,0,1,,
Subcontracting,Subcontracting Inward Order,per_produced,% Produced,Percent,"numeric(21,9)",,0,0,0,1,,
Subcontracting,Subcontracting Inward Order,per_process_loss,% Process Loss,Percent,"numeric(21,9)",,0,0,0,1,,
Subcontracting,Subcontracting Inward Order,set_delivery_warehouse,Set Delivery Warehouse,Link,varchar(140),Warehouse,0,0,0,0,,
Subcontracting,Subcontracting Inward Order,customer_warehouse,Customer Warehouse,Link,varchar(140),Warehouse,1,0,0,0,,
Subcontracting,Subcontracting Inward Order,per_returned,% Returned,Percent,"numeric(21,9)",,0,0,0,1,,
Subcontracting,Subcontracting Inward Order,per_raw_material_returned,% Raw Material Returned,Percent,"numeric(21,9)",,0,0,0,1,,
Subcontracting,Subcontracting Inward Order,per_raw_material_received,% Raw Material Received,Percent,"numeric(21,9)",,0,0,0,1,,
Subcontracting,Subcontracting Inward Order,currency,Customer Currency,Link,varchar(140),Currency,0,0,0,1,,customer.default_currency
Subcontracting,Subcontracting Inward Order Item,item_code,Item Code,Link,varchar(140),Item,1,0,1,1,,
Subcontracting,Subcontracting Inward Order Item,item_name,Item Name,Data,varchar(140),,1,0,0,1,,item_code.item_name
Subcontracting,Subcontracting Inward Order Item,qty,Quantity,Float,"numeric(21,9)",,1,0,0,0,1,
Subcontracting,Subcontracting Inward Order Item,stock_uom,Stock UOM,Link,varchar(140),UOM,1,0,0,1,,
Subcontracting,Subcontracting Inward Order Item,conversion_factor,Conversion Factor,Float,"numeric(21,9)",,0,0,0,1,1,
Subcontracting,Subcontracting Inward Order Item,bom,BOM,Link,varchar(140),BOM,1,0,0,0,,item_code.default_bom
Subcontracting,Subcontracting Inward Order Item,include_exploded_items,Include Exploded Items,Check,smallint,,0,0,0,0,0,
Subcontracting,Subcontracting Inward Order Item,delivered_qty,Delivered Qty,Float,"numeric(21,9)",,0,0,0,1,0,
Subcontracting,Subcontracting Inward Order Item,returned_qty,Returned Qty,Float,"numeric(21,9)",,0,0,0,1,0,
Subcontracting,Subcontracting Inward Order Item,sales_order_item,Sales Order Item,Data,varchar(140),,0,0,1,1,,
Subcontracting,Subcontracting Inward Order Item,subcontracting_conversion_factor,Subcontracting Conversion Factor,Float,"numeric(21,9)",,0,0,0,1,,
Subcontracting,Subcontracting Inward Order Item,produced_qty,Produced Qty,Float,"numeric(21,9)",,0,0,0,1,0,
Subcontracting,Subcontracting Inward Order Item,process_loss_qty,Process Loss Qty,Float,"numeric(21,9)",,0,0,0,1,0,
Subcontracting,Subcontracting Inward Order Item,delivery_warehouse,Delivery Warehouse,Link,varchar(140),Warehouse,1,0,0,0,,
Subcontracting,Subcontracting Inward Order Received Item,main_item_code,Item Code,Link,varchar(140),Item,1,0,0,1,,
Subcontracting,Subcontracting Inward Order Received Item,rm_item_code,Raw Material Item Code,Link,varchar(140),Item,1,0,0,1,,
Subcontracting,Subcontracting Inward Order Received Item,stock_uom,Stock UOM,Link,varchar(140),UOM,1,0,0,1,,
Subcontracting,Subcontracting Inward Order Received Item,bom_detail_no,BOM Detail No,Data,varchar(140),,0,0,0,1,,
Subcontracting,Subcontracting Inward Order Received Item,reference_name,Reference Name,Data,varchar(140),,1,0,0,1,,
Subcontracting,Subcontracting Inward Order Received Item,required_qty,Required Qty,Float,"numeric(21,9)",,0,0,0,1,0,
Subcontracting,Subcontracting Inward Order Received Item,received_qty,Received Qty,Float,"numeric(21,9)",,0,0,0,1,0,
Subcontracting,Subcontracting Inward Order Received Item,consumed_qty,Consumed Qty,Float,"numeric(21,9)",,0,0,0,1,0,
Subcontracting,Subcontracting Inward Order Received Item,returned_qty,Returned Qty,Float,"numeric(21,9)",,0,0,0,1,0,
Subcontracting,Subcontracting Inward Order Received Item,work_order_qty,Work Order Qty,Float,"numeric(21,9)",,0,0,0,1,0,
Subcontracting,Subcontracting Inward Order Received Item,is_customer_provided_item,Is Customer Provided Item,Check,smallint,,1,0,0,1,0,
Subcontracting,Subcontracting Inward Order Received Item,warehouse,Warehouse,Link,varchar(140),Warehouse,0,0,0,1,,
Subcontracting,Subcontracting Inward Order Received Item,billed_qty,Billed Qty,Float,"numeric(21,9)",,0,0,0,1,0,
Subcontracting,Subcontracting Inward Order Received Item,is_additional_item,Is Additional Item,Check,smallint,,0,0,0,1,0,
Subcontracting,Subcontracting Inward Order Received Item,rate,Rate,Currency,"numeric(21,9)",Company:company:default_currency,0,0,0,1,0,
Subcontracting,Subcontracting Inward Order Secondary Item,item_code,Item Code,Link,varchar(140),Item,1,0,0,1,,
Subcontracting,Subcontracting Inward Order Secondary Item,stock_uom,Stock UOM,Link,varchar(140),UOM,1,0,0,1,,
Subcontracting,Subcontracting Inward Order Secondary Item,reference_name,Reference Name,Data,varchar(140),,1,0,0,1,,
Subcontracting,Subcontracting Inward Order Secondary Item,produced_qty,Produced Qty,Float,"numeric(21,9)",,1,0,0,0,0,
Subcontracting,Subcontracting Inward Order Secondary Item,delivered_qty,Delivered Qty,Float,"numeric(21,9)",,1,0,0,0,0,
Subcontracting,Subcontracting Inward Order Secondary Item,fg_item_code,Finished Good Item Code,Link,varchar(140),Item,1,0,0,1,,
Subcontracting,Subcontracting Inward Order Secondary Item,warehouse,Warehouse,Link,varchar(140),Warehouse,1,0,0,1,,
Subcontracting,Subcontracting Inward Order Secondary Item,secondary_item_type,Type,Select,varchar(140),Co-Product|By-Product|Scrap|Additional Finished Good,1,0,0,1,,
Subcontracting,Subcontracting Inward Order Service Item,item_code,Item Code,Link,varchar(140),Item,1,0,1,0,,
Subcontracting,Subcontracting Inward Order Service Item,item_name,Item Name,Data,varchar(140),,1,0,0,0,,item_code.item_name
Subcontracting,Subcontracting Inward Order Service Item,qty,Quantity,Float,"numeric(21,9)",,1,0,0,0,,
Subcontracting,Subcontracting Inward Order Service Item,rate,Rate,Currency,"numeric(21,9)",currency,1,0,0,0,,item_code.standard_rate
Subcontracting,Subcontracting Inward Order Service Item,amount,Amount,Currency,"numeric(21,9)",currency,1,0,0,1,,
Subcontracting,Subcontracting Inward Order Service Item,fg_item,Finished Good Item,Link,varchar(140),Item,1,0,0,0,,
Subcontracting,Subcontracting Inward Order Service Item,fg_item_qty,Finished Good Item Quantity,Float,"numeric(21,9)",,1,0,0,0,1,
Subcontracting,Subcontracting Inward Order Service Item,sales_order_item,Sales Order Item,Data,varchar(140),,0,0,1,1,,
Subcontracting,Subcontracting Inward Order Service Item,uom,UOM,Link,varchar(140),UOM,1,0,0,1,,
Subcontracting,Subcontracting Order,title,Title,Data,varchar(140),,0,0,0,0,,
Subcontracting,Subcontracting Order,naming_series,Series,Select,varchar(140),SC-ORD-.YYYY.-,1,0,0,0,,
Subcontracting,Subcontracting Order,purchase_order,Subcontracting Purchase Order,Link,varchar(140),Purchase Order,1,0,0,0,,
Subcontracting,Subcontracting Order,supplier,Job Worker,Link,varchar(140),Supplier,1,0,1,0,,
Subcontracting,Subcontracting Order,supplier_name,Job Worker Name,Data,varchar(140),,1,0,0,1,,supplier.supplier_name
Subcontracting,Subcontracting Order,supplier_warehouse,Job Worker Warehouse,Link,varchar(140),Warehouse,1,0,0,0,,
Subcontracting,Subcontracting Order,company,Company,Link,varchar(140),Company,1,0,0,0,,
Subcontracting,Subcontracting Order,transaction_date,Date,Date,date,,1,0,1,0,Today,purchase_order.transaction_date
Subcontracting,Subcontracting Order,schedule_date,Required By,Date,date,,0,0,0,1,,purchase_order.schedule_date
Subcontracting,Subcontracting Order,amended_from,Amended From,Link,varchar(140),Subcontracting Order,0,0,0,1,,
Subcontracting,Subcontracting Order,supplier_address,Job Worker Address,Link,varchar(140),Address,0,0,0,0,,supplier.supplier_primary_address
Subcontracting,Subcontracting Order,address_display,Job Worker Address Details,Text Editor,text,,0,0,0,1,,
Subcontracting,Subcontracting Order,contact_person,Job Worker Contact,Link,varchar(140),Contact,0,0,0,0,,supplier.supplier_primary_contact
Subcontracting,Subcontracting Order,contact_display,Contact Name,Small Text,text,,0,0,0,1,,
Subcontracting,Subcontracting Order,contact_mobile,Contact Mobile No,Small Text,text,Phone,0,0,0,1,,
Subcontracting,Subcontracting Order,contact_email,Contact Email,Small Text,text,Email,0,0,0,1,,
Subcontracting,Subcontracting Order,shipping_address,Company Shipping Address,Link,varchar(140),Address,0,0,0,0,,
Subcontracting,Subcontracting Order,shipping_address_display,Shipping Address Details,Text Editor,text,,0,0,0,1,,
Subcontracting,Subcontracting Order,billing_address,Company Billing Address,Link,varchar(140),Address,0,0,0,0,,
Subcontracting,Subcontracting Order,billing_address_display,Billing Address Details,Text Editor,text,,0,0,0,1,,
Subcontracting,Subcontracting Order,set_warehouse,Set Target Warehouse,Link,varchar(140),Warehouse,0,0,0,0,,
Subcontracting,Subcontracting Order,total_qty,Total Quantity,Float,"numeric(21,9)",,0,0,0,1,,
Subcontracting,Subcontracting Order,total,Total,Currency,"numeric(21,9)",Company:company:default_currency,0,0,0,1,,
Subcontracting,Subcontracting Order,set_reserve_warehouse,Set Reserve Warehouse,Link,varchar(140),Warehouse,0,0,0,0,,
Subcontracting,Subcontracting Order,total_additional_costs,Total Additional Costs,Currency,"numeric(21,9)",Company:company:default_currency,0,0,0,1,,
Subcontracting,Subcontracting Order,status,Status,Select,varchar(140),Draft|Open|Partially Received|Completed|Material Transferred|Partial Material Transferred|Cancelled|Closed,1,0,1,1,Draft,
Subcontracting,Subcontracting Order,per_received,% Received,Percent,"numeric(21,9)",,0,0,0,1,,
Subcontracting,Subcontracting Order,select_print_heading,Print Heading,Link,varchar(140),Print Heading,0,0,0,0,,
Subcontracting,Subcontracting Order,letter_head,Letter Head,Link,varchar(140),Letter Head,0,0,0,0,,
Subcontracting,Subcontracting Order,distribute_additional_costs_based_on,Distribute Additional Costs Based On ,Select,varchar(140),Qty|Amount,0,0,0,0,Qty,
Subcontracting,Subcontracting Order,cost_center,Cost Center,Link,varchar(140),Cost Center,0,0,0,0,,
Subcontracting,Subcontracting Order,project,Project,Link,varchar(140),Project,0,0,0,0,,
Subcontracting,Subcontracting Order,supplier_currency,Job Worker Currency,Link,varchar(140),Currency,0,0,0,1,,purchase_order.currency
Subcontracting,Subcontracting Order,reserve_stock,Reserve Stock,Check,smallint,,0,0,0,0,0,
Subcontracting,Subcontracting Order,production_plan,Production Plan,Data,varchar(140),,0,0,0,1,,
Subcontracting,Subcontracting Order Item,item_code,Item Code,Link,varchar(140),Item,1,0,1,1,,
Subcontracting,Subcontracting Order Item,item_name,Item Name,Data,varchar(140),,1,0,0,0,,item_code.item_name
Subcontracting,Subcontracting Order Item,schedule_date,Required By,Date,date,,0,0,0,1,,
Subcontracting,Subcontracting Order Item,expected_delivery_date,Expected Delivery Date,Date,date,,0,0,1,0,,
Subcontracting,Subcontracting Order Item,description,Description,Text Editor,text,,0,0,0,0,,item_code.description
Subcontracting,Subcontracting Order Item,image,Image,Attach,text,,0,0,0,0,,item_code.image
Subcontracting,Subcontracting Order Item,qty,Quantity,Float,"numeric(21,9)",,1,0,0,0,1,
Subcontracting,Subcontracting Order Item,stock_uom,Stock UOM,Link,varchar(140),UOM,1,0,0,1,,
Subcontracting,Subcontracting Order Item,conversion_factor,Conversion Factor,Float,"numeric(21,9)",,0,0,0,1,1,
Subcontracting,Subcontracting Order Item,rate,Rate,Currency,"numeric(21,9)",Company:company:default_currency,1,0,0,1,,item_code.standard_rate
Subcontracting,Subcontracting Order Item,amount,Amount,Currency,"numeric(21,9)",Company:company:default_currency,1,0,0,1,,
Subcontracting,Subcontracting Order Item,warehouse,Warehouse,Link,varchar(140),Warehouse,1,0,0,0,,
Subcontracting,Subcontracting Order Item,expense_account,Expense Account,Link,varchar(140),Account,0,0,0,0,,
Subcontracting,Subcontracting Order Item,manufacturer,Manufacturer,Link,varchar(140),Manufacturer,0,0,0,0,,
Subcontracting,Subcontracting Order Item,manufacturer_part_no,Manufacturer Part Number,Data,varchar(140),,0,0,0,0,,
Subcontracting,Subcontracting Order Item,bom,BOM,Link,varchar(140),BOM,1,0,0,0,,item_code.default_bom
Subcontracting,Subcontracting Order Item,include_exploded_items,Include Exploded Items,Check,smallint,,0,0,0,0,0,
Subcontracting,Subcontracting Order Item,service_cost_per_qty,Service Cost Per Qty,Currency,"numeric(21,9)",Company:company:default_currency,1,0,0,1,,
Subcontracting,Subcontracting Order Item,additional_cost_per_qty,Additional Cost Per Qty,Currency,"numeric(21,9)",Company:company:default_currency,0,0,0,1,0,
Subcontracting,Subcontracting Order Item,rm_cost_per_qty,Raw Material Cost Per Qty,Currency,"numeric(21,9)",Company:company:default_currency,0,0,0,1,,
Subcontracting,Subcontracting Order Item,page_break,Page Break,Check,smallint,,0,0,0,0,0,
Subcontracting,Subcontracting Order Item,received_qty,Received Qty,Float,"numeric(21,9)",,0,0,0,1,,
Subcontracting,Subcontracting Order Item,returned_qty,Returned Qty,Float,"numeric(21,9)",,0,0,0,1,,
Subcontracting,Subcontracting Order Item,cost_center,Cost Center,Link,varchar(140),Cost Center,0,0,0,0,,
Subcontracting,Subcontracting Order Item,project,Project,Link,varchar(140),Project,0,0,0,0,,
Subcontracting,Subcontracting Order Item,material_request,Material Request,Link,varchar(140),Material Request,0,0,1,1,,
Subcontracting,Subcontracting Order Item,material_request_item,Material Request Item,Data,varchar(140),,0,0,1,1,,
Subcontracting,Subcontracting Order Item,purchase_order_item,Purchase Order Item,Data,varchar(140),,0,0,1,1,,
Subcontracting,Subcontracting Order Item,job_card,Job Card,Link,varchar(140),Job Card,0,0,0,1,,
Subcontracting,Subcontracting Order Item,subcontracting_conversion_factor,Subcontracting Conversion Factor,Float,"numeric(21,9)",,0,0,0,1,,
Subcontracting,Subcontracting Order Item,production_plan_sub_assembly_item,Production Plan Sub Assembly Item,Data,varchar(140),,0,0,0,1,,
Subcontracting,Subcontracting Order Service Item,item_code,Item Code,Link,varchar(140),Item,1,0,1,0,,
Subcontracting,Subcontracting Order Service Item,item_name,Item Name,Data,varchar(140),,1,0,0,0,,item_code.item_name
Subcontracting,Subcontracting Order Service Item,qty,Quantity,Float,"numeric(21,9)",,1,0,0,0,,
Subcontracting,Subcontracting Order Service Item,rate,Rate,Currency,"numeric(21,9)",supplier_currency,1,0,0,0,,item_code.standard_rate
Subcontracting,Subcontracting Order Service Item,amount,Amount,Currency,"numeric(21,9)",supplier_currency,1,0,0,1,,
Subcontracting,Subcontracting Order Service Item,fg_item,Finished Good Item,Link,varchar(140),Item,1,0,0,0,,
Subcontracting,Subcontracting Order Service Item,fg_item_qty,Finished Good Item Quantity,Float,"numeric(21,9)",,1,0,0,0,1,
Subcontracting,Subcontracting Order Service Item,purchase_order_item,Purchase Order Item,Data,varchar(140),,0,0,1,1,,
Subcontracting,Subcontracting Order Service Item,material_request,Material Request,Link,varchar(140),Material Request,0,0,0,1,,
Subcontracting,Subcontracting Order Service Item,material_request_item,Material Request Item,Data,varchar(140),,0,0,0,1,,
Subcontracting,Subcontracting Order Supplied Item,main_item_code,Item Code,Link,varchar(140),Item,0,0,0,1,,
Subcontracting,Subcontracting Order Supplied Item,rm_item_code,Raw Material Item Code,Link,varchar(140),Item,0,0,0,1,,
Subcontracting,Subcontracting Order Supplied Item,stock_uom,Stock UOM,Link,varchar(140),UOM,0,0,0,1,,
Subcontracting,Subcontracting Order Supplied Item,conversion_factor,Conversion Factor,Float,"numeric(21,9)",,0,0,0,1,1,
Subcontracting,Subcontracting Order Supplied Item,reserve_warehouse,Reserve Warehouse,Link,varchar(140),Warehouse,0,0,0,0,,
Subcontracting,Subcontracting Order Supplied Item,bom_detail_no,BOM Detail No,Data,varchar(140),,0,0,0,1,,
Subcontracting,Subcontracting Order Supplied Item,reference_name,Reference Name,Data,varchar(140),,0,0,0,1,,
Subcontracting,Subcontracting Order Supplied Item,rate,Rate,Currency,"numeric(21,9)",Company:company:default_currency,0,0,0,0,,
Subcontracting,Subcontracting Order Supplied Item,amount,Amount,Currency,"numeric(21,9)",Company:company:default_currency,0,0,0,1,,
Subcontracting,Subcontracting Order Supplied Item,required_qty,Required Qty,Float,"numeric(21,9)",,0,0,0,1,,
Subcontracting,Subcontracting Order Supplied Item,supplied_qty,Supplied Qty,Float,"numeric(21,9)",,0,0,0,1,,
Subcontracting,Subcontracting Order Supplied Item,consumed_qty,Consumed Qty,Float,"numeric(21,9)",,0,0,0,1,,
Subcontracting,Subcontracting Order Supplied Item,returned_qty,Returned Qty,Float,"numeric(21,9)",,0,0,0,1,,
Subcontracting,Subcontracting Order Supplied Item,total_supplied_qty,Total Supplied Qty,Float,"numeric(21,9)",,0,0,0,1,,
Subcontracting,Subcontracting Order Supplied Item,stock_reserved_qty,Reserved Qty,Float,"numeric(21,9)",,0,0,0,1,0,
Subcontracting,Subcontracting Receipt,title,Title,Data,varchar(140),,0,0,0,0,,
Subcontracting,Subcontracting Receipt,naming_series,Series,Select,varchar(140),MAT-SCR-.YYYY.-|MAT-SCR-RET-.YYYY.-,1,0,0,0,,
Subcontracting,Subcontracting Receipt,supplier,Job Worker,Link,varchar(140),Supplier,1,0,1,0,,
Subcontracting,Subcontracting Receipt,supplier_name,Job Worker Name,Data,varchar(140),,0,0,0,1,,supplier.supplier_name
Subcontracting,Subcontracting Receipt,posting_date,Date,Date,date,,1,0,1,0,Today,
Subcontracting,Subcontracting Receipt,posting_time,Posting Time,Time,time(6),,1,0,0,0,Now,
Subcontracting,Subcontracting Receipt,company,Company,Link,varchar(140),Company,1,0,0,0,,
Subcontracting,Subcontracting Receipt,supplier_address,Select Job Worker Address,Link,varchar(140),Address,0,0,0,0,,
Subcontracting,Subcontracting Receipt,contact_person,Contact Person,Link,varchar(140),Contact,0,0,0,0,,
Subcontracting,Subcontracting Receipt,address_display,Address,Text Editor,text,,0,0,0,1,,
Subcontracting,Subcontracting Receipt,contact_display,Contact,Small Text,text,,0,0,0,1,,
Subcontracting,Subcontracting Receipt,contact_mobile,Mobile No,Small Text,text,Phone,0,0,0,1,,
Subcontracting,Subcontracting Receipt,contact_email,Contact Email,Small Text,text,Email,0,0,0,1,,
Subcontracting,Subcontracting Receipt,shipping_address,Select Shipping Address,Link,varchar(140),Address,0,0,0,0,,
Subcontracting,Subcontracting Receipt,shipping_address_display,Shipping Address,Text Editor,text,,0,0,0,1,,
Subcontracting,Subcontracting Receipt,set_warehouse,Accepted Warehouse,Link,varchar(140),Warehouse,0,0,0,0,,
Subcontracting,Subcontracting Receipt,rejected_warehouse,Rejected Warehouse,Link,varchar(140),Warehouse,0,0,0,0,,
Subcontracting,Subcontracting Receipt,supplier_warehouse,Job Worker Warehouse,Link,varchar(140),Warehouse,0,0,0,0,,
Subcontracting,Subcontracting Receipt,total_qty,Total Quantity,Float,"numeric(21,9)",,0,0,0,1,,
Subcontracting,Subcontracting Receipt,total,Total,Currency,"numeric(21,9)",Company:company:default_currency,0,0,0,1,,
Subcontracting,Subcontracting Receipt,in_words,In Words,Data,varchar(140),,0,0,0,1,,
Subcontracting,Subcontracting Receipt,bill_no,Bill No,Data,varchar(140),,0,0,0,0,,
Subcontracting,Subcontracting Receipt,bill_date,Bill Date,Date,date,,0,0,0,0,,
Subcontracting,Subcontracting Receipt,status,Status,Select,varchar(140),Draft|Completed|Return|Return Issued|Cancelled|Closed,1,0,1,1,Draft,
Subcontracting,Subcontracting Receipt,amended_from,Amended From,Link,varchar(140),Subcontracting Receipt,0,0,0,1,,
Subcontracting,Subcontracting Receipt,range,Range,Data,varchar(140),,0,0,0,0,,
Subcontracting,Subcontracting Receipt,auto_repeat,Auto Repeat,Link,varchar(140),Auto Repeat,0,0,0,1,,
Subcontracting,Subcontracting Receipt,letter_head,Letter Head,Link,varchar(140),Letter Head,0,0,0,0,,
Subcontracting,Subcontracting Receipt,select_print_heading,Print Heading,Link,varchar(140),Print Heading,0,0,0,0,,
Subcontracting,Subcontracting Receipt,language,Print Language,Data,varchar(140),,0,0,0,1,,
Subcontracting,Subcontracting Receipt,instructions,Instructions,Small Text,text,,0,0,0,0,,
Subcontracting,Subcontracting Receipt,remarks,Remarks,Small Text,text,,0,0,0,0,,
Subcontracting,Subcontracting Receipt,transporter_name,Transporter Name,Data,varchar(140),,0,0,0,0,,
Subcontracting,Subcontracting Receipt,lr_no,Vehicle Number,Data,varchar(140),,0,0,0,0,,
Subcontracting,Subcontracting Receipt,lr_date,Vehicle Date,Date,date,,0,0,0,0,,
Subcontracting,Subcontracting Receipt,billing_address,Select Billing Address,Link,varchar(140),Address,0,0,0,0,,
Subcontracting,Subcontracting Receipt,billing_address_display,Billing Address,Text Editor,text,,0,0,0,1,,
Subcontracting,Subcontracting Receipt,represents_company,Represents Company,Link,varchar(140),Company,0,0,0,1,,supplier.represents_company
Subcontracting,Subcontracting Receipt,is_return,Is Return,Check,smallint,,0,0,0,1,0,
Subcontracting,Subcontracting Receipt,return_against,Return Against Subcontracting Receipt,Link,varchar(140),Subcontracting Receipt,0,0,0,1,,
Subcontracting,Subcontracting Receipt,per_returned,% Returned,Percent,"numeric(21,9)",,0,0,0,1,,
Subcontracting,Subcontracting Receipt,cost_center,Cost Center,Link,varchar(140),Cost Center,0,0,0,0,,
Subcontracting,Subcontracting Receipt,project,Project,Link,varchar(140),Project,0,0,0,0,,
Subcontracting,Subcontracting Receipt,distribute_additional_costs_based_on,Distribute Additional Costs Based On ,Select,varchar(140),Qty|Amount,0,0,0,0,Qty,
Subcontracting,Subcontracting Receipt,total_additional_costs,Total Additional Costs,Currency,"numeric(21,9)",Company:company:default_currency,0,0,0,1,,
Subcontracting,Subcontracting Receipt,set_posting_time,Edit Posting Date and Time,Check,smallint,,0,0,0,0,0,
Subcontracting,Subcontracting Receipt,supplier_delivery_note,Job Worker Delivery Note,Data,varchar(140),,0,0,0,0,,
Subcontracting,Subcontracting Receipt Item,item_code,Item Code,Link,varchar(140),Item,1,0,1,0,,
Subcontracting,Subcontracting Receipt Item,item_name,Item Name,Data,varchar(140),,0,0,0,0,,item_code.item_name
Subcontracting,Subcontracting Receipt Item,description,Description,Text Editor,text,,0,0,0,0,,item_code.description
Subcontracting,Subcontracting Receipt Item,image,Image,Attach,text,,0,0,0,0,,item_code.image
Subcontracting,Subcontracting Receipt Item,received_qty,Qty (As per BOM),Float,"numeric(21,9)",,1,0,0,1,0,
Subcontracting,Subcontracting Receipt Item,qty,Accepted Qty,Float,"numeric(21,9)",,0,0,0,0,,
Subcontracting,Subcontracting Receipt Item,rejected_qty,Rejected Qty,Float,"numeric(21,9)",,0,0,0,0,,
Subcontracting,Subcontracting Receipt Item,stock_uom,Stock UOM,Link,varchar(140),UOM,1,0,0,1,,item_code.stock_uom
Subcontracting,Subcontracting Receipt Item,conversion_factor,Conversion Factor,Float,"numeric(21,9)",,0,0,0,1,1,
Subcontracting,Subcontracting Receipt Item,rate,Rate,Currency,"numeric(21,9)",Company:company:default_currency,0,0,0,1,,
Subcontracting,Subcontracting Receipt Item,amount,Amount,Currency,"numeric(21,9)",Company:company:default_currency,0,0,0,1,,
Subcontracting,Subcontracting Receipt Item,rm_cost_per_qty,Raw Material Cost Per Qty,Currency,"numeric(21,9)",Company:company:default_currency,0,0,0,1,0,
Subcontracting,Subcontracting Receipt Item,service_cost_per_qty,Service Cost Per Qty,Currency,"numeric(21,9)",Company:company:default_currency,1,0,0,1,0,
Subcontracting,Subcontracting Receipt Item,additional_cost_per_qty,Additional Cost Per Qty,Currency,"numeric(21,9)",Company:company:default_currency,0,0,0,1,0,
Subcontracting,Subcontracting Receipt Item,warehouse,Accepted Warehouse,Link,varchar(140),Warehouse,0,0,0,0,,
Subcontracting,Subcontracting Receipt Item,rejected_warehouse,Rejected Warehouse,Link,varchar(140),Warehouse,0,0,0,0,,
Subcontracting,Subcontracting Receipt Item,quality_inspection,Quality Inspection,Link,varchar(140),Quality Inspection,0,0,0,0,,
Subcontracting,Subcontracting Receipt Item,subcontracting_order,Subcontracting Order,Link,varchar(140),Subcontracting Order,0,0,1,1,,
Subcontracting,Subcontracting Receipt Item,schedule_date,Required By,Date,date,,0,0,0,1,,
Subcontracting,Subcontracting Receipt Item,serial_no,Serial No,Small Text,text,,0,0,0,0,,
Subcontracting,Subcontracting Receipt Item,batch_no,Batch No,Link,varchar(140),Batch,0,0,0,0,,
Subcontracting,Subcontracting Receipt Item,rejected_serial_no,Rejected Serial No,Small Text,text,,0,0,0,0,,
Subcontracting,Subcontracting Receipt Item,subcontracting_order_item,Subcontracting Order Item,Data,varchar(140),,0,0,1,1,,
Subcontracting,Subcontracting Receipt Item,bom,BOM,Link,varchar(140),BOM,0,0,0,0,,
Subcontracting,Subcontracting Receipt Item,brand,Brand,Link,varchar(140),Brand,0,0,0,1,,item_code.brand
Subcontracting,Subcontracting Receipt Item,rm_supp_cost,Raw Materials Supplied Cost,Currency,"numeric(21,9)",Company:company:default_currency,0,0,0,1,,
Subcontracting,Subcontracting Receipt Item,expense_account,Expense Account,Link,varchar(140),Account,0,0,0,0,,
Subcontracting,Subcontracting Receipt Item,manufacturer,Manufacturer,Link,varchar(140),Manufacturer,0,0,0,0,,
Subcontracting,Subcontracting Receipt Item,manufacturer_part_no,Manufacturer Part Number,Data,varchar(140),,0,0,0,0,,
Subcontracting,Subcontracting Receipt Item,subcontracting_receipt_item,Subcontracting Receipt Item,Data,varchar(140),,0,0,0,1,,
Subcontracting,Subcontracting Receipt Item,project,Project,Link,varchar(140),Project,0,0,0,0,,
Subcontracting,Subcontracting Receipt Item,cost_center,Cost Center,Link,varchar(140),Cost Center,0,0,0,0,:Company,
Subcontracting,Subcontracting Receipt Item,page_break,Page Break,Check,smallint,,0,0,0,0,0,
Subcontracting,Subcontracting Receipt Item,returned_qty,Returned Qty,Float,"numeric(21,9)",,0,0,0,1,0,
Subcontracting,Subcontracting Receipt Item,serial_and_batch_bundle,Serial and Batch Bundle,Link,varchar(140),Serial and Batch Bundle,0,0,0,0,,
Subcontracting,Subcontracting Receipt Item,rejected_serial_and_batch_bundle,Rejected Serial and Batch Bundle,Link,varchar(140),Serial and Batch Bundle,0,0,0,0,,
Subcontracting,Subcontracting Receipt Item,reference_name,Reference Name,Data,varchar(140),,0,0,0,1,,
Subcontracting,Subcontracting Receipt Item,purchase_order_item,Purchase Order Item,Data,varchar(140),,0,0,1,1,,
Subcontracting,Subcontracting Receipt Item,purchase_order,Purchase Order,Link,varchar(140),Purchase Order,0,0,1,1,,
Subcontracting,Subcontracting Receipt Item,include_exploded_items,Include Exploded Items,Check,smallint,,0,0,0,0,0,
Subcontracting,Subcontracting Receipt Item,use_serial_batch_fields,Use Serial No / Batch Fields,Check,smallint,,0,0,0,0,0,
Subcontracting,Subcontracting Receipt Item,job_card,Job Card,Link,varchar(140),Job Card,0,0,1,1,,
Subcontracting,Subcontracting Receipt Item,landed_cost_voucher_amount,Landed Cost Voucher Amount,Currency,"numeric(21,9)",,0,0,0,1,,
Subcontracting,Subcontracting Receipt Item,service_expense_account,Service Expense Account,Link,varchar(140),Account,0,0,0,0,,
Subcontracting,Subcontracting Receipt Item,secondary_item_type,Type,Select,varchar(140),Co-Product|By-Product|Scrap|Additional Finished Good,0,0,0,1,,
Subcontracting,Subcontracting Receipt Item,secondary_items_cost_per_qty,Secondary Items Cost Per Qty,Currency,"numeric(21,9)",Company:company:default_currency,0,0,0,1,0,
Subcontracting,Subcontracting Receipt Item,is_legacy_scrap_item,Is Legacy Scrap Item,Check,smallint,,0,0,0,1,0,
Subcontracting,Subcontracting Receipt Item,process_loss_qty,Process Loss Qty,Float,"numeric(21,9)",,0,0,0,0,0,
Subcontracting,Subcontracting Receipt Supplied Item,main_item_code,Item Code,Link,varchar(140),Item,0,0,0,1,,
Subcontracting,Subcontracting Receipt Supplied Item,rm_item_code,Raw Material Item Code,Link,varchar(140),Item,0,0,0,1,,
Subcontracting,Subcontracting Receipt Supplied Item,description,Description,Text Editor,text,,0,0,0,1,,
Subcontracting,Subcontracting Receipt Supplied Item,batch_no,Batch No,Link,varchar(140),Batch,0,0,0,0,,
Subcontracting,Subcontracting Receipt Supplied Item,serial_no,Serial No,Text,text,,0,0,0,0,,
Subcontracting,Subcontracting Receipt Supplied Item,required_qty,Required Qty,Float,"numeric(21,9)",,0,0,0,1,,
Subcontracting,Subcontracting Receipt Supplied Item,consumed_qty,Consumed Qty,Float,"numeric(21,9)",,1,0,0,1,,
Subcontracting,Subcontracting Receipt Supplied Item,stock_uom,Stock UOM,Link,varchar(140),UOM,0,0,0,1,,
Subcontracting,Subcontracting Receipt Supplied Item,rate,Rate,Currency,"numeric(21,9)",Company:company:default_currency,0,0,0,1,,
Subcontracting,Subcontracting Receipt Supplied Item,amount,Amount,Currency,"numeric(21,9)",Company:company:default_currency,0,0,0,1,,
Subcontracting,Subcontracting Receipt Supplied Item,conversion_factor,Conversion Factor,Float,"numeric(21,9)",,0,0,0,1,1,
Subcontracting,Subcontracting Receipt Supplied Item,current_stock,Current Stock,Float,"numeric(21,9)",,0,0,0,1,,
Subcontracting,Subcontracting Receipt Supplied Item,reference_name,Reference Name,Data,varchar(140),,0,0,0,1,,
Subcontracting,Subcontracting Receipt Supplied Item,bom_detail_no,BOM Detail No,Data,varchar(140),,0,0,0,1,,
Subcontracting,Subcontracting Receipt Supplied Item,item_name,Item Name,Data,varchar(140),,0,0,0,1,,
Subcontracting,Subcontracting Receipt Supplied Item,subcontracting_order,Subcontracting Order,Link,varchar(140),Subcontracting Order,0,0,0,1,,
Subcontracting,Subcontracting Receipt Supplied Item,available_qty_for_consumption,Available Qty For Consumption,Float,"numeric(21,9)",,0,0,0,1,0,
Subcontracting,Subcontracting Receipt Supplied Item,serial_and_batch_bundle,Serial / Batch Bundle,Link,varchar(140),Serial and Batch Bundle,0,0,0,0,,
Subcontracting,Subcontracting Receipt Supplied Item,use_serial_batch_fields,Use Serial No / Batch Fields,Check,smallint,,0,0,0,0,0,
Subcontracting,Subcontracting Receipt Supplied Item,expense_account,Expense Account,Link,varchar(140),Account,0,0,0,0,,
Subcontracting,Subcontracting Receipt Supplied Item,cost_center,Cost Center,Link,varchar(140),Cost Center,0,0,0,0,,
Support,Issue,naming_series,Series,Select,varchar(140),ISS-.YYYY.-,0,0,0,0,,
Support,Issue,subject,Subject,Data,varchar(140),,1,0,0,0,,
Support,Issue,customer,Customer,Link,varchar(140),Customer,0,0,1,0,,
Support,Issue,raised_by,Raised By (Email),Data,varchar(140),Email,0,0,0,0,,
Support,Issue,status,Status,Select,varchar(140),Open|Replied|On Hold|Resolved|Closed,0,0,1,0,Open,
Support,Issue,priority,Priority,Link,varchar(140),Issue Priority,0,0,0,0,,
Support,Issue,issue_type,Issue Type,Link,varchar(140),Issue Type,0,0,0,0,,
Support,Issue,description,Description,Text Editor,text,,0,0,0,0,,
Support,Issue,service_level_agreement,Service Level Agreement,Link,varchar(140),Service Level Agreement,0,0,0,0,,
Support,Issue,response_by,Response By,Datetime,timestamp,,0,0,0,1,,
Support,Issue,first_responded_on,First Responded On,Datetime,timestamp,,0,0,0,0,,
Support,Issue,lead,Lead,Link,varchar(140),Lead,0,0,0,0,,
Support,Issue,contact,Contact,Link,varchar(140),Contact,0,0,0,0,,
Support,Issue,email_account,Email Account,Link,varchar(140),Email Account,0,0,0,0,,
Support,Issue,customer_name,Customer Name,Data,varchar(140),,0,0,0,1,,
Support,Issue,project,Project,Link,varchar(140),Project,0,0,0,0,,
Support,Issue,company,Company,Link,varchar(140),Company,0,0,0,0,,email_account.company
Support,Issue,resolution_details,Resolution Details,Text Editor,text,,0,0,0,0,,
Support,Issue,opening_date,Opening Date,Date,date,,0,0,0,1,Today,
Support,Issue,opening_time,Opening Time,Time,time(6),,0,0,0,1,,
Support,Issue,content_type,Content Type,Data,varchar(140),,0,0,0,0,,
Support,Issue,attachment,Attachment,Attach,text,,0,0,0,0,,
Support,Issue,via_customer_portal,Via Customer Portal,Check,smallint,,0,0,0,0,0,
Support,Issue,service_level_agreement_creation,Service Level Agreement Creation,Datetime,timestamp,,0,0,0,1,,
Support,Issue,issue_split_from,Issue Split From,Link,varchar(140),Issue,0,0,0,1,,
Support,Issue,avg_response_time,Average Response Time,Duration,"numeric(21,9)",,0,0,0,1,,
Support,Issue,resolution_time,Resolution Time,Duration,"numeric(21,9)",,0,0,0,1,,
Support,Issue,user_resolution_time,User Resolution Time,Duration,"numeric(21,9)",,0,0,0,1,,
Support,Issue,on_hold_since,On Hold Since,Datetime,timestamp,,0,0,0,1,,
Support,Issue,total_hold_time,Total Hold Time,Duration,"numeric(21,9)",,0,0,0,1,,
Support,Issue,agreement_status,Service Level Agreement Status,Select,varchar(140),First Response Due|Resolution Due|Fulfilled|Failed,0,0,0,1,First Response Due,
Support,Issue,first_response_time,First Response Time,Duration,"numeric(21,9)",,0,0,0,1,,
Support,Issue,sla_resolution_by,Resolution By,Datetime,timestamp,,0,0,0,1,,
Support,Issue,sla_resolution_date,Resolution Date,Datetime,timestamp,,0,0,0,1,,
Support,Issue Priority,description,Description,Small Text,text,,0,0,0,0,,
Support,Issue Type,description,Description,Small Text,text,,0,0,0,0,,
Support,Pause SLA On Status,status,Status,Select,varchar(140),,1,0,0,0,,
Support,SLA Fulfilled On Status,status,Status,Select,varchar(140),,1,0,0,0,,
Support,Service Day,workday,Workday,Select,varchar(140),Monday|Tuesday|Wednesday|Thursday|Friday|Saturday|Sunday,1,0,0,0,,
Support,Service Day,start_time,Start Time,Time,time(6),,1,0,0,0,,
Support,Service Day,end_time,End Time,Time,time(6),,1,0,0,0,,
Support,Service Level Agreement,service_level,Service Level Name,Data,varchar(140),,1,0,0,0,,
Support,Service Level Agreement,holiday_list,Holiday List,Link,varchar(140),Holiday List,1,0,0,0,,
Support,Service Level Agreement,start_date,Start Date,Date,date,,0,0,0,0,,
Support,Service Level Agreement,end_date,End Date,Date,date,,0,0,0,0,,
Support,Service Level Agreement,entity,Entity,Dynamic Link,varchar(140),entity_type,0,0,0,0,,
Support,Service Level Agreement,entity_type,Entity Type,Select,varchar(140),Customer|Customer Group|Territory,0,0,0,0,,
Support,Service Level Agreement,default_service_level_agreement,Default Service Level Agreement,Check,smallint,,0,0,0,0,0,
Support,Service Level Agreement,default_priority,Default Priority,Link,varchar(140),Issue Priority,0,0,0,1,,
Support,Service Level Agreement,document_type,Apply On,Link,varchar(140),DocType,1,0,0,0,,
Support,Service Level Agreement,enabled,Enabled,Check,smallint,,0,0,0,0,1,
Support,Service Level Agreement,apply_sla_for_resolution,Apply SLA for Resolution Time,Check,smallint,,0,0,0,0,1,
Support,Service Level Agreement,condition,Condition,Code,text,PythonExpression,0,0,0,0,,
Support,Service Level Priority,priority,Priority,Link,varchar(140),Issue Priority,1,0,0,0,,
Support,Service Level Priority,resolution_time,Resolution Time,Duration,"numeric(21,9)",,0,0,0,0,,
Support,Service Level Priority,default_priority,Default Priority,Check,smallint,,0,0,0,0,0,
Support,Service Level Priority,response_time,First Response Time,Duration,"numeric(21,9)",,1,0,0,0,,
Support,Support Search Source,source_name,Source Name,Data,varchar(140),,0,0,0,0,,
Support,Support Search Source,source_type,Source Type,Select,varchar(140),API|Link,1,0,0,0,,
Support,Support Search Source,base_url,Base URL,Data,varchar(140),,0,0,0,0,,
Support,Support Search Source,query_route,Query Route String,Data,varchar(140),,0,0,0,0,,
Support,Support Search Source,search_term_param_name,Search Term Param Name,Data,varchar(140),,0,0,0,0,,
Support,Support Search Source,response_result_key_path,Response Result Key Path,Data,varchar(140),,0,0,0,0,,
Support,Support Search Source,post_route,Post Route String,Data,varchar(140),,0,0,0,0,,
Support,Support Search Source,post_route_key_list,Post Route Key List,Data,varchar(140),,0,0,0,0,,
Support,Support Search Source,post_title_key,Post Title Key,Data,varchar(140),,0,0,0,0,,
Support,Support Search Source,post_description_key,Post Description Key,Data,varchar(140),,0,0,0,0,,
Support,Support Search Source,source_doctype,Source DocType,Link,varchar(140),DocType,0,0,0,0,,
Support,Support Search Source,result_title_field,Result Title Field,Data,varchar(140),,0,0,0,0,,
Support,Support Search Source,result_preview_field,Result Preview Field,Data,varchar(140),,0,0,0,0,,
Support,Support Search Source,result_route_field,Result Route Field,Data,varchar(140),,0,0,0,0,,
Support,Support Settings,close_issue_after_days,Close Issue After Days,Int,integer,,0,0,0,0,7,
Support,Support Settings,get_started_sections,Get Started Sections,Code,text,,0,0,0,0,,
Support,Support Settings,show_latest_forum_posts,Show Latest Forum Posts,Check,smallint,,0,0,0,0,0,
Support,Support Settings,forum_url,Forum URL,Data,varchar(140),,0,0,0,0,,
Support,Support Settings,get_latest_query,Get Latest Query,Data,varchar(140),,0,0,0,0,,
Support,Support Settings,response_key_list,Response Key List,Data,varchar(140),,0,0,0,0,,
Support,Support Settings,post_title_key,Post Title Key,Data,varchar(140),,0,0,0,0,,
Support,Support Settings,post_description_key,Post Description Key,Data,varchar(140),,0,0,0,0,,
Support,Support Settings,post_route_key,Post Route Key,Data,varchar(140),,0,0,0,0,,
Support,Support Settings,post_route_string,Post Route String,Data,varchar(140),,0,0,0,0,,
Support,Support Settings,track_service_level_agreement,Track Service Level Agreement,Check,smallint,,0,0,0,0,0,
Support,Support Settings,allow_resetting_service_level_agreement,Allow Resetting Service Level Agreement,Check,smallint,,0,0,0,0,0,
Support,Support Settings,greeting_title,Greeting Title,Data,varchar(140),,0,0,0,0,We're here to help,
Support,Support Settings,greeting_subtitle,Greeting Subtitle,Data,varchar(140),,0,0,0,0,Browse help topics,
Support,Warranty Claim,naming_series,Series,Select,varchar(140),SER-WRN-.YYYY.-,1,0,0,0,,
Support,Warranty Claim,status,Status,Select,varchar(140),Open|Closed|Work In Progress|Cancelled,1,0,1,0,Open,
Support,Warranty Claim,complaint_date,Issue Date,Date,date,,1,0,1,0,Today,
Support,Warranty Claim,serial_no,Serial No,Link,varchar(140),Serial No,0,0,1,0,,
Support,Warranty Claim,customer,Customer,Link,varchar(140),Customer,1,0,1,0,,
Support,Warranty Claim,complaint,Issue,Text Editor,text,,1,0,0,0,,
Support,Warranty Claim,item_code,Item Code,Link,varchar(140),Item,0,0,1,0,,serial_no.item_code
Support,Warranty Claim,item_name,Item Name,Data,varchar(140),,0,0,0,1,,item_code.item_name
Support,Warranty Claim,description,Description,Small Text,text,,0,0,0,1,,item_code.description
Support,Warranty Claim,warranty_amc_status,Warranty / AMC Status,Select,varchar(140),Under Warranty|Out of Warranty|Under AMC|Out of AMC,0,0,1,0,,serial_no.maintenance_status
Support,Warranty Claim,warranty_expiry_date,Warranty Expiry Date,Date,date,,0,0,0,0,,serial_no.warranty_expiry_date
Support,Warranty Claim,amc_expiry_date,AMC Expiry Date,Date,date,,0,0,0,0,,serial_no.amc_expiry_date
Support,Warranty Claim,resolution_date,Resolution Date,Datetime,timestamp,,0,0,1,0,,
Support,Warranty Claim,resolved_by,Resolved By,Link,varchar(140),User,0,0,1,0,,
Support,Warranty Claim,resolution_details,Resolution Details,Text,text,,0,0,0,0,,
Support,Warranty Claim,customer_name,Customer Name,Data,varchar(140),,0,0,0,1,,customer.customer_name
Support,Warranty Claim,contact_person,Contact Person,Link,varchar(140),Contact,0,0,0,0,,
Support,Warranty Claim,contact_display,Contact,Small Text,text,,0,0,0,1,,
Support,Warranty Claim,contact_mobile,Mobile No,Data,varchar(140),Phone,0,0,0,1,,
Support,Warranty Claim,contact_email,Contact Email,Data,varchar(140),Email,0,0,0,1,,
Support,Warranty Claim,territory,Territory,Link,varchar(140),Territory,0,0,1,1,,
Support,Warranty Claim,customer_group,Customer Group,Link,varchar(140),Customer Group,0,0,0,1,,
Support,Warranty Claim,customer_address,Customer Address,Link,varchar(140),Address,0,0,0,0,,
Support,Warranty Claim,address_display,Address,Text Editor,text,,0,0,0,1,,
Support,Warranty Claim,service_address,Service Address,Small Text,text,,0,0,0,0,,
Support,Warranty Claim,company,Company,Link,varchar(140),Company,1,0,1,0,,
Support,Warranty Claim,complaint_raised_by,Raised By,Data,varchar(140),,0,0,0,0,,
Support,Warranty Claim,from_company,From Company,Data,varchar(140),,0,0,0,0,,
Support,Warranty Claim,amended_from,Amended From,Link,varchar(140),Warranty Claim,0,0,0,0,,
Telephony,Call Log,id,ID,Data,varchar(140),,0,1,0,1,,
Telephony,Call Log,from,From,Data,varchar(140),,0,0,0,1,,
Telephony,Call Log,to,To,Data,varchar(140),,0,0,0,1,,
Telephony,Call Log,status,Status,Select,varchar(140),Ringing|In Progress|Completed|Failed|Busy|No Answer|Queued|Cancelled,0,0,0,1,,
Telephony,Call Log,duration,Duration,Duration,"numeric(21,9)",,0,0,0,1,,
Telephony,Call Log,recording_url,Recording URL,Data,varchar(140),,0,0,0,0,,
Telephony,Call Log,medium,Medium,Data,varchar(140),,0,0,0,1,,
Telephony,Call Log,type,Type,Select,varchar(140),Incoming|Outgoing,0,0,0,1,,
Telephony,Call Log,summary,Summary,Small Text,text,,0,0,0,0,,
Telephony,Call Log,start_time,Start Time,Datetime,timestamp,,0,0,0,1,,
Telephony,Call Log,end_time,End Time,Datetime,timestamp,,0,0,0,1,,
Telephony,Call Log,customer,Customer,Link,varchar(140),Customer,0,0,0,1,,
Telephony,Call Log,employee_user_id,Employee User Id,Link,varchar(140),User,0,0,0,0,,
Telephony,Call Log,type_of_call,Type Of Call,Link,varchar(140),Telephony Call Type,0,0,0,0,,
Telephony,Call Log,call_received_by,Call Received By,Link,varchar(140),Employee,0,0,0,1,,
Telephony,Incoming Call Handling Schedule,day_of_week,Day Of Week,Select,varchar(140),Monday|Tuesday|Wednesday|Thursday|Friday|Saturday|Sunday,1,0,0,0,,
Telephony,Incoming Call Handling Schedule,from_time,From Time,Time,time(6),,1,0,0,0,9:00:00,
Telephony,Incoming Call Handling Schedule,to_time,To Time,Time,time(6),,1,0,0,0,17:00:00,
Telephony,Incoming Call Handling Schedule,agent_group,Agent Group,Link,varchar(140),Employee Group,1,0,0,0,,
Telephony,Incoming Call Settings,call_routing,Call Routing,Select,varchar(140),Sequential|Simultaneous,0,0,0,0,Sequential,
Telephony,Incoming Call Settings,greeting_message,Greeting Message,Data,varchar(140),,0,0,0,0,,
Telephony,Incoming Call Settings,agent_busy_message,Agent Busy Message,Data,varchar(140),,0,0,0,0,,
Telephony,Incoming Call Settings,agent_unavailable_message,Agent Unavailable Message,Data,varchar(140),,0,0,0,0,,
Telephony,Telephony Call Type,call_type,Call Type,Data,varchar(140),,1,1,0,0,,
Telephony,Telephony Call Type,amended_from,Amended From,Link,varchar(140),Telephony Call Type,0,0,0,1,,
Telephony,Voice Call Settings,user,User,Link,varchar(140),User,1,1,0,0,,
Telephony,Voice Call Settings,greeting_message,Greeting Message,Data,varchar(140),,0,0,0,0,,
Telephony,Voice Call Settings,agent_busy_message,Agent Busy Message,Data,varchar(140),,0,0,0,0,,
Telephony,Voice Call Settings,agent_unavailable_message,Agent Unavailable Message,Data,varchar(140),,0,0,0,0,,
Telephony,Voice Call Settings,call_receiving_device,Call Receiving Device,Select,varchar(140),Computer|Phone,0,0,0,0,Computer,
Utilities,Portal User,user,User,Link,varchar(140),User,1,0,1,0,,
Utilities,Rename Tool,select_doctype,Select DocType,Link,varchar(140),DocType,0,0,0,0,,
Utilities,Rename Tool,file_to_rename,File to Rename,Attach,text,,0,0,0,0,,
Utilities,Video,title,Title,Data,varchar(140),,1,1,0,0,,
Utilities,Video,provider,Provider,Select,varchar(140),YouTube|Vimeo,1,0,0,0,,
Utilities,Video,url,URL,Data,varchar(140),,1,0,0,0,,
Utilities,Video,publish_date,Publish Date,Date,date,,0,0,0,0,,
Utilities,Video,duration,Duration,Duration,"numeric(21,9)",,0,0,0,0,,
Utilities,Video,description,Description,Text Editor,text,,1,0,0,0,,
Utilities,Video,like_count,Likes,Float,"numeric(21,9)",,0,0,0,1,,
Utilities,Video,view_count,Views,Float,"numeric(21,9)",,0,0,0,1,,
Utilities,Video,dislike_count,Dislikes,Float,"numeric(21,9)",,0,0,0,1,,
Utilities,Video,comment_count,Comments,Float,"numeric(21,9)",,0,0,0,1,,
Utilities,Video,image,Image,Attach Image,text,,0,0,0,0,,
Utilities,Video,youtube_video_id,Youtube ID,Data,varchar(140),,0,0,0,1,,
Utilities,Video Settings,enable_youtube_tracking,Enable YouTube Tracking,Check,smallint,,0,0,0,0,0,
Utilities,Video Settings,api_key,API Key,Data,varchar(140),,0,0,0,0,,
Utilities,Video Settings,frequency,Frequency,Select,varchar(140),30 mins|1 hr|6 hrs|Daily,0,0,0,0,1 hr,
